[2026-06-19 04:49:15] local.ERROR: There are no commands defined in the "maken" namespace.

Did you mean this?
    make {"exception":"[object] (Symfony\\Component\\Console\\Exception\\NamespaceNotFoundException(code: 0): There are no commands defined in the \"maken\" namespace.

Did you mean this?
    make at C:/xampp/htdocs/ERP_model/vendor/symfony/console/Application.php:694)
[stacktrace]
#0 C:/xampp/htdocs/ERP_model/vendor/symfony/console/Application.php(743): Symfony/Component/Console/Application->findNamespace('maken')
#1 C:/xampp/htdocs/ERP_model/vendor/symfony/console/Application.php(298): Symfony/Component/Console/Application->find('maken:model')
#2 C:/xampp/htdocs/ERP_model/vendor/symfony/console/Application.php(195): Symfony/Component/Console/Application->doRun(Object(Symfony/Component/Console/Input/ArgvInput), Object(Symfony/Component/Console/Output/ConsoleOutput))
#3 C:/xampp/htdocs/ERP_model/vendor/laravel/framework/src/Illuminate/Foundation/Console/Kernel.php(198): Symfony/Component/Console/Application->run(Object(Symfony/Component/Console/Input/ArgvInput), Object(Symfony/Component/Console/Output/ConsoleOutput))
#4 C:/xampp/htdocs/ERP_model/vendor/laravel/framework/src/Illuminate/Foundation/Application.php(1235): Illuminate/Foundation/Console/Kernel->handle(Object(Symfony/Component/Console/Input/ArgvInput), Object(Symfony/Component/Console/Output/ConsoleOutput))
#5 C:/xampp/htdocs/ERP_model/artisan(16): Illuminate/Foundation/Application->handleCommand(Object(Symfony/Component/Console/Input/ArgvInput))
#6 {main}
"} 
[2026-06-19 04:50:11] local.ERROR: Too many arguments to "make:model" command, expected arguments "name". {"exception":"[object] (Symfony\\Component\\Console\\Exception\\RuntimeException(code: 0): Too many arguments to \"make:model\" command, expected arguments \"name\". at C:/xampp/htdocs/ERP_model/vendor/symfony/console/Input/ArgvInput.php:199)
[stacktrace]
#0 C:/xampp/htdocs/ERP_model/vendor/symfony/console/Input/ArgvInput.php(92): Symfony/Component/Console/Input/ArgvInput->parseArgument('Supplier.php')
#1 C:/xampp/htdocs/ERP_model/vendor/symfony/console/Input/ArgvInput.php(77): Symfony/Component/Console/Input/ArgvInput->parseToken('Supplier.php', true)
#2 C:/xampp/htdocs/ERP_model/vendor/symfony/console/Input/Input.php(53): Symfony/Component/Console/Input/ArgvInput->parse()
#3 C:/xampp/htdocs/ERP_model/vendor/symfony/console/Command/Command.php(295): Symfony/Component/Console/Input/Input->bind(Object(Symfony/Component/Console/Input/InputDefinition))
#4 C:/xampp/htdocs/ERP_model/vendor/laravel/framework/src/Illuminate/Console/Command.php(180): Symfony/Component/Console/Command/Command->run(Object(Symfony/Component/Console/Input/ArgvInput), Object(Illuminate/Console/OutputStyle))
#5 C:/xampp/htdocs/ERP_model/vendor/symfony/console/Application.php(1117): Illuminate/Console/Command->run(Object(Symfony/Component/Console/Input/ArgvInput), Object(Symfony/Component/Console/Output/ConsoleOutput))
#6 C:/xampp/htdocs/ERP_model/vendor/symfony/console/Application.php(356): Symfony/Component/Console/Application->doRunCommand(Object(Illuminate/Foundation/Console/ModelMakeCommand), Object(Symfony/Component/Console/Input/ArgvInput), Object(Symfony/Component/Console/Output/ConsoleOutput))
#7 C:/xampp/htdocs/ERP_model/vendor/symfony/console/Application.php(195): Symfony/Component/Console/Application->doRun(Object(Symfony/Component/Console/Input/ArgvInput), Object(Symfony/Component/Console/Output/ConsoleOutput))
#8 C:/xampp/htdocs/ERP_model/vendor/laravel/framework/src/Illuminate/Foundation/Console/Kernel.php(198): Symfony/Component/Console/Application->run(Object(Symfony/Component/Console/Input/ArgvInput), Object(Symfony/Component/Console/Output/ConsoleOutput))
#9 C:/xampp/htdocs/ERP_model/vendor/laravel/framework/src/Illuminate/Foundation/Application.php(1235): Illuminate/Foundation/Console/Kernel->handle(Object(Symfony/Component/Console/Input/ArgvInput), Object(Symfony/Component/Console/Output/ConsoleOutput))
#10 C:/xampp/htdocs/ERP_model/artisan(16): Illuminate/Foundation/Application->handleCommand(Object(Symfony/Component/Console/Input/ArgvInput))
#11 {main}
"} 
[2026-06-19 05:07:21] local.ERROR: Command "make:seeders" is not defined.

Did you mean one of these?
    make:cache-table
    make:cast
    make:channel
    make:class
    make:command
    make:component
    make:config
    make:controller
    make:enum
    make:event
    make:exception
    make:factory
    make:interface
    make:job
    make:job-middleware
    make:listener
    make:mail
    make:middleware
    make:migration
    make:model
    make:notification
    make:notifications-table
    make:observer
    make:policy
    make:provider
    make:queue-batches-table
    make:queue-failed-table
    make:queue-table
    make:request
    make:resource
    make:rule
    make:scope
    make:seeder
    make:session-table
    make:test
    make:trait
    make:view {"exception":"[object] (Symfony\\Component\\Console\\Exception\\CommandNotFoundException(code: 0): Command \"make:seeders\" is not defined.

Did you mean one of these?
    make:cache-table
    make:cast
    make:channel
    make:class
    make:command
    make:component
    make:config
    make:controller
    make:enum
    make:event
    make:exception
    make:factory
    make:interface
    make:job
    make:job-middleware
    make:listener
    make:mail
    make:middleware
    make:migration
    make:model
    make:notification
    make:notifications-table
    make:observer
    make:policy
    make:provider
    make:queue-batches-table
    make:queue-failed-table
    make:queue-table
    make:request
    make:resource
    make:rule
    make:scope
    make:seeder
    make:session-table
    make:test
    make:trait
    make:view at C:/xampp/htdocs/ERP_model/vendor/symfony/console/Application.php:759)
[stacktrace]
#0 C:/xampp/htdocs/ERP_model/vendor/symfony/console/Application.php(298): Symfony/Component/Console/Application->find('make:seeders')
#1 C:/xampp/htdocs/ERP_model/vendor/symfony/console/Application.php(195): Symfony/Component/Console/Application->doRun(Object(Symfony/Component/Console/Input/ArgvInput), Object(Symfony/Component/Console/Output/ConsoleOutput))
#2 C:/xampp/htdocs/ERP_model/vendor/laravel/framework/src/Illuminate/Foundation/Console/Kernel.php(198): Symfony/Component/Console/Application->run(Object(Symfony/Component/Console/Input/ArgvInput), Object(Symfony/Component/Console/Output/ConsoleOutput))
#3 C:/xampp/htdocs/ERP_model/vendor/laravel/framework/src/Illuminate/Foundation/Application.php(1235): Illuminate/Foundation/Console/Kernel->handle(Object(Symfony/Component/Console/Input/ArgvInput), Object(Symfony/Component/Console/Output/ConsoleOutput))
#4 C:/xampp/htdocs/ERP_model/artisan(16): Illuminate/Foundation/Application->handleCommand(Object(Symfony/Component/Console/Input/ArgvInput))
#5 {main}
"} 
[2026-06-19 05:39:46] local.ERROR: require(C:\xampp\htdocs\ERP_model\routes/auth.php): Failed to open stream: No such file or directory {"exception":"[object] (ErrorException(code: 0): require(C:\\xampp\\htdocs\\ERP_model\\routes/auth.php): Failed to open stream: No such file or directory at C:/xampp/htdocs/ERP_model/routes/web.php:39)
[stacktrace]
#0 C:/xampp/htdocs/ERP_model/vendor/laravel/framework/src/Illuminate/Foundation/Bootstrap/HandleExceptions.php(262): Illuminate/Foundation/Bootstrap/HandleExceptions->handleError(2, 'require(C://xamp...', 'C://xampp//htdocs...', 39)
#1 C:/xampp/htdocs/ERP_model/routes/web.php(39): Illuminate/Foundation/Bootstrap/HandleExceptions->Illuminate/Foundation/Bootstrap/{closure}(2, 'require(C://xamp...', 'C://xampp//htdocs...', 39)
#2 C:/xampp/htdocs/ERP_model/routes/web.php(39): require('C://xampp//htdocs...')
#3 C:/xampp/htdocs/ERP_model/vendor/laravel/framework/src/Illuminate/Routing/RouteFileRegistrar.php(34): require('C://xampp//htdocs...')
#4 C:/xampp/htdocs/ERP_model/vendor/laravel/framework/src/Illuminate/Routing/Router.php(526): Illuminate/Routing/RouteFileRegistrar->register('C://xampp//htdocs...')
#5 C:/xampp/htdocs/ERP_model/vendor/laravel/framework/src/Illuminate/Routing/Router.php(480): Illuminate/Routing/Router->loadRoutes('C://xampp//htdocs...')
#6 C:/xampp/htdocs/ERP_model/vendor/laravel/framework/src/Illuminate/Routing/RouteRegistrar.php(212): Illuminate/Routing/Router->group(Array, 'C://xampp//htdocs...')
#7 C:/xampp/htdocs/ERP_model/vendor/laravel/framework/src/Illuminate/Foundation/Configuration/ApplicationBuilder.php(248): Illuminate/Routing/RouteRegistrar->group('C://xampp//htdocs...')
#8 C:/xampp/htdocs/ERP_model/vendor/laravel/framework/src/Illuminate/Container/BoundMethod.php(36): Illuminate/Foundation/Configuration/ApplicationBuilder->Illuminate/Foundation/Configuration/{closure}()
#9 C:/xampp/htdocs/ERP_model/vendor/laravel/framework/src/Illuminate/Container/Util.php(43): Illuminate/Container/BoundMethod::Illuminate/Container/{closure}()
#10 C:/xampp/htdocs/ERP_model/vendor/laravel/framework/src/Illuminate/Container/BoundMethod.php(84): Illuminate/Container/Util::unwrapIfClosure(Object(Closure))
#11 C:/xampp/htdocs/ERP_model/vendor/laravel/framework/src/Illuminate/Container/BoundMethod.php(35): Illuminate/Container/BoundMethod::callBoundMethod(Object(Illuminate/Foundation/Application), Object(Closure), Object(Closure))
#12 C:/xampp/htdocs/ERP_model/vendor/laravel/framework/src/Illuminate/Container/Container.php(799): Illuminate/Container/BoundMethod::call(Object(Illuminate/Foundation/Application), Object(Closure), Array, NULL)
#13 C:/xampp/htdocs/ERP_model/vendor/laravel/framework/src/Illuminate/Foundation/Support/Providers/RouteServiceProvider.php(162): Illuminate/Container/Container->call(Object(Closure))
#14 C:/xampp/htdocs/ERP_model/vendor/laravel/framework/src/Illuminate/Foundation/Support/Providers/RouteServiceProvider.php(59): Illuminate/Foundation/Support/Providers/RouteServiceProvider->loadRoutes()
#15 C:/xampp/htdocs/ERP_model/vendor/laravel/framework/src/Illuminate/Container/BoundMethod.php(36): Illuminate/Foundation/Support/Providers/RouteServiceProvider->Illuminate/Foundation/Support/Providers/{closure}()
#16 C:/xampp/htdocs/ERP_model/vendor/laravel/framework/src/Illuminate/Container/Util.php(43): Illuminate/Container/BoundMethod::Illuminate/Container/{closure}()
#17 C:/xampp/htdocs/ERP_model/vendor/laravel/framework/src/Illuminate/Container/BoundMethod.php(84): Illuminate/Container/Util::unwrapIfClosure(Object(Closure))
#18 C:/xampp/htdocs/ERP_model/vendor/laravel/framework/src/Illuminate/Container/BoundMethod.php(35): Illuminate/Container/BoundMethod::callBoundMethod(Object(Illuminate/Foundation/Application), Object(Closure), Object(Closure))
#19 C:/xampp/htdocs/ERP_model/vendor/laravel/framework/src/Illuminate/Container/Container.php(799): Illuminate/Container/BoundMethod::call(Object(Illuminate/Foundation/Application), Object(Closure), Array, NULL)
#20 C:/xampp/htdocs/ERP_model/vendor/laravel/framework/src/Illuminate/Support/ServiceProvider.php(150): Illuminate/Container/Container->call(Object(Closure))
#21 C:/xampp/htdocs/ERP_model/vendor/laravel/framework/src/Illuminate/Foundation/Application.php(1154): Illuminate/Support/ServiceProvider->callBootedCallbacks()
#22 C:/xampp/htdocs/ERP_model/vendor/laravel/framework/src/Illuminate/Foundation/Application.php(1132): Illuminate/Foundation/Application->bootProvider(Object(Illuminate/Foundation/Support/Providers/RouteServiceProvider))
#23 [internal function]: Illuminate/Foundation/Application->Illuminate/Foundation/{closure}(Object(Illuminate/Foundation/Support/Providers/RouteServiceProvider), 'Illuminate//Foun...')
#24 C:/xampp/htdocs/ERP_model/vendor/laravel/framework/src/Illuminate/Foundation/Application.php(1131): array_walk(Array, Object(Closure))
#25 C:/xampp/htdocs/ERP_model/vendor/laravel/framework/src/Illuminate/Foundation/Bootstrap/BootProviders.php(17): Illuminate/Foundation/Application->boot()
#26 C:/xampp/htdocs/ERP_model/vendor/laravel/framework/src/Illuminate/Foundation/Application.php(342): Illuminate/Foundation/Bootstrap/BootProviders->bootstrap(Object(Illuminate/Foundation/Application))
#27 C:/xampp/htdocs/ERP_model/vendor/laravel/framework/src/Illuminate/Foundation/Http/Kernel.php(186): Illuminate/Foundation/Application->bootstrapWith(Array)
#28 C:/xampp/htdocs/ERP_model/vendor/laravel/framework/src/Illuminate/Foundation/Http/Kernel.php(170): Illuminate/Foundation/Http/Kernel->bootstrap()
#29 C:/xampp/htdocs/ERP_model/vendor/laravel/framework/src/Illuminate/Foundation/Http/Kernel.php(144): Illuminate/Foundation/Http/Kernel->sendRequestThroughRouter(Object(Illuminate/Http/Request))
#30 C:/xampp/htdocs/ERP_model/vendor/laravel/framework/src/Illuminate/Foundation/Application.php(1220): Illuminate/Foundation/Http/Kernel->handle(Object(Illuminate/Http/Request))
#31 C:/xampp/htdocs/ERP_model/public/index.php(20): Illuminate/Foundation/Application->handleRequest(Object(Illuminate/Http/Request))
#32 C:/xampp/htdocs/ERP_model/vendor/laravel/framework/src/Illuminate/Foundation/resources/server.php(23): require_once('C://xampp//htdocs...')
#33 {main}
"} 
[2026-06-19 05:55:08] local.ERROR: Invalid route action: [App\Http\Controllers\Auth\EmailVerificationPromptController]. {"exception":"[object] (UnexpectedValueException(code: 0): Invalid route action: [App\\Http\\Controllers\\Auth\\EmailVerificationPromptController]. at C:/xampp/htdocs/ERP_model/vendor/laravel/framework/src/Illuminate/Routing/RouteAction.php:92)
[stacktrace]
#0 C:/xampp/htdocs/ERP_model/vendor/laravel/framework/src/Illuminate/Routing/RouteAction.php(47): Illuminate/Routing/RouteAction::makeInvokable('App//Http//Contro...')
#1 C:/xampp/htdocs/ERP_model/vendor/laravel/framework/src/Illuminate/Routing/Route.php(197): Illuminate/Routing/RouteAction::parse('verify-email', Array)
#2 C:/xampp/htdocs/ERP_model/vendor/laravel/framework/src/Illuminate/Routing/Route.php(178): Illuminate/Routing/Route->parseAction(Array)
#3 C:/xampp/htdocs/ERP_model/vendor/laravel/framework/src/Illuminate/Routing/Router.php(685): Illuminate/Routing/Route->__construct(Array, 'verify-email', Array)
#4 C:/xampp/htdocs/ERP_model/vendor/laravel/framework/src/Illuminate/Routing/Router.php(576): Illuminate/Routing/Router->newRoute(Array, 'verify-email', Array)
#5 C:/xampp/htdocs/ERP_model/vendor/laravel/framework/src/Illuminate/Routing/Router.php(556): Illuminate/Routing/Router->createRoute(Array, 'verify-email', Array)
#6 C:/xampp/htdocs/ERP_model/vendor/laravel/framework/src/Illuminate/Routing/Router.php(160): Illuminate/Routing/Router->addRoute(Array, 'verify-email', 'App//Http//Contro...')
#7 C:/xampp/htdocs/ERP_model/vendor/laravel/framework/src/Illuminate/Support/Facades/Facade.php(363): Illuminate/Routing/Router->get('verify-email', 'App//Http//Contro...')
#8 C:/xampp/htdocs/ERP_model/routes/auth.php(39): Illuminate/Support/Facades/Facade::__callStatic('get', Array)
#9 C:/xampp/htdocs/ERP_model/vendor/laravel/framework/src/Illuminate/Routing/Router.php(524): Illuminate/Routing/RouteFileRegistrar->{closure}(Object(Illuminate/Routing/Router))
#10 C:/xampp/htdocs/ERP_model/vendor/laravel/framework/src/Illuminate/Routing/Router.php(480): Illuminate/Routing/Router->loadRoutes(Object(Closure))
#11 C:/xampp/htdocs/ERP_model/vendor/laravel/framework/src/Illuminate/Routing/RouteRegistrar.php(212): Illuminate/Routing/Router->group(Array, Object(Closure))
#12 C:/xampp/htdocs/ERP_model/routes/auth.php(38): Illuminate/Routing/RouteRegistrar->group(Object(Closure))
#13 C:/xampp/htdocs/ERP_model/routes/web.php(39): require('C://xampp//htdocs...')
#14 C:/xampp/htdocs/ERP_model/vendor/laravel/framework/src/Illuminate/Routing/RouteFileRegistrar.php(34): require('C://xampp//htdocs...')
#15 C:/xampp/htdocs/ERP_model/vendor/laravel/framework/src/Illuminate/Routing/Router.php(526): Illuminate/Routing/RouteFileRegistrar->register('C://xampp//htdocs...')
#16 C:/xampp/htdocs/ERP_model/vendor/laravel/framework/src/Illuminate/Routing/Router.php(480): Illuminate/Routing/Router->loadRoutes('C://xampp//htdocs...')
#17 C:/xampp/htdocs/ERP_model/vendor/laravel/framework/src/Illuminate/Routing/RouteRegistrar.php(212): Illuminate/Routing/Router->group(Array, 'C://xampp//htdocs...')
#18 C:/xampp/htdocs/ERP_model/vendor/laravel/framework/src/Illuminate/Foundation/Configuration/ApplicationBuilder.php(248): Illuminate/Routing/RouteRegistrar->group('C://xampp//htdocs...')
#19 C:/xampp/htdocs/ERP_model/vendor/laravel/framework/src/Illuminate/Container/BoundMethod.php(36): Illuminate/Foundation/Configuration/ApplicationBuilder->Illuminate/Foundation/Configuration/{closure}()
#20 C:/xampp/htdocs/ERP_model/vendor/laravel/framework/src/Illuminate/Container/Util.php(43): Illuminate/Container/BoundMethod::Illuminate/Container/{closure}()
#21 C:/xampp/htdocs/ERP_model/vendor/laravel/framework/src/Illuminate/Container/BoundMethod.php(84): Illuminate/Container/Util::unwrapIfClosure(Object(Closure))
#22 C:/xampp/htdocs/ERP_model/vendor/laravel/framework/src/Illuminate/Container/BoundMethod.php(35): Illuminate/Container/BoundMethod::callBoundMethod(Object(Illuminate/Foundation/Application), Object(Closure), Object(Closure))
#23 C:/xampp/htdocs/ERP_model/vendor/laravel/framework/src/Illuminate/Container/Container.php(799): Illuminate/Container/BoundMethod::call(Object(Illuminate/Foundation/Application), Object(Closure), Array, NULL)
#24 C:/xampp/htdocs/ERP_model/vendor/laravel/framework/src/Illuminate/Foundation/Support/Providers/RouteServiceProvider.php(162): Illuminate/Container/Container->call(Object(Closure))
#25 C:/xampp/htdocs/ERP_model/vendor/laravel/framework/src/Illuminate/Foundation/Support/Providers/RouteServiceProvider.php(59): Illuminate/Foundation/Support/Providers/RouteServiceProvider->loadRoutes()
#26 C:/xampp/htdocs/ERP_model/vendor/laravel/framework/src/Illuminate/Container/BoundMethod.php(36): Illuminate/Foundation/Support/Providers/RouteServiceProvider->Illuminate/Foundation/Support/Providers/{closure}()
#27 C:/xampp/htdocs/ERP_model/vendor/laravel/framework/src/Illuminate/Container/Util.php(43): Illuminate/Container/BoundMethod::Illuminate/Container/{closure}()
#28 C:/xampp/htdocs/ERP_model/vendor/laravel/framework/src/Illuminate/Container/BoundMethod.php(84): Illuminate/Container/Util::unwrapIfClosure(Object(Closure))
#29 C:/xampp/htdocs/ERP_model/vendor/laravel/framework/src/Illuminate/Container/BoundMethod.php(35): Illuminate/Container/BoundMethod::callBoundMethod(Object(Illuminate/Foundation/Application), Object(Closure), Object(Closure))
#30 C:/xampp/htdocs/ERP_model/vendor/laravel/framework/src/Illuminate/Container/Container.php(799): Illuminate/Container/BoundMethod::call(Object(Illuminate/Foundation/Application), Object(Closure), Array, NULL)
#31 C:/xampp/htdocs/ERP_model/vendor/laravel/framework/src/Illuminate/Support/ServiceProvider.php(150): Illuminate/Container/Container->call(Object(Closure))
#32 C:/xampp/htdocs/ERP_model/vendor/laravel/framework/src/Illuminate/Foundation/Application.php(1154): Illuminate/Support/ServiceProvider->callBootedCallbacks()
#33 C:/xampp/htdocs/ERP_model/vendor/laravel/framework/src/Illuminate/Foundation/Application.php(1132): Illuminate/Foundation/Application->bootProvider(Object(Illuminate/Foundation/Support/Providers/RouteServiceProvider))
#34 [internal function]: Illuminate/Foundation/Application->Illuminate/Foundation/{closure}(Object(Illuminate/Foundation/Support/Providers/RouteServiceProvider), 'Illuminate//Foun...')
#35 C:/xampp/htdocs/ERP_model/vendor/laravel/framework/src/Illuminate/Foundation/Application.php(1131): array_walk(Array, Object(Closure))
#36 C:/xampp/htdocs/ERP_model/vendor/laravel/framework/src/Illuminate/Foundation/Bootstrap/BootProviders.php(17): Illuminate/Foundation/Application->boot()
#37 C:/xampp/htdocs/ERP_model/vendor/laravel/framework/src/Illuminate/Foundation/Application.php(342): Illuminate/Foundation/Bootstrap/BootProviders->bootstrap(Object(Illuminate/Foundation/Application))
#38 C:/xampp/htdocs/ERP_model/vendor/laravel/framework/src/Illuminate/Foundation/Http/Kernel.php(186): Illuminate/Foundation/Application->bootstrapWith(Array)
#39 C:/xampp/htdocs/ERP_model/vendor/laravel/framework/src/Illuminate/Foundation/Http/Kernel.php(170): Illuminate/Foundation/Http/Kernel->bootstrap()
#40 C:/xampp/htdocs/ERP_model/vendor/laravel/framework/src/Illuminate/Foundation/Http/Kernel.php(144): Illuminate/Foundation/Http/Kernel->sendRequestThroughRouter(Object(Illuminate/Http/Request))
#41 C:/xampp/htdocs/ERP_model/vendor/laravel/framework/src/Illuminate/Foundation/Application.php(1220): Illuminate/Foundation/Http/Kernel->handle(Object(Illuminate/Http/Request))
#42 C:/xampp/htdocs/ERP_model/public/index.php(20): Illuminate/Foundation/Application->handleRequest(Object(Illuminate/Http/Request))
#43 C:/xampp/htdocs/ERP_model/vendor/laravel/framework/src/Illuminate/Foundation/resources/server.php(23): require_once('C://xampp//htdocs...')
#44 {main}
"} 
[2026-06-19 05:56:15] local.ERROR: Invalid route action: [App\Http\Controllers\Auth\EmailVerificationPromptController]. {"exception":"[object] (UnexpectedValueException(code: 0): Invalid route action: [App\\Http\\Controllers\\Auth\\EmailVerificationPromptController]. at C:/xampp/htdocs/ERP_model/vendor/laravel/framework/src/Illuminate/Routing/RouteAction.php:92)
[stacktrace]
#0 C:/xampp/htdocs/ERP_model/vendor/laravel/framework/src/Illuminate/Routing/RouteAction.php(47): Illuminate/Routing/RouteAction::makeInvokable('App//Http//Contro...')
#1 C:/xampp/htdocs/ERP_model/vendor/laravel/framework/src/Illuminate/Routing/Route.php(197): Illuminate/Routing/RouteAction::parse('verify-email', Array)
#2 C:/xampp/htdocs/ERP_model/vendor/laravel/framework/src/Illuminate/Routing/Route.php(178): Illuminate/Routing/Route->parseAction(Array)
#3 C:/xampp/htdocs/ERP_model/vendor/laravel/framework/src/Illuminate/Routing/Router.php(685): Illuminate/Routing/Route->__construct(Array, 'verify-email', Array)
#4 C:/xampp/htdocs/ERP_model/vendor/laravel/framework/src/Illuminate/Routing/Router.php(576): Illuminate/Routing/Router->newRoute(Array, 'verify-email', Array)
#5 C:/xampp/htdocs/ERP_model/vendor/laravel/framework/src/Illuminate/Routing/Router.php(556): Illuminate/Routing/Router->createRoute(Array, 'verify-email', Array)
#6 C:/xampp/htdocs/ERP_model/vendor/laravel/framework/src/Illuminate/Routing/Router.php(160): Illuminate/Routing/Router->addRoute(Array, 'verify-email', 'App//Http//Contro...')
#7 C:/xampp/htdocs/ERP_model/vendor/laravel/framework/src/Illuminate/Support/Facades/Facade.php(363): Illuminate/Routing/Router->get('verify-email', 'App//Http//Contro...')
#8 C:/xampp/htdocs/ERP_model/routes/auth.php(39): Illuminate/Support/Facades/Facade::__callStatic('get', Array)
#9 C:/xampp/htdocs/ERP_model/vendor/laravel/framework/src/Illuminate/Routing/Router.php(524): Illuminate/Routing/RouteFileRegistrar->{closure}(Object(Illuminate/Routing/Router))
#10 C:/xampp/htdocs/ERP_model/vendor/laravel/framework/src/Illuminate/Routing/Router.php(480): Illuminate/Routing/Router->loadRoutes(Object(Closure))
#11 C:/xampp/htdocs/ERP_model/vendor/laravel/framework/src/Illuminate/Routing/RouteRegistrar.php(212): Illuminate/Routing/Router->group(Array, Object(Closure))
#12 C:/xampp/htdocs/ERP_model/routes/auth.php(38): Illuminate/Routing/RouteRegistrar->group(Object(Closure))
#13 C:/xampp/htdocs/ERP_model/routes/web.php(39): require('C://xampp//htdocs...')
#14 C:/xampp/htdocs/ERP_model/vendor/laravel/framework/src/Illuminate/Routing/RouteFileRegistrar.php(34): require('C://xampp//htdocs...')
#15 C:/xampp/htdocs/ERP_model/vendor/laravel/framework/src/Illuminate/Routing/Router.php(526): Illuminate/Routing/RouteFileRegistrar->register('C://xampp//htdocs...')
#16 C:/xampp/htdocs/ERP_model/vendor/laravel/framework/src/Illuminate/Routing/Router.php(480): Illuminate/Routing/Router->loadRoutes('C://xampp//htdocs...')
#17 C:/xampp/htdocs/ERP_model/vendor/laravel/framework/src/Illuminate/Routing/RouteRegistrar.php(212): Illuminate/Routing/Router->group(Array, 'C://xampp//htdocs...')
#18 C:/xampp/htdocs/ERP_model/vendor/laravel/framework/src/Illuminate/Foundation/Configuration/ApplicationBuilder.php(248): Illuminate/Routing/RouteRegistrar->group('C://xampp//htdocs...')
#19 C:/xampp/htdocs/ERP_model/vendor/laravel/framework/src/Illuminate/Container/BoundMethod.php(36): Illuminate/Foundation/Configuration/ApplicationBuilder->Illuminate/Foundation/Configuration/{closure}()
#20 C:/xampp/htdocs/ERP_model/vendor/laravel/framework/src/Illuminate/Container/Util.php(43): Illuminate/Container/BoundMethod::Illuminate/Container/{closure}()
#21 C:/xampp/htdocs/ERP_model/vendor/laravel/framework/src/Illuminate/Container/BoundMethod.php(84): Illuminate/Container/Util::unwrapIfClosure(Object(Closure))
#22 C:/xampp/htdocs/ERP_model/vendor/laravel/framework/src/Illuminate/Container/BoundMethod.php(35): Illuminate/Container/BoundMethod::callBoundMethod(Object(Illuminate/Foundation/Application), Object(Closure), Object(Closure))
#23 C:/xampp/htdocs/ERP_model/vendor/laravel/framework/src/Illuminate/Container/Container.php(799): Illuminate/Container/BoundMethod::call(Object(Illuminate/Foundation/Application), Object(Closure), Array, NULL)
#24 C:/xampp/htdocs/ERP_model/vendor/laravel/framework/src/Illuminate/Foundation/Support/Providers/RouteServiceProvider.php(162): Illuminate/Container/Container->call(Object(Closure))
#25 C:/xampp/htdocs/ERP_model/vendor/laravel/framework/src/Illuminate/Foundation/Support/Providers/RouteServiceProvider.php(59): Illuminate/Foundation/Support/Providers/RouteServiceProvider->loadRoutes()
#26 C:/xampp/htdocs/ERP_model/vendor/laravel/framework/src/Illuminate/Container/BoundMethod.php(36): Illuminate/Foundation/Support/Providers/RouteServiceProvider->Illuminate/Foundation/Support/Providers/{closure}()
#27 C:/xampp/htdocs/ERP_model/vendor/laravel/framework/src/Illuminate/Container/Util.php(43): Illuminate/Container/BoundMethod::Illuminate/Container/{closure}()
#28 C:/xampp/htdocs/ERP_model/vendor/laravel/framework/src/Illuminate/Container/BoundMethod.php(84): Illuminate/Container/Util::unwrapIfClosure(Object(Closure))
#29 C:/xampp/htdocs/ERP_model/vendor/laravel/framework/src/Illuminate/Container/BoundMethod.php(35): Illuminate/Container/BoundMethod::callBoundMethod(Object(Illuminate/Foundation/Application), Object(Closure), Object(Closure))
#30 C:/xampp/htdocs/ERP_model/vendor/laravel/framework/src/Illuminate/Container/Container.php(799): Illuminate/Container/BoundMethod::call(Object(Illuminate/Foundation/Application), Object(Closure), Array, NULL)
#31 C:/xampp/htdocs/ERP_model/vendor/laravel/framework/src/Illuminate/Support/ServiceProvider.php(150): Illuminate/Container/Container->call(Object(Closure))
#32 C:/xampp/htdocs/ERP_model/vendor/laravel/framework/src/Illuminate/Foundation/Application.php(1154): Illuminate/Support/ServiceProvider->callBootedCallbacks()
#33 C:/xampp/htdocs/ERP_model/vendor/laravel/framework/src/Illuminate/Foundation/Application.php(1132): Illuminate/Foundation/Application->bootProvider(Object(Illuminate/Foundation/Support/Providers/RouteServiceProvider))
#34 [internal function]: Illuminate/Foundation/Application->Illuminate/Foundation/{closure}(Object(Illuminate/Foundation/Support/Providers/RouteServiceProvider), 'Illuminate//Foun...')
#35 C:/xampp/htdocs/ERP_model/vendor/laravel/framework/src/Illuminate/Foundation/Application.php(1131): array_walk(Array, Object(Closure))
#36 C:/xampp/htdocs/ERP_model/vendor/laravel/framework/src/Illuminate/Foundation/Bootstrap/BootProviders.php(17): Illuminate/Foundation/Application->boot()
#37 C:/xampp/htdocs/ERP_model/vendor/laravel/framework/src/Illuminate/Foundation/Application.php(342): Illuminate/Foundation/Bootstrap/BootProviders->bootstrap(Object(Illuminate/Foundation/Application))
#38 C:/xampp/htdocs/ERP_model/vendor/laravel/framework/src/Illuminate/Foundation/Console/Kernel.php(494): Illuminate/Foundation/Application->bootstrapWith(Array)
#39 C:/xampp/htdocs/ERP_model/vendor/laravel/framework/src/Illuminate/Foundation/Console/Kernel.php(196): Illuminate/Foundation/Console/Kernel->bootstrap()
#40 C:/xampp/htdocs/ERP_model/vendor/laravel/framework/src/Illuminate/Foundation/Application.php(1235): Illuminate/Foundation/Console/Kernel->handle(Object(Symfony/Component/Console/Input/ArgvInput), Object(Symfony/Component/Console/Output/ConsoleOutput))
#41 C:/xampp/htdocs/ERP_model/artisan(16): Illuminate/Foundation/Application->handleCommand(Object(Symfony/Component/Console/Input/ArgvInput))
#42 {main}
"} 
[2026-06-19 06:03:14] local.ERROR: Invalid route action: [App\Http\Controllers\Auth\VerifyEmailController]. {"exception":"[object] (UnexpectedValueException(code: 0): Invalid route action: [App\\Http\\Controllers\\Auth\\VerifyEmailController]. at C:/xampp/htdocs/ERP_model/vendor/laravel/framework/src/Illuminate/Routing/RouteAction.php:92)
[stacktrace]
#0 C:/xampp/htdocs/ERP_model/vendor/laravel/framework/src/Illuminate/Routing/RouteAction.php(47): Illuminate/Routing/RouteAction::makeInvokable('App//Http//Contro...')
#1 C:/xampp/htdocs/ERP_model/vendor/laravel/framework/src/Illuminate/Routing/Route.php(197): Illuminate/Routing/RouteAction::parse('verify-email/{i...', Array)
#2 C:/xampp/htdocs/ERP_model/vendor/laravel/framework/src/Illuminate/Routing/Route.php(178): Illuminate/Routing/Route->parseAction(Array)
#3 C:/xampp/htdocs/ERP_model/vendor/laravel/framework/src/Illuminate/Routing/Router.php(685): Illuminate/Routing/Route->__construct(Array, 'verify-email/{i...', Array)
#4 C:/xampp/htdocs/ERP_model/vendor/laravel/framework/src/Illuminate/Routing/Router.php(576): Illuminate/Routing/Router->newRoute(Array, 'verify-email/{i...', Array)
#5 C:/xampp/htdocs/ERP_model/vendor/laravel/framework/src/Illuminate/Routing/Router.php(556): Illuminate/Routing/Router->createRoute(Array, 'verify-email/{i...', Array)
#6 C:/xampp/htdocs/ERP_model/vendor/laravel/framework/src/Illuminate/Routing/Router.php(160): Illuminate/Routing/Router->addRoute(Array, 'verify-email/{i...', 'App//Http//Contro...')
#7 C:/xampp/htdocs/ERP_model/vendor/laravel/framework/src/Illuminate/Support/Facades/Facade.php(363): Illuminate/Routing/Router->get('verify-email/{i...', 'App//Http//Contro...')
#8 C:/xampp/htdocs/ERP_model/routes/auth.php(42): Illuminate/Support/Facades/Facade::__callStatic('get', Array)
#9 C:/xampp/htdocs/ERP_model/vendor/laravel/framework/src/Illuminate/Routing/Router.php(524): Illuminate/Routing/RouteFileRegistrar->{closure}(Object(Illuminate/Routing/Router))
#10 C:/xampp/htdocs/ERP_model/vendor/laravel/framework/src/Illuminate/Routing/Router.php(480): Illuminate/Routing/Router->loadRoutes(Object(Closure))
#11 C:/xampp/htdocs/ERP_model/vendor/laravel/framework/src/Illuminate/Routing/RouteRegistrar.php(212): Illuminate/Routing/Router->group(Array, Object(Closure))
#12 C:/xampp/htdocs/ERP_model/routes/auth.php(38): Illuminate/Routing/RouteRegistrar->group(Object(Closure))
#13 C:/xampp/htdocs/ERP_model/routes/web.php(39): require('C://xampp//htdocs...')
#14 C:/xampp/htdocs/ERP_model/vendor/laravel/framework/src/Illuminate/Routing/RouteFileRegistrar.php(34): require('C://xampp//htdocs...')
#15 C:/xampp/htdocs/ERP_model/vendor/laravel/framework/src/Illuminate/Routing/Router.php(526): Illuminate/Routing/RouteFileRegistrar->register('C://xampp//htdocs...')
#16 C:/xampp/htdocs/ERP_model/vendor/laravel/framework/src/Illuminate/Routing/Router.php(480): Illuminate/Routing/Router->loadRoutes('C://xampp//htdocs...')
#17 C:/xampp/htdocs/ERP_model/vendor/laravel/framework/src/Illuminate/Routing/RouteRegistrar.php(212): Illuminate/Routing/Router->group(Array, 'C://xampp//htdocs...')
#18 C:/xampp/htdocs/ERP_model/vendor/laravel/framework/src/Illuminate/Foundation/Configuration/ApplicationBuilder.php(248): Illuminate/Routing/RouteRegistrar->group('C://xampp//htdocs...')
#19 C:/xampp/htdocs/ERP_model/vendor/laravel/framework/src/Illuminate/Container/BoundMethod.php(36): Illuminate/Foundation/Configuration/ApplicationBuilder->Illuminate/Foundation/Configuration/{closure}()
#20 C:/xampp/htdocs/ERP_model/vendor/laravel/framework/src/Illuminate/Container/Util.php(43): Illuminate/Container/BoundMethod::Illuminate/Container/{closure}()
#21 C:/xampp/htdocs/ERP_model/vendor/laravel/framework/src/Illuminate/Container/BoundMethod.php(84): Illuminate/Container/Util::unwrapIfClosure(Object(Closure))
#22 C:/xampp/htdocs/ERP_model/vendor/laravel/framework/src/Illuminate/Container/BoundMethod.php(35): Illuminate/Container/BoundMethod::callBoundMethod(Object(Illuminate/Foundation/Application), Object(Closure), Object(Closure))
#23 C:/xampp/htdocs/ERP_model/vendor/laravel/framework/src/Illuminate/Container/Container.php(799): Illuminate/Container/BoundMethod::call(Object(Illuminate/Foundation/Application), Object(Closure), Array, NULL)
#24 C:/xampp/htdocs/ERP_model/vendor/laravel/framework/src/Illuminate/Foundation/Support/Providers/RouteServiceProvider.php(162): Illuminate/Container/Container->call(Object(Closure))
#25 C:/xampp/htdocs/ERP_model/vendor/laravel/framework/src/Illuminate/Foundation/Support/Providers/RouteServiceProvider.php(59): Illuminate/Foundation/Support/Providers/RouteServiceProvider->loadRoutes()
#26 C:/xampp/htdocs/ERP_model/vendor/laravel/framework/src/Illuminate/Container/BoundMethod.php(36): Illuminate/Foundation/Support/Providers/RouteServiceProvider->Illuminate/Foundation/Support/Providers/{closure}()
#27 C:/xampp/htdocs/ERP_model/vendor/laravel/framework/src/Illuminate/Container/Util.php(43): Illuminate/Container/BoundMethod::Illuminate/Container/{closure}()
#28 C:/xampp/htdocs/ERP_model/vendor/laravel/framework/src/Illuminate/Container/BoundMethod.php(84): Illuminate/Container/Util::unwrapIfClosure(Object(Closure))
#29 C:/xampp/htdocs/ERP_model/vendor/laravel/framework/src/Illuminate/Container/BoundMethod.php(35): Illuminate/Container/BoundMethod::callBoundMethod(Object(Illuminate/Foundation/Application), Object(Closure), Object(Closure))
#30 C:/xampp/htdocs/ERP_model/vendor/laravel/framework/src/Illuminate/Container/Container.php(799): Illuminate/Container/BoundMethod::call(Object(Illuminate/Foundation/Application), Object(Closure), Array, NULL)
#31 C:/xampp/htdocs/ERP_model/vendor/laravel/framework/src/Illuminate/Support/ServiceProvider.php(150): Illuminate/Container/Container->call(Object(Closure))
#32 C:/xampp/htdocs/ERP_model/vendor/laravel/framework/src/Illuminate/Foundation/Application.php(1154): Illuminate/Support/ServiceProvider->callBootedCallbacks()
#33 C:/xampp/htdocs/ERP_model/vendor/laravel/framework/src/Illuminate/Foundation/Application.php(1132): Illuminate/Foundation/Application->bootProvider(Object(Illuminate/Foundation/Support/Providers/RouteServiceProvider))
#34 [internal function]: Illuminate/Foundation/Application->Illuminate/Foundation/{closure}(Object(Illuminate/Foundation/Support/Providers/RouteServiceProvider), 'Illuminate//Foun...')
#35 C:/xampp/htdocs/ERP_model/vendor/laravel/framework/src/Illuminate/Foundation/Application.php(1131): array_walk(Array, Object(Closure))
#36 C:/xampp/htdocs/ERP_model/vendor/laravel/framework/src/Illuminate/Foundation/Bootstrap/BootProviders.php(17): Illuminate/Foundation/Application->boot()
#37 C:/xampp/htdocs/ERP_model/vendor/laravel/framework/src/Illuminate/Foundation/Application.php(342): Illuminate/Foundation/Bootstrap/BootProviders->bootstrap(Object(Illuminate/Foundation/Application))
#38 C:/xampp/htdocs/ERP_model/vendor/laravel/framework/src/Illuminate/Foundation/Console/Kernel.php(494): Illuminate/Foundation/Application->bootstrapWith(Array)
#39 C:/xampp/htdocs/ERP_model/vendor/laravel/framework/src/Illuminate/Foundation/Console/Kernel.php(196): Illuminate/Foundation/Console/Kernel->bootstrap()
#40 C:/xampp/htdocs/ERP_model/vendor/laravel/framework/src/Illuminate/Foundation/Application.php(1235): Illuminate/Foundation/Console/Kernel->handle(Object(Symfony/Component/Console/Input/ArgvInput), Object(Symfony/Component/Console/Output/ConsoleOutput))
#41 C:/xampp/htdocs/ERP_model/artisan(16): Illuminate/Foundation/Application->handleCommand(Object(Symfony/Component/Console/Input/ArgvInput))
#42 {main}
"} 
[2026-06-19 06:03:19] local.ERROR: Invalid route action: [App\Http\Controllers\Auth\VerifyEmailController]. {"exception":"[object] (UnexpectedValueException(code: 0): Invalid route action: [App\\Http\\Controllers\\Auth\\VerifyEmailController]. at C:/xampp/htdocs/ERP_model/vendor/laravel/framework/src/Illuminate/Routing/RouteAction.php:92)
[stacktrace]
#0 C:/xampp/htdocs/ERP_model/vendor/laravel/framework/src/Illuminate/Routing/RouteAction.php(47): Illuminate/Routing/RouteAction::makeInvokable('App//Http//Contro...')
#1 C:/xampp/htdocs/ERP_model/vendor/laravel/framework/src/Illuminate/Routing/Route.php(197): Illuminate/Routing/RouteAction::parse('verify-email/{i...', Array)
#2 C:/xampp/htdocs/ERP_model/vendor/laravel/framework/src/Illuminate/Routing/Route.php(178): Illuminate/Routing/Route->parseAction(Array)
#3 C:/xampp/htdocs/ERP_model/vendor/laravel/framework/src/Illuminate/Routing/Router.php(685): Illuminate/Routing/Route->__construct(Array, 'verify-email/{i...', Array)
#4 C:/xampp/htdocs/ERP_model/vendor/laravel/framework/src/Illuminate/Routing/Router.php(576): Illuminate/Routing/Router->newRoute(Array, 'verify-email/{i...', Array)
#5 C:/xampp/htdocs/ERP_model/vendor/laravel/framework/src/Illuminate/Routing/Router.php(556): Illuminate/Routing/Router->createRoute(Array, 'verify-email/{i...', Array)
#6 C:/xampp/htdocs/ERP_model/vendor/laravel/framework/src/Illuminate/Routing/Router.php(160): Illuminate/Routing/Router->addRoute(Array, 'verify-email/{i...', 'App//Http//Contro...')
#7 C:/xampp/htdocs/ERP_model/vendor/laravel/framework/src/Illuminate/Support/Facades/Facade.php(363): Illuminate/Routing/Router->get('verify-email/{i...', 'App//Http//Contro...')
#8 C:/xampp/htdocs/ERP_model/routes/auth.php(42): Illuminate/Support/Facades/Facade::__callStatic('get', Array)
#9 C:/xampp/htdocs/ERP_model/vendor/laravel/framework/src/Illuminate/Routing/Router.php(524): Illuminate/Routing/RouteFileRegistrar->{closure}(Object(Illuminate/Routing/Router))
#10 C:/xampp/htdocs/ERP_model/vendor/laravel/framework/src/Illuminate/Routing/Router.php(480): Illuminate/Routing/Router->loadRoutes(Object(Closure))
#11 C:/xampp/htdocs/ERP_model/vendor/laravel/framework/src/Illuminate/Routing/RouteRegistrar.php(212): Illuminate/Routing/Router->group(Array, Object(Closure))
#12 C:/xampp/htdocs/ERP_model/routes/auth.php(38): Illuminate/Routing/RouteRegistrar->group(Object(Closure))
#13 C:/xampp/htdocs/ERP_model/routes/web.php(39): require('C://xampp//htdocs...')
#14 C:/xampp/htdocs/ERP_model/vendor/laravel/framework/src/Illuminate/Routing/RouteFileRegistrar.php(34): require('C://xampp//htdocs...')
#15 C:/xampp/htdocs/ERP_model/vendor/laravel/framework/src/Illuminate/Routing/Router.php(526): Illuminate/Routing/RouteFileRegistrar->register('C://xampp//htdocs...')
#16 C:/xampp/htdocs/ERP_model/vendor/laravel/framework/src/Illuminate/Routing/Router.php(480): Illuminate/Routing/Router->loadRoutes('C://xampp//htdocs...')
#17 C:/xampp/htdocs/ERP_model/vendor/laravel/framework/src/Illuminate/Routing/RouteRegistrar.php(212): Illuminate/Routing/Router->group(Array, 'C://xampp//htdocs...')
#18 C:/xampp/htdocs/ERP_model/vendor/laravel/framework/src/Illuminate/Foundation/Configuration/ApplicationBuilder.php(248): Illuminate/Routing/RouteRegistrar->group('C://xampp//htdocs...')
#19 C:/xampp/htdocs/ERP_model/vendor/laravel/framework/src/Illuminate/Container/BoundMethod.php(36): Illuminate/Foundation/Configuration/ApplicationBuilder->Illuminate/Foundation/Configuration/{closure}()
#20 C:/xampp/htdocs/ERP_model/vendor/laravel/framework/src/Illuminate/Container/Util.php(43): Illuminate/Container/BoundMethod::Illuminate/Container/{closure}()
#21 C:/xampp/htdocs/ERP_model/vendor/laravel/framework/src/Illuminate/Container/BoundMethod.php(84): Illuminate/Container/Util::unwrapIfClosure(Object(Closure))
#22 C:/xampp/htdocs/ERP_model/vendor/laravel/framework/src/Illuminate/Container/BoundMethod.php(35): Illuminate/Container/BoundMethod::callBoundMethod(Object(Illuminate/Foundation/Application), Object(Closure), Object(Closure))
#23 C:/xampp/htdocs/ERP_model/vendor/laravel/framework/src/Illuminate/Container/Container.php(799): Illuminate/Container/BoundMethod::call(Object(Illuminate/Foundation/Application), Object(Closure), Array, NULL)
#24 C:/xampp/htdocs/ERP_model/vendor/laravel/framework/src/Illuminate/Foundation/Support/Providers/RouteServiceProvider.php(162): Illuminate/Container/Container->call(Object(Closure))
#25 C:/xampp/htdocs/ERP_model/vendor/laravel/framework/src/Illuminate/Foundation/Support/Providers/RouteServiceProvider.php(59): Illuminate/Foundation/Support/Providers/RouteServiceProvider->loadRoutes()
#26 C:/xampp/htdocs/ERP_model/vendor/laravel/framework/src/Illuminate/Container/BoundMethod.php(36): Illuminate/Foundation/Support/Providers/RouteServiceProvider->Illuminate/Foundation/Support/Providers/{closure}()
#27 C:/xampp/htdocs/ERP_model/vendor/laravel/framework/src/Illuminate/Container/Util.php(43): Illuminate/Container/BoundMethod::Illuminate/Container/{closure}()
#28 C:/xampp/htdocs/ERP_model/vendor/laravel/framework/src/Illuminate/Container/BoundMethod.php(84): Illuminate/Container/Util::unwrapIfClosure(Object(Closure))
#29 C:/xampp/htdocs/ERP_model/vendor/laravel/framework/src/Illuminate/Container/BoundMethod.php(35): Illuminate/Container/BoundMethod::callBoundMethod(Object(Illuminate/Foundation/Application), Object(Closure), Object(Closure))
#30 C:/xampp/htdocs/ERP_model/vendor/laravel/framework/src/Illuminate/Container/Container.php(799): Illuminate/Container/BoundMethod::call(Object(Illuminate/Foundation/Application), Object(Closure), Array, NULL)
#31 C:/xampp/htdocs/ERP_model/vendor/laravel/framework/src/Illuminate/Support/ServiceProvider.php(150): Illuminate/Container/Container->call(Object(Closure))
#32 C:/xampp/htdocs/ERP_model/vendor/laravel/framework/src/Illuminate/Foundation/Application.php(1154): Illuminate/Support/ServiceProvider->callBootedCallbacks()
#33 C:/xampp/htdocs/ERP_model/vendor/laravel/framework/src/Illuminate/Foundation/Application.php(1132): Illuminate/Foundation/Application->bootProvider(Object(Illuminate/Foundation/Support/Providers/RouteServiceProvider))
#34 [internal function]: Illuminate/Foundation/Application->Illuminate/Foundation/{closure}(Object(Illuminate/Foundation/Support/Providers/RouteServiceProvider), 'Illuminate//Foun...')
#35 C:/xampp/htdocs/ERP_model/vendor/laravel/framework/src/Illuminate/Foundation/Application.php(1131): array_walk(Array, Object(Closure))
#36 C:/xampp/htdocs/ERP_model/vendor/laravel/framework/src/Illuminate/Foundation/Bootstrap/BootProviders.php(17): Illuminate/Foundation/Application->boot()
#37 C:/xampp/htdocs/ERP_model/vendor/laravel/framework/src/Illuminate/Foundation/Application.php(342): Illuminate/Foundation/Bootstrap/BootProviders->bootstrap(Object(Illuminate/Foundation/Application))
#38 C:/xampp/htdocs/ERP_model/vendor/laravel/framework/src/Illuminate/Foundation/Console/Kernel.php(494): Illuminate/Foundation/Application->bootstrapWith(Array)
#39 C:/xampp/htdocs/ERP_model/vendor/laravel/framework/src/Illuminate/Foundation/Console/Kernel.php(196): Illuminate/Foundation/Console/Kernel->bootstrap()
#40 C:/xampp/htdocs/ERP_model/vendor/laravel/framework/src/Illuminate/Foundation/Application.php(1235): Illuminate/Foundation/Console/Kernel->handle(Object(Symfony/Component/Console/Input/ArgvInput), Object(Symfony/Component/Console/Output/ConsoleOutput))
#41 C:/xampp/htdocs/ERP_model/artisan(16): Illuminate/Foundation/Application->handleCommand(Object(Symfony/Component/Console/Input/ArgvInput))
#42 {main}
"} 
[2026-06-19 06:03:43] local.ERROR: Invalid route action: [App\Http\Controllers\Auth\VerifyEmailController]. {"exception":"[object] (UnexpectedValueException(code: 0): Invalid route action: [App\\Http\\Controllers\\Auth\\VerifyEmailController]. at C:/xampp/htdocs/ERP_model/vendor/laravel/framework/src/Illuminate/Routing/RouteAction.php:92)
[stacktrace]
#0 C:/xampp/htdocs/ERP_model/vendor/laravel/framework/src/Illuminate/Routing/RouteAction.php(47): Illuminate/Routing/RouteAction::makeInvokable('App//Http//Contro...')
#1 C:/xampp/htdocs/ERP_model/vendor/laravel/framework/src/Illuminate/Routing/Route.php(197): Illuminate/Routing/RouteAction::parse('verify-email/{i...', Array)
#2 C:/xampp/htdocs/ERP_model/vendor/laravel/framework/src/Illuminate/Routing/Route.php(178): Illuminate/Routing/Route->parseAction(Array)
#3 C:/xampp/htdocs/ERP_model/vendor/laravel/framework/src/Illuminate/Routing/Router.php(685): Illuminate/Routing/Route->__construct(Array, 'verify-email/{i...', Array)
#4 C:/xampp/htdocs/ERP_model/vendor/laravel/framework/src/Illuminate/Routing/Router.php(576): Illuminate/Routing/Router->newRoute(Array, 'verify-email/{i...', Array)
#5 C:/xampp/htdocs/ERP_model/vendor/laravel/framework/src/Illuminate/Routing/Router.php(556): Illuminate/Routing/Router->createRoute(Array, 'verify-email/{i...', Array)
#6 C:/xampp/htdocs/ERP_model/vendor/laravel/framework/src/Illuminate/Routing/Router.php(160): Illuminate/Routing/Router->addRoute(Array, 'verify-email/{i...', 'App//Http//Contro...')
#7 C:/xampp/htdocs/ERP_model/vendor/laravel/framework/src/Illuminate/Support/Facades/Facade.php(363): Illuminate/Routing/Router->get('verify-email/{i...', 'App//Http//Contro...')
#8 C:/xampp/htdocs/ERP_model/routes/auth.php(42): Illuminate/Support/Facades/Facade::__callStatic('get', Array)
#9 C:/xampp/htdocs/ERP_model/vendor/laravel/framework/src/Illuminate/Routing/Router.php(524): Illuminate/Routing/RouteFileRegistrar->{closure}(Object(Illuminate/Routing/Router))
#10 C:/xampp/htdocs/ERP_model/vendor/laravel/framework/src/Illuminate/Routing/Router.php(480): Illuminate/Routing/Router->loadRoutes(Object(Closure))
#11 C:/xampp/htdocs/ERP_model/vendor/laravel/framework/src/Illuminate/Routing/RouteRegistrar.php(212): Illuminate/Routing/Router->group(Array, Object(Closure))
#12 C:/xampp/htdocs/ERP_model/routes/auth.php(38): Illuminate/Routing/RouteRegistrar->group(Object(Closure))
#13 C:/xampp/htdocs/ERP_model/routes/web.php(39): require('C://xampp//htdocs...')
#14 C:/xampp/htdocs/ERP_model/vendor/laravel/framework/src/Illuminate/Routing/RouteFileRegistrar.php(34): require('C://xampp//htdocs...')
#15 C:/xampp/htdocs/ERP_model/vendor/laravel/framework/src/Illuminate/Routing/Router.php(526): Illuminate/Routing/RouteFileRegistrar->register('C://xampp//htdocs...')
#16 C:/xampp/htdocs/ERP_model/vendor/laravel/framework/src/Illuminate/Routing/Router.php(480): Illuminate/Routing/Router->loadRoutes('C://xampp//htdocs...')
#17 C:/xampp/htdocs/ERP_model/vendor/laravel/framework/src/Illuminate/Routing/RouteRegistrar.php(212): Illuminate/Routing/Router->group(Array, 'C://xampp//htdocs...')
#18 C:/xampp/htdocs/ERP_model/vendor/laravel/framework/src/Illuminate/Foundation/Configuration/ApplicationBuilder.php(248): Illuminate/Routing/RouteRegistrar->group('C://xampp//htdocs...')
#19 C:/xampp/htdocs/ERP_model/vendor/laravel/framework/src/Illuminate/Container/BoundMethod.php(36): Illuminate/Foundation/Configuration/ApplicationBuilder->Illuminate/Foundation/Configuration/{closure}()
#20 C:/xampp/htdocs/ERP_model/vendor/laravel/framework/src/Illuminate/Container/Util.php(43): Illuminate/Container/BoundMethod::Illuminate/Container/{closure}()
#21 C:/xampp/htdocs/ERP_model/vendor/laravel/framework/src/Illuminate/Container/BoundMethod.php(84): Illuminate/Container/Util::unwrapIfClosure(Object(Closure))
#22 C:/xampp/htdocs/ERP_model/vendor/laravel/framework/src/Illuminate/Container/BoundMethod.php(35): Illuminate/Container/BoundMethod::callBoundMethod(Object(Illuminate/Foundation/Application), Object(Closure), Object(Closure))
#23 C:/xampp/htdocs/ERP_model/vendor/laravel/framework/src/Illuminate/Container/Container.php(799): Illuminate/Container/BoundMethod::call(Object(Illuminate/Foundation/Application), Object(Closure), Array, NULL)
#24 C:/xampp/htdocs/ERP_model/vendor/laravel/framework/src/Illuminate/Foundation/Support/Providers/RouteServiceProvider.php(162): Illuminate/Container/Container->call(Object(Closure))
#25 C:/xampp/htdocs/ERP_model/vendor/laravel/framework/src/Illuminate/Foundation/Support/Providers/RouteServiceProvider.php(59): Illuminate/Foundation/Support/Providers/RouteServiceProvider->loadRoutes()
#26 C:/xampp/htdocs/ERP_model/vendor/laravel/framework/src/Illuminate/Container/BoundMethod.php(36): Illuminate/Foundation/Support/Providers/RouteServiceProvider->Illuminate/Foundation/Support/Providers/{closure}()
#27 C:/xampp/htdocs/ERP_model/vendor/laravel/framework/src/Illuminate/Container/Util.php(43): Illuminate/Container/BoundMethod::Illuminate/Container/{closure}()
#28 C:/xampp/htdocs/ERP_model/vendor/laravel/framework/src/Illuminate/Container/BoundMethod.php(84): Illuminate/Container/Util::unwrapIfClosure(Object(Closure))
#29 C:/xampp/htdocs/ERP_model/vendor/laravel/framework/src/Illuminate/Container/BoundMethod.php(35): Illuminate/Container/BoundMethod::callBoundMethod(Object(Illuminate/Foundation/Application), Object(Closure), Object(Closure))
#30 C:/xampp/htdocs/ERP_model/vendor/laravel/framework/src/Illuminate/Container/Container.php(799): Illuminate/Container/BoundMethod::call(Object(Illuminate/Foundation/Application), Object(Closure), Array, NULL)
#31 C:/xampp/htdocs/ERP_model/vendor/laravel/framework/src/Illuminate/Support/ServiceProvider.php(150): Illuminate/Container/Container->call(Object(Closure))
#32 C:/xampp/htdocs/ERP_model/vendor/laravel/framework/src/Illuminate/Foundation/Application.php(1154): Illuminate/Support/ServiceProvider->callBootedCallbacks()
#33 C:/xampp/htdocs/ERP_model/vendor/laravel/framework/src/Illuminate/Foundation/Application.php(1132): Illuminate/Foundation/Application->bootProvider(Object(Illuminate/Foundation/Support/Providers/RouteServiceProvider))
#34 [internal function]: Illuminate/Foundation/Application->Illuminate/Foundation/{closure}(Object(Illuminate/Foundation/Support/Providers/RouteServiceProvider), 'Illuminate//Foun...')
#35 C:/xampp/htdocs/ERP_model/vendor/laravel/framework/src/Illuminate/Foundation/Application.php(1131): array_walk(Array, Object(Closure))
#36 C:/xampp/htdocs/ERP_model/vendor/laravel/framework/src/Illuminate/Foundation/Bootstrap/BootProviders.php(17): Illuminate/Foundation/Application->boot()
#37 C:/xampp/htdocs/ERP_model/vendor/laravel/framework/src/Illuminate/Foundation/Application.php(342): Illuminate/Foundation/Bootstrap/BootProviders->bootstrap(Object(Illuminate/Foundation/Application))
#38 C:/xampp/htdocs/ERP_model/vendor/laravel/framework/src/Illuminate/Foundation/Console/Kernel.php(494): Illuminate/Foundation/Application->bootstrapWith(Array)
#39 C:/xampp/htdocs/ERP_model/vendor/laravel/framework/src/Illuminate/Foundation/Console/Kernel.php(196): Illuminate/Foundation/Console/Kernel->bootstrap()
#40 C:/xampp/htdocs/ERP_model/vendor/laravel/framework/src/Illuminate/Foundation/Application.php(1235): Illuminate/Foundation/Console/Kernel->handle(Object(Symfony/Component/Console/Input/ArgvInput), Object(Symfony/Component/Console/Output/ConsoleOutput))
#41 C:/xampp/htdocs/ERP_model/artisan(16): Illuminate/Foundation/Application->handleCommand(Object(Symfony/Component/Console/Input/ArgvInput))
#42 {main}
"} 
[2026-06-19 06:03:48] local.ERROR: Invalid route action: [App\Http\Controllers\Auth\VerifyEmailController]. {"exception":"[object] (UnexpectedValueException(code: 0): Invalid route action: [App\\Http\\Controllers\\Auth\\VerifyEmailController]. at C:/xampp/htdocs/ERP_model/vendor/laravel/framework/src/Illuminate/Routing/RouteAction.php:92)
[stacktrace]
#0 C:/xampp/htdocs/ERP_model/vendor/laravel/framework/src/Illuminate/Routing/RouteAction.php(47): Illuminate/Routing/RouteAction::makeInvokable('App//Http//Contro...')
#1 C:/xampp/htdocs/ERP_model/vendor/laravel/framework/src/Illuminate/Routing/Route.php(197): Illuminate/Routing/RouteAction::parse('verify-email/{i...', Array)
#2 C:/xampp/htdocs/ERP_model/vendor/laravel/framework/src/Illuminate/Routing/Route.php(178): Illuminate/Routing/Route->parseAction(Array)
#3 C:/xampp/htdocs/ERP_model/vendor/laravel/framework/src/Illuminate/Routing/Router.php(685): Illuminate/Routing/Route->__construct(Array, 'verify-email/{i...', Array)
#4 C:/xampp/htdocs/ERP_model/vendor/laravel/framework/src/Illuminate/Routing/Router.php(576): Illuminate/Routing/Router->newRoute(Array, 'verify-email/{i...', Array)
#5 C:/xampp/htdocs/ERP_model/vendor/laravel/framework/src/Illuminate/Routing/Router.php(556): Illuminate/Routing/Router->createRoute(Array, 'verify-email/{i...', Array)
#6 C:/xampp/htdocs/ERP_model/vendor/laravel/framework/src/Illuminate/Routing/Router.php(160): Illuminate/Routing/Router->addRoute(Array, 'verify-email/{i...', 'App//Http//Contro...')
#7 C:/xampp/htdocs/ERP_model/vendor/laravel/framework/src/Illuminate/Support/Facades/Facade.php(363): Illuminate/Routing/Router->get('verify-email/{i...', 'App//Http//Contro...')
#8 C:/xampp/htdocs/ERP_model/routes/auth.php(42): Illuminate/Support/Facades/Facade::__callStatic('get', Array)
#9 C:/xampp/htdocs/ERP_model/vendor/laravel/framework/src/Illuminate/Routing/Router.php(524): Illuminate/Routing/RouteFileRegistrar->{closure}(Object(Illuminate/Routing/Router))
#10 C:/xampp/htdocs/ERP_model/vendor/laravel/framework/src/Illuminate/Routing/Router.php(480): Illuminate/Routing/Router->loadRoutes(Object(Closure))
#11 C:/xampp/htdocs/ERP_model/vendor/laravel/framework/src/Illuminate/Routing/RouteRegistrar.php(212): Illuminate/Routing/Router->group(Array, Object(Closure))
#12 C:/xampp/htdocs/ERP_model/routes/auth.php(38): Illuminate/Routing/RouteRegistrar->group(Object(Closure))
#13 C:/xampp/htdocs/ERP_model/routes/web.php(39): require('C://xampp//htdocs...')
#14 C:/xampp/htdocs/ERP_model/vendor/laravel/framework/src/Illuminate/Routing/RouteFileRegistrar.php(34): require('C://xampp//htdocs...')
#15 C:/xampp/htdocs/ERP_model/vendor/laravel/framework/src/Illuminate/Routing/Router.php(526): Illuminate/Routing/RouteFileRegistrar->register('C://xampp//htdocs...')
#16 C:/xampp/htdocs/ERP_model/vendor/laravel/framework/src/Illuminate/Routing/Router.php(480): Illuminate/Routing/Router->loadRoutes('C://xampp//htdocs...')
#17 C:/xampp/htdocs/ERP_model/vendor/laravel/framework/src/Illuminate/Routing/RouteRegistrar.php(212): Illuminate/Routing/Router->group(Array, 'C://xampp//htdocs...')
#18 C:/xampp/htdocs/ERP_model/vendor/laravel/framework/src/Illuminate/Foundation/Configuration/ApplicationBuilder.php(248): Illuminate/Routing/RouteRegistrar->group('C://xampp//htdocs...')
#19 C:/xampp/htdocs/ERP_model/vendor/laravel/framework/src/Illuminate/Container/BoundMethod.php(36): Illuminate/Foundation/Configuration/ApplicationBuilder->Illuminate/Foundation/Configuration/{closure}()
#20 C:/xampp/htdocs/ERP_model/vendor/laravel/framework/src/Illuminate/Container/Util.php(43): Illuminate/Container/BoundMethod::Illuminate/Container/{closure}()
#21 C:/xampp/htdocs/ERP_model/vendor/laravel/framework/src/Illuminate/Container/BoundMethod.php(84): Illuminate/Container/Util::unwrapIfClosure(Object(Closure))
#22 C:/xampp/htdocs/ERP_model/vendor/laravel/framework/src/Illuminate/Container/BoundMethod.php(35): Illuminate/Container/BoundMethod::callBoundMethod(Object(Illuminate/Foundation/Application), Object(Closure), Object(Closure))
#23 C:/xampp/htdocs/ERP_model/vendor/laravel/framework/src/Illuminate/Container/Container.php(799): Illuminate/Container/BoundMethod::call(Object(Illuminate/Foundation/Application), Object(Closure), Array, NULL)
#24 C:/xampp/htdocs/ERP_model/vendor/laravel/framework/src/Illuminate/Foundation/Support/Providers/RouteServiceProvider.php(162): Illuminate/Container/Container->call(Object(Closure))
#25 C:/xampp/htdocs/ERP_model/vendor/laravel/framework/src/Illuminate/Foundation/Support/Providers/RouteServiceProvider.php(59): Illuminate/Foundation/Support/Providers/RouteServiceProvider->loadRoutes()
#26 C:/xampp/htdocs/ERP_model/vendor/laravel/framework/src/Illuminate/Container/BoundMethod.php(36): Illuminate/Foundation/Support/Providers/RouteServiceProvider->Illuminate/Foundation/Support/Providers/{closure}()
#27 C:/xampp/htdocs/ERP_model/vendor/laravel/framework/src/Illuminate/Container/Util.php(43): Illuminate/Container/BoundMethod::Illuminate/Container/{closure}()
#28 C:/xampp/htdocs/ERP_model/vendor/laravel/framework/src/Illuminate/Container/BoundMethod.php(84): Illuminate/Container/Util::unwrapIfClosure(Object(Closure))
#29 C:/xampp/htdocs/ERP_model/vendor/laravel/framework/src/Illuminate/Container/BoundMethod.php(35): Illuminate/Container/BoundMethod::callBoundMethod(Object(Illuminate/Foundation/Application), Object(Closure), Object(Closure))
#30 C:/xampp/htdocs/ERP_model/vendor/laravel/framework/src/Illuminate/Container/Container.php(799): Illuminate/Container/BoundMethod::call(Object(Illuminate/Foundation/Application), Object(Closure), Array, NULL)
#31 C:/xampp/htdocs/ERP_model/vendor/laravel/framework/src/Illuminate/Support/ServiceProvider.php(150): Illuminate/Container/Container->call(Object(Closure))
#32 C:/xampp/htdocs/ERP_model/vendor/laravel/framework/src/Illuminate/Foundation/Application.php(1154): Illuminate/Support/ServiceProvider->callBootedCallbacks()
#33 C:/xampp/htdocs/ERP_model/vendor/laravel/framework/src/Illuminate/Foundation/Application.php(1132): Illuminate/Foundation/Application->bootProvider(Object(Illuminate/Foundation/Support/Providers/RouteServiceProvider))
#34 [internal function]: Illuminate/Foundation/Application->Illuminate/Foundation/{closure}(Object(Illuminate/Foundation/Support/Providers/RouteServiceProvider), 'Illuminate//Foun...')
#35 C:/xampp/htdocs/ERP_model/vendor/laravel/framework/src/Illuminate/Foundation/Application.php(1131): array_walk(Array, Object(Closure))
#36 C:/xampp/htdocs/ERP_model/vendor/laravel/framework/src/Illuminate/Foundation/Bootstrap/BootProviders.php(17): Illuminate/Foundation/Application->boot()
#37 C:/xampp/htdocs/ERP_model/vendor/laravel/framework/src/Illuminate/Foundation/Application.php(342): Illuminate/Foundation/Bootstrap/BootProviders->bootstrap(Object(Illuminate/Foundation/Application))
#38 C:/xampp/htdocs/ERP_model/vendor/laravel/framework/src/Illuminate/Foundation/Console/Kernel.php(494): Illuminate/Foundation/Application->bootstrapWith(Array)
#39 C:/xampp/htdocs/ERP_model/vendor/laravel/framework/src/Illuminate/Foundation/Console/Kernel.php(196): Illuminate/Foundation/Console/Kernel->bootstrap()
#40 C:/xampp/htdocs/ERP_model/vendor/laravel/framework/src/Illuminate/Foundation/Application.php(1235): Illuminate/Foundation/Console/Kernel->handle(Object(Symfony/Component/Console/Input/ArgvInput), Object(Symfony/Component/Console/Output/ConsoleOutput))
#41 C:/xampp/htdocs/ERP_model/artisan(16): Illuminate/Foundation/Application->handleCommand(Object(Symfony/Component/Console/Input/ArgvInput))
#42 {main}
"} 
[2026-06-19 06:06:06] local.ERROR: View [auth.login] not found. {"exception":"[object] (InvalidArgumentException(code: 0): View [auth.login] not found. at C:/xampp/htdocs/ERP_model/vendor/laravel/framework/src/Illuminate/View/FileViewFinder.php:138)
[stacktrace]
#0 C:/xampp/htdocs/ERP_model/vendor/laravel/framework/src/Illuminate/View/FileViewFinder.php(78): Illuminate/View/FileViewFinder->findInPaths('auth.login', Array)
#1 C:/xampp/htdocs/ERP_model/vendor/laravel/framework/src/Illuminate/View/Factory.php(150): Illuminate/View/FileViewFinder->find('auth.login')
#2 C:/xampp/htdocs/ERP_model/vendor/laravel/framework/src/Illuminate/Foundation/helpers.php(1100): Illuminate/View/Factory->make('auth.login', Array, Array)
#3 C:/xampp/htdocs/ERP_model/routes/web.php(20): view('auth.login')
#4 C:/xampp/htdocs/ERP_model/vendor/laravel/framework/src/Illuminate/Routing/CallableDispatcher.php(39): Illuminate/Routing/RouteFileRegistrar->{closure}()
#5 C:/xampp/htdocs/ERP_model/vendor/laravel/framework/src/Illuminate/Routing/Route.php(243): Illuminate/Routing/CallableDispatcher->dispatch(Object(Illuminate/Routing/Route), Object(Closure))
#6 C:/xampp/htdocs/ERP_model/vendor/laravel/framework/src/Illuminate/Routing/Route.php(214): Illuminate/Routing/Route->runCallable()
#7 C:/xampp/htdocs/ERP_model/vendor/laravel/framework/src/Illuminate/Routing/Router.php(822): Illuminate/Routing/Route->run()
#8 C:/xampp/htdocs/ERP_model/vendor/laravel/framework/src/Illuminate/Pipeline/Pipeline.php(180): Illuminate/Routing/Router->Illuminate/Routing/{closure}(Object(Illuminate/Http/Request))
#9 C:/xampp/htdocs/ERP_model/vendor/laravel/framework/src/Illuminate/Routing/Middleware/SubstituteBindings.php(50): Illuminate/Pipeline/Pipeline->Illuminate/Pipeline/{closure}(Object(Illuminate/Http/Request))
#10 C:/xampp/htdocs/ERP_model/vendor/laravel/framework/src/Illuminate/Pipeline/Pipeline.php(219): Illuminate/Routing/Middleware/SubstituteBindings->handle(Object(Illuminate/Http/Request), Object(Closure))
#11 C:/xampp/htdocs/ERP_model/vendor/laravel/framework/src/Illuminate/Foundation/Http/Middleware/VerifyCsrfToken.php(87): Illuminate/Pipeline/Pipeline->Illuminate/Pipeline/{closure}(Object(Illuminate/Http/Request))
#12 C:/xampp/htdocs/ERP_model/vendor/laravel/framework/src/Illuminate/Pipeline/Pipeline.php(219): Illuminate/Foundation/Http/Middleware/VerifyCsrfToken->handle(Object(Illuminate/Http/Request), Object(Closure))
#13 C:/xampp/htdocs/ERP_model/vendor/laravel/framework/src/Illuminate/View/Middleware/ShareErrorsFromSession.php(48): Illuminate/Pipeline/Pipeline->Illuminate/Pipeline/{closure}(Object(Illuminate/Http/Request))
#14 C:/xampp/htdocs/ERP_model/vendor/laravel/framework/src/Illuminate/Pipeline/Pipeline.php(219): Illuminate/View/Middleware/ShareErrorsFromSession->handle(Object(Illuminate/Http/Request), Object(Closure))
#15 C:/xampp/htdocs/ERP_model/vendor/laravel/framework/src/Illuminate/Session/Middleware/StartSession.php(120): Illuminate/Pipeline/Pipeline->Illuminate/Pipeline/{closure}(Object(Illuminate/Http/Request))
#16 C:/xampp/htdocs/ERP_model/vendor/laravel/framework/src/Illuminate/Session/Middleware/StartSession.php(63): Illuminate/Session/Middleware/StartSession->handleStatefulRequest(Object(Illuminate/Http/Request), Object(Illuminate/Session/Store), Object(Closure))
#17 C:/xampp/htdocs/ERP_model/vendor/laravel/framework/src/Illuminate/Pipeline/Pipeline.php(219): Illuminate/Session/Middleware/StartSession->handle(Object(Illuminate/Http/Request), Object(Closure))
#18 C:/xampp/htdocs/ERP_model/vendor/laravel/framework/src/Illuminate/Cookie/Middleware/AddQueuedCookiesToResponse.php(36): Illuminate/Pipeline/Pipeline->Illuminate/Pipeline/{closure}(Object(Illuminate/Http/Request))
#19 C:/xampp/htdocs/ERP_model/vendor/laravel/framework/src/Illuminate/Pipeline/Pipeline.php(219): Illuminate/Cookie/Middleware/AddQueuedCookiesToResponse->handle(Object(Illuminate/Http/Request), Object(Closure))
#20 C:/xampp/htdocs/ERP_model/vendor/laravel/framework/src/Illuminate/Cookie/Middleware/EncryptCookies.php(74): Illuminate/Pipeline/Pipeline->Illuminate/Pipeline/{closure}(Object(Illuminate/Http/Request))
#21 C:/xampp/htdocs/ERP_model/vendor/laravel/framework/src/Illuminate/Pipeline/Pipeline.php(219): Illuminate/Cookie/Middleware/EncryptCookies->handle(Object(Illuminate/Http/Request), Object(Closure))
#22 C:/xampp/htdocs/ERP_model/vendor/laravel/framework/src/Illuminate/Pipeline/Pipeline.php(137): Illuminate/Pipeline/Pipeline->Illuminate/Pipeline/{closure}(Object(Illuminate/Http/Request))
#23 C:/xampp/htdocs/ERP_model/vendor/laravel/framework/src/Illuminate/Routing/Router.php(821): Illuminate/Pipeline/Pipeline->then(Object(Closure))
#24 C:/xampp/htdocs/ERP_model/vendor/laravel/framework/src/Illuminate/Routing/Router.php(800): Illuminate/Routing/Router->runRouteWithinStack(Object(Illuminate/Routing/Route), Object(Illuminate/Http/Request))
#25 C:/xampp/htdocs/ERP_model/vendor/laravel/framework/src/Illuminate/Routing/Router.php(764): Illuminate/Routing/Router->runRoute(Object(Illuminate/Http/Request), Object(Illuminate/Routing/Route))
#26 C:/xampp/htdocs/ERP_model/vendor/laravel/framework/src/Illuminate/Routing/Router.php(753): Illuminate/Routing/Router->dispatchToRoute(Object(Illuminate/Http/Request))
#27 C:/xampp/htdocs/ERP_model/vendor/laravel/framework/src/Illuminate/Foundation/Http/Kernel.php(200): Illuminate/Routing/Router->dispatch(Object(Illuminate/Http/Request))
#28 C:/xampp/htdocs/ERP_model/vendor/laravel/framework/src/Illuminate/Pipeline/Pipeline.php(180): Illuminate/Foundation/Http/Kernel->Illuminate/Foundation/Http/{closure}(Object(Illuminate/Http/Request))
#29 C:/xampp/htdocs/ERP_model/vendor/laravel/framework/src/Illuminate/Foundation/Http/Middleware/TransformsRequest.php(21): Illuminate/Pipeline/Pipeline->Illuminate/Pipeline/{closure}(Object(Illuminate/Http/Request))
#30 C:/xampp/htdocs/ERP_model/vendor/laravel/framework/src/Illuminate/Foundation/Http/Middleware/ConvertEmptyStringsToNull.php(31): Illuminate/Foundation/Http/Middleware/TransformsRequest->handle(Object(Illuminate/Http/Request), Object(Closure))
#31 C:/xampp/htdocs/ERP_model/vendor/laravel/framework/src/Illuminate/Pipeline/Pipeline.php(219): Illuminate/Foundation/Http/Middleware/ConvertEmptyStringsToNull->handle(Object(Illuminate/Http/Request), Object(Closure))
#32 C:/xampp/htdocs/ERP_model/vendor/laravel/framework/src/Illuminate/Foundation/Http/Middleware/TransformsRequest.php(21): Illuminate/Pipeline/Pipeline->Illuminate/Pipeline/{closure}(Object(Illuminate/Http/Request))
#33 C:/xampp/htdocs/ERP_model/vendor/laravel/framework/src/Illuminate/Foundation/Http/Middleware/TrimStrings.php(51): Illuminate/Foundation/Http/Middleware/TransformsRequest->handle(Object(Illuminate/Http/Request), Object(Closure))
#34 C:/xampp/htdocs/ERP_model/vendor/laravel/framework/src/Illuminate/Pipeline/Pipeline.php(219): Illuminate/Foundation/Http/Middleware/TrimStrings->handle(Object(Illuminate/Http/Request), Object(Closure))
#35 C:/xampp/htdocs/ERP_model/vendor/laravel/framework/src/Illuminate/Http/Middleware/ValidatePostSize.php(27): Illuminate/Pipeline/Pipeline->Illuminate/Pipeline/{closure}(Object(Illuminate/Http/Request))
#36 C:/xampp/htdocs/ERP_model/vendor/laravel/framework/src/Illuminate/Pipeline/Pipeline.php(219): Illuminate/Http/Middleware/ValidatePostSize->handle(Object(Illuminate/Http/Request), Object(Closure))
#37 C:/xampp/htdocs/ERP_model/vendor/laravel/framework/src/Illuminate/Foundation/Http/Middleware/PreventRequestsDuringMaintenance.php(109): Illuminate/Pipeline/Pipeline->Illuminate/Pipeline/{closure}(Object(Illuminate/Http/Request))
#38 C:/xampp/htdocs/ERP_model/vendor/laravel/framework/src/Illuminate/Pipeline/Pipeline.php(219): Illuminate/Foundation/Http/Middleware/PreventRequestsDuringMaintenance->handle(Object(Illuminate/Http/Request), Object(Closure))
#39 C:/xampp/htdocs/ERP_model/vendor/laravel/framework/src/Illuminate/Http/Middleware/HandleCors.php(61): Illuminate/Pipeline/Pipeline->Illuminate/Pipeline/{closure}(Object(Illuminate/Http/Request))
#40 C:/xampp/htdocs/ERP_model/vendor/laravel/framework/src/Illuminate/Pipeline/Pipeline.php(219): Illuminate/Http/Middleware/HandleCors->handle(Object(Illuminate/Http/Request), Object(Closure))
#41 C:/xampp/htdocs/ERP_model/vendor/laravel/framework/src/Illuminate/Http/Middleware/TrustProxies.php(58): Illuminate/Pipeline/Pipeline->Illuminate/Pipeline/{closure}(Object(Illuminate/Http/Request))
#42 C:/xampp/htdocs/ERP_model/vendor/laravel/framework/src/Illuminate/Pipeline/Pipeline.php(219): Illuminate/Http/Middleware/TrustProxies->handle(Object(Illuminate/Http/Request), Object(Closure))
#43 C:/xampp/htdocs/ERP_model/vendor/laravel/framework/src/Illuminate/Foundation/Http/Middleware/InvokeDeferredCallbacks.php(22): Illuminate/Pipeline/Pipeline->Illuminate/Pipeline/{closure}(Object(Illuminate/Http/Request))
#44 C:/xampp/htdocs/ERP_model/vendor/laravel/framework/src/Illuminate/Pipeline/Pipeline.php(219): Illuminate/Foundation/Http/Middleware/InvokeDeferredCallbacks->handle(Object(Illuminate/Http/Request), Object(Closure))
#45 C:/xampp/htdocs/ERP_model/vendor/laravel/framework/src/Illuminate/Http/Middleware/ValidatePathEncoding.php(26): Illuminate/Pipeline/Pipeline->Illuminate/Pipeline/{closure}(Object(Illuminate/Http/Request))
#46 C:/xampp/htdocs/ERP_model/vendor/laravel/framework/src/Illuminate/Pipeline/Pipeline.php(219): Illuminate/Http/Middleware/ValidatePathEncoding->handle(Object(Illuminate/Http/Request), Object(Closure))
#47 C:/xampp/htdocs/ERP_model/vendor/laravel/framework/src/Illuminate/Pipeline/Pipeline.php(137): Illuminate/Pipeline/Pipeline->Illuminate/Pipeline/{closure}(Object(Illuminate/Http/Request))
#48 C:/xampp/htdocs/ERP_model/vendor/laravel/framework/src/Illuminate/Foundation/Http/Kernel.php(175): Illuminate/Pipeline/Pipeline->then(Object(Closure))
#49 C:/xampp/htdocs/ERP_model/vendor/laravel/framework/src/Illuminate/Foundation/Http/Kernel.php(144): Illuminate/Foundation/Http/Kernel->sendRequestThroughRouter(Object(Illuminate/Http/Request))
#50 C:/xampp/htdocs/ERP_model/vendor/laravel/framework/src/Illuminate/Foundation/Application.php(1220): Illuminate/Foundation/Http/Kernel->handle(Object(Illuminate/Http/Request))
#51 C:/xampp/htdocs/ERP_model/public/index.php(20): Illuminate/Foundation/Application->handleRequest(Object(Illuminate/Http/Request))
#52 C:/xampp/htdocs/ERP_model/vendor/laravel/framework/src/Illuminate/Foundation/resources/server.php(23): require_once('C://xampp//htdocs...')
#53 {main}
"} 
[2026-06-19 06:17:12] local.ERROR: SQLSTATE[42S02]: Base table or view not found: 1146 Table 'erp_model.permissions' doesn't exist (Connection: mysql, Host: 127.0.0.1, Port: 3306, Database: erp_model, SQL: select * from `permissions`) (View: C:\xampp\htdocs\ERP_model\resources\views\layouts\admin.blade.php) (View: C:\xampp\htdocs\ERP_model\resources\views\layouts\admin.blade.php) {"userId":1,"exception":"[object] (Illuminate\\View\\ViewException(code: 0): SQLSTATE[42S02]: Base table or view not found: 1146 Table 'erp_model.permissions' doesn't exist (Connection: mysql, Host: 127.0.0.1, Port: 3306, Database: erp_model, SQL: select * from `permissions`) (View: C:\\xampp\\htdocs\\ERP_model\\resources\\views\\layouts\\admin.blade.php) (View: C:\\xampp\\htdocs\\ERP_model\\resources\\views\\layouts\\admin.blade.php) at C:/xampp/htdocs/ERP_model/vendor/laravel/framework/src/Illuminate/Database/Connection.php:838)
[stacktrace]
#0 C:/xampp/htdocs/ERP_model/vendor/laravel/framework/src/Illuminate/View/Engines/PhpEngine.php(59): Illuminate/View/Engines/CompilerEngine->handleViewException(Object(Illuminate/View/ViewException), 1)
#1 C:/xampp/htdocs/ERP_model/vendor/laravel/framework/src/Illuminate/View/Engines/CompilerEngine.php(76): Illuminate/View/Engines/PhpEngine->evaluatePath('C://xampp//htdocs...', Array)
#2 C:/xampp/htdocs/ERP_model/vendor/laravel/framework/src/Illuminate/View/View.php(208): Illuminate/View/Engines/CompilerEngine->get('C://xampp//htdocs...', Array)
#3 C:/xampp/htdocs/ERP_model/vendor/laravel/framework/src/Illuminate/View/View.php(191): Illuminate/View/View->getContents()
#4 C:/xampp/htdocs/ERP_model/vendor/laravel/framework/src/Illuminate/View/View.php(160): Illuminate/View/View->renderContents()
#5 C:/xampp/htdocs/ERP_model/vendor/laravel/framework/src/Illuminate/Http/Response.php(78): Illuminate/View/View->render()
#6 C:/xampp/htdocs/ERP_model/vendor/laravel/framework/src/Illuminate/Http/Response.php(34): Illuminate/Http/Response->setContent(Object(Illuminate/View/View))
#7 C:/xampp/htdocs/ERP_model/vendor/laravel/framework/src/Illuminate/Routing/Router.php(939): Illuminate/Http/Response->__construct(Object(Illuminate/View/View), 200, Array)
#8 C:/xampp/htdocs/ERP_model/vendor/laravel/framework/src/Illuminate/Routing/Router.php(906): Illuminate/Routing/Router::toResponse(Object(Illuminate/Http/Request), Object(Illuminate/View/View))
#9 C:/xampp/htdocs/ERP_model/vendor/laravel/framework/src/Illuminate/Routing/Router.php(821): Illuminate/Routing/Router->prepareResponse(Object(Illuminate/Http/Request), Object(Illuminate/View/View))
#10 C:/xampp/htdocs/ERP_model/vendor/laravel/framework/src/Illuminate/Pipeline/Pipeline.php(180): Illuminate/Routing/Router->Illuminate/Routing/{closure}(Object(Illuminate/Http/Request))
#11 C:/xampp/htdocs/ERP_model/vendor/laravel/framework/src/Illuminate/Routing/Middleware/SubstituteBindings.php(50): Illuminate/Pipeline/Pipeline->Illuminate/Pipeline/{closure}(Object(Illuminate/Http/Request))
#12 C:/xampp/htdocs/ERP_model/vendor/laravel/framework/src/Illuminate/Pipeline/Pipeline.php(219): Illuminate/Routing/Middleware/SubstituteBindings->handle(Object(Illuminate/Http/Request), Object(Closure))
#13 C:/xampp/htdocs/ERP_model/vendor/laravel/framework/src/Illuminate/Auth/Middleware/Authenticate.php(63): Illuminate/Pipeline/Pipeline->Illuminate/Pipeline/{closure}(Object(Illuminate/Http/Request))
#14 C:/xampp/htdocs/ERP_model/vendor/laravel/framework/src/Illuminate/Pipeline/Pipeline.php(219): Illuminate/Auth/Middleware/Authenticate->handle(Object(Illuminate/Http/Request), Object(Closure))
#15 C:/xampp/htdocs/ERP_model/vendor/laravel/framework/src/Illuminate/Foundation/Http/Middleware/VerifyCsrfToken.php(87): Illuminate/Pipeline/Pipeline->Illuminate/Pipeline/{closure}(Object(Illuminate/Http/Request))
#16 C:/xampp/htdocs/ERP_model/vendor/laravel/framework/src/Illuminate/Pipeline/Pipeline.php(219): Illuminate/Foundation/Http/Middleware/VerifyCsrfToken->handle(Object(Illuminate/Http/Request), Object(Closure))
#17 C:/xampp/htdocs/ERP_model/vendor/laravel/framework/src/Illuminate/View/Middleware/ShareErrorsFromSession.php(48): Illuminate/Pipeline/Pipeline->Illuminate/Pipeline/{closure}(Object(Illuminate/Http/Request))
#18 C:/xampp/htdocs/ERP_model/vendor/laravel/framework/src/Illuminate/Pipeline/Pipeline.php(219): Illuminate/View/Middleware/ShareErrorsFromSession->handle(Object(Illuminate/Http/Request), Object(Closure))
#19 C:/xampp/htdocs/ERP_model/vendor/laravel/framework/src/Illuminate/Session/Middleware/StartSession.php(120): Illuminate/Pipeline/Pipeline->Illuminate/Pipeline/{closure}(Object(Illuminate/Http/Request))
#20 C:/xampp/htdocs/ERP_model/vendor/laravel/framework/src/Illuminate/Session/Middleware/StartSession.php(63): Illuminate/Session/Middleware/StartSession->handleStatefulRequest(Object(Illuminate/Http/Request), Object(Illuminate/Session/Store), Object(Closure))
#21 C:/xampp/htdocs/ERP_model/vendor/laravel/framework/src/Illuminate/Pipeline/Pipeline.php(219): Illuminate/Session/Middleware/StartSession->handle(Object(Illuminate/Http/Request), Object(Closure))
#22 C:/xampp/htdocs/ERP_model/vendor/laravel/framework/src/Illuminate/Cookie/Middleware/AddQueuedCookiesToResponse.php(36): Illuminate/Pipeline/Pipeline->Illuminate/Pipeline/{closure}(Object(Illuminate/Http/Request))
#23 C:/xampp/htdocs/ERP_model/vendor/laravel/framework/src/Illuminate/Pipeline/Pipeline.php(219): Illuminate/Cookie/Middleware/AddQueuedCookiesToResponse->handle(Object(Illuminate/Http/Request), Object(Closure))
#24 C:/xampp/htdocs/ERP_model/vendor/laravel/framework/src/Illuminate/Cookie/Middleware/EncryptCookies.php(74): Illuminate/Pipeline/Pipeline->Illuminate/Pipeline/{closure}(Object(Illuminate/Http/Request))
#25 C:/xampp/htdocs/ERP_model/vendor/laravel/framework/src/Illuminate/Pipeline/Pipeline.php(219): Illuminate/Cookie/Middleware/EncryptCookies->handle(Object(Illuminate/Http/Request), Object(Closure))
#26 C:/xampp/htdocs/ERP_model/vendor/laravel/framework/src/Illuminate/Pipeline/Pipeline.php(137): Illuminate/Pipeline/Pipeline->Illuminate/Pipeline/{closure}(Object(Illuminate/Http/Request))
#27 C:/xampp/htdocs/ERP_model/vendor/laravel/framework/src/Illuminate/Routing/Router.php(821): Illuminate/Pipeline/Pipeline->then(Object(Closure))
#28 C:/xampp/htdocs/ERP_model/vendor/laravel/framework/src/Illuminate/Routing/Router.php(800): Illuminate/Routing/Router->runRouteWithinStack(Object(Illuminate/Routing/Route), Object(Illuminate/Http/Request))
#29 C:/xampp/htdocs/ERP_model/vendor/laravel/framework/src/Illuminate/Routing/Router.php(764): Illuminate/Routing/Router->runRoute(Object(Illuminate/Http/Request), Object(Illuminate/Routing/Route))
#30 C:/xampp/htdocs/ERP_model/vendor/laravel/framework/src/Illuminate/Routing/Router.php(753): Illuminate/Routing/Router->dispatchToRoute(Object(Illuminate/Http/Request))
#31 C:/xampp/htdocs/ERP_model/vendor/laravel/framework/src/Illuminate/Foundation/Http/Kernel.php(200): Illuminate/Routing/Router->dispatch(Object(Illuminate/Http/Request))
#32 C:/xampp/htdocs/ERP_model/vendor/laravel/framework/src/Illuminate/Pipeline/Pipeline.php(180): Illuminate/Foundation/Http/Kernel->Illuminate/Foundation/Http/{closure}(Object(Illuminate/Http/Request))
#33 C:/xampp/htdocs/ERP_model/vendor/laravel/framework/src/Illuminate/Foundation/Http/Middleware/TransformsRequest.php(21): Illuminate/Pipeline/Pipeline->Illuminate/Pipeline/{closure}(Object(Illuminate/Http/Request))
#34 C:/xampp/htdocs/ERP_model/vendor/laravel/framework/src/Illuminate/Foundation/Http/Middleware/ConvertEmptyStringsToNull.php(31): Illuminate/Foundation/Http/Middleware/TransformsRequest->handle(Object(Illuminate/Http/Request), Object(Closure))
#35 C:/xampp/htdocs/ERP_model/vendor/laravel/framework/src/Illuminate/Pipeline/Pipeline.php(219): Illuminate/Foundation/Http/Middleware/ConvertEmptyStringsToNull->handle(Object(Illuminate/Http/Request), Object(Closure))
#36 C:/xampp/htdocs/ERP_model/vendor/laravel/framework/src/Illuminate/Foundation/Http/Middleware/TransformsRequest.php(21): Illuminate/Pipeline/Pipeline->Illuminate/Pipeline/{closure}(Object(Illuminate/Http/Request))
#37 C:/xampp/htdocs/ERP_model/vendor/laravel/framework/src/Illuminate/Foundation/Http/Middleware/TrimStrings.php(51): Illuminate/Foundation/Http/Middleware/TransformsRequest->handle(Object(Illuminate/Http/Request), Object(Closure))
#38 C:/xampp/htdocs/ERP_model/vendor/laravel/framework/src/Illuminate/Pipeline/Pipeline.php(219): Illuminate/Foundation/Http/Middleware/TrimStrings->handle(Object(Illuminate/Http/Request), Object(Closure))
#39 C:/xampp/htdocs/ERP_model/vendor/laravel/framework/src/Illuminate/Http/Middleware/ValidatePostSize.php(27): Illuminate/Pipeline/Pipeline->Illuminate/Pipeline/{closure}(Object(Illuminate/Http/Request))
#40 C:/xampp/htdocs/ERP_model/vendor/laravel/framework/src/Illuminate/Pipeline/Pipeline.php(219): Illuminate/Http/Middleware/ValidatePostSize->handle(Object(Illuminate/Http/Request), Object(Closure))
#41 C:/xampp/htdocs/ERP_model/vendor/laravel/framework/src/Illuminate/Foundation/Http/Middleware/PreventRequestsDuringMaintenance.php(109): Illuminate/Pipeline/Pipeline->Illuminate/Pipeline/{closure}(Object(Illuminate/Http/Request))
#42 C:/xampp/htdocs/ERP_model/vendor/laravel/framework/src/Illuminate/Pipeline/Pipeline.php(219): Illuminate/Foundation/Http/Middleware/PreventRequestsDuringMaintenance->handle(Object(Illuminate/Http/Request), Object(Closure))
#43 C:/xampp/htdocs/ERP_model/vendor/laravel/framework/src/Illuminate/Http/Middleware/HandleCors.php(61): Illuminate/Pipeline/Pipeline->Illuminate/Pipeline/{closure}(Object(Illuminate/Http/Request))
#44 C:/xampp/htdocs/ERP_model/vendor/laravel/framework/src/Illuminate/Pipeline/Pipeline.php(219): Illuminate/Http/Middleware/HandleCors->handle(Object(Illuminate/Http/Request), Object(Closure))
#45 C:/xampp/htdocs/ERP_model/vendor/laravel/framework/src/Illuminate/Http/Middleware/TrustProxies.php(58): Illuminate/Pipeline/Pipeline->Illuminate/Pipeline/{closure}(Object(Illuminate/Http/Request))
#46 C:/xampp/htdocs/ERP_model/vendor/laravel/framework/src/Illuminate/Pipeline/Pipeline.php(219): Illuminate/Http/Middleware/TrustProxies->handle(Object(Illuminate/Http/Request), Object(Closure))
#47 C:/xampp/htdocs/ERP_model/vendor/laravel/framework/src/Illuminate/Foundation/Http/Middleware/InvokeDeferredCallbacks.php(22): Illuminate/Pipeline/Pipeline->Illuminate/Pipeline/{closure}(Object(Illuminate/Http/Request))
#48 C:/xampp/htdocs/ERP_model/vendor/laravel/framework/src/Illuminate/Pipeline/Pipeline.php(219): Illuminate/Foundation/Http/Middleware/InvokeDeferredCallbacks->handle(Object(Illuminate/Http/Request), Object(Closure))
#49 C:/xampp/htdocs/ERP_model/vendor/laravel/framework/src/Illuminate/Http/Middleware/ValidatePathEncoding.php(26): Illuminate/Pipeline/Pipeline->Illuminate/Pipeline/{closure}(Object(Illuminate/Http/Request))
#50 C:/xampp/htdocs/ERP_model/vendor/laravel/framework/src/Illuminate/Pipeline/Pipeline.php(219): Illuminate/Http/Middleware/ValidatePathEncoding->handle(Object(Illuminate/Http/Request), Object(Closure))
#51 C:/xampp/htdocs/ERP_model/vendor/laravel/framework/src/Illuminate/Pipeline/Pipeline.php(137): Illuminate/Pipeline/Pipeline->Illuminate/Pipeline/{closure}(Object(Illuminate/Http/Request))
#52 C:/xampp/htdocs/ERP_model/vendor/laravel/framework/src/Illuminate/Foundation/Http/Kernel.php(175): Illuminate/Pipeline/Pipeline->then(Object(Closure))
#53 C:/xampp/htdocs/ERP_model/vendor/laravel/framework/src/Illuminate/Foundation/Http/Kernel.php(144): Illuminate/Foundation/Http/Kernel->sendRequestThroughRouter(Object(Illuminate/Http/Request))
#54 C:/xampp/htdocs/ERP_model/vendor/laravel/framework/src/Illuminate/Foundation/Application.php(1220): Illuminate/Foundation/Http/Kernel->handle(Object(Illuminate/Http/Request))
#55 C:/xampp/htdocs/ERP_model/public/index.php(20): Illuminate/Foundation/Application->handleRequest(Object(Illuminate/Http/Request))
#56 C:/xampp/htdocs/ERP_model/vendor/laravel/framework/src/Illuminate/Foundation/resources/server.php(23): require_once('C://xampp//htdocs...')
#57 {main}

[previous exception] [object] (Illuminate\\View\\ViewException(code: 0): SQLSTATE[42S02]: Base table or view not found: 1146 Table 'erp_model.permissions' doesn't exist (Connection: mysql, Host: 127.0.0.1, Port: 3306, Database: erp_model, SQL: select * from `permissions`) (View: C:\\xampp\\htdocs\\ERP_model\\resources\\views\\layouts\\admin.blade.php) at C:/xampp/htdocs/ERP_model/vendor/laravel/framework/src/Illuminate/Database/Connection.php:838)
[stacktrace]
#0 C:/xampp/htdocs/ERP_model/vendor/laravel/framework/src/Illuminate/View/Engines/PhpEngine.php(59): Illuminate/View/Engines/CompilerEngine->handleViewException(Object(Illuminate/Database/QueryException), 2)
#1 C:/xampp/htdocs/ERP_model/vendor/laravel/framework/src/Illuminate/View/Engines/CompilerEngine.php(76): Illuminate/View/Engines/PhpEngine->evaluatePath('C://xampp//htdocs...', Array)
#2 C:/xampp/htdocs/ERP_model/vendor/laravel/framework/src/Illuminate/View/View.php(208): Illuminate/View/Engines/CompilerEngine->get('C://xampp//htdocs...', Array)
#3 C:/xampp/htdocs/ERP_model/vendor/laravel/framework/src/Illuminate/View/View.php(191): Illuminate/View/View->getContents()
#4 C:/xampp/htdocs/ERP_model/vendor/laravel/framework/src/Illuminate/View/View.php(160): Illuminate/View/View->renderContents()
#5 C:/xampp/htdocs/ERP_model/storage/framework/views/d6d0a8be75dceb0933c387c3f2d6b014.php(92): Illuminate/View/View->render()
#6 C:/xampp/htdocs/ERP_model/vendor/laravel/framework/src/Illuminate/Filesystem/Filesystem.php(123): require('C://xampp//htdocs...')
#7 C:/xampp/htdocs/ERP_model/vendor/laravel/framework/src/Illuminate/Filesystem/Filesystem.php(124): Illuminate/Filesystem/Filesystem::Illuminate/Filesystem/{closure}()
#8 C:/xampp/htdocs/ERP_model/vendor/laravel/framework/src/Illuminate/View/Engines/PhpEngine.php(57): Illuminate/Filesystem/Filesystem->getRequire('C://xampp//htdocs...', Array)
#9 C:/xampp/htdocs/ERP_model/vendor/laravel/framework/src/Illuminate/View/Engines/CompilerEngine.php(76): Illuminate/View/Engines/PhpEngine->evaluatePath('C://xampp//htdocs...', Array)
#10 C:/xampp/htdocs/ERP_model/vendor/laravel/framework/src/Illuminate/View/View.php(208): Illuminate/View/Engines/CompilerEngine->get('C://xampp//htdocs...', Array)
#11 C:/xampp/htdocs/ERP_model/vendor/laravel/framework/src/Illuminate/View/View.php(191): Illuminate/View/View->getContents()
#12 C:/xampp/htdocs/ERP_model/vendor/laravel/framework/src/Illuminate/View/View.php(160): Illuminate/View/View->renderContents()
#13 C:/xampp/htdocs/ERP_model/vendor/laravel/framework/src/Illuminate/Http/Response.php(78): Illuminate/View/View->render()
#14 C:/xampp/htdocs/ERP_model/vendor/laravel/framework/src/Illuminate/Http/Response.php(34): Illuminate/Http/Response->setContent(Object(Illuminate/View/View))
#15 C:/xampp/htdocs/ERP_model/vendor/laravel/framework/src/Illuminate/Routing/Router.php(939): Illuminate/Http/Response->__construct(Object(Illuminate/View/View), 200, Array)
#16 C:/xampp/htdocs/ERP_model/vendor/laravel/framework/src/Illuminate/Routing/Router.php(906): Illuminate/Routing/Router::toResponse(Object(Illuminate/Http/Request), Object(Illuminate/View/View))
#17 C:/xampp/htdocs/ERP_model/vendor/laravel/framework/src/Illuminate/Routing/Router.php(821): Illuminate/Routing/Router->prepareResponse(Object(Illuminate/Http/Request), Object(Illuminate/View/View))
#18 C:/xampp/htdocs/ERP_model/vendor/laravel/framework/src/Illuminate/Pipeline/Pipeline.php(180): Illuminate/Routing/Router->Illuminate/Routing/{closure}(Object(Illuminate/Http/Request))
#19 C:/xampp/htdocs/ERP_model/vendor/laravel/framework/src/Illuminate/Routing/Middleware/SubstituteBindings.php(50): Illuminate/Pipeline/Pipeline->Illuminate/Pipeline/{closure}(Object(Illuminate/Http/Request))
#20 C:/xampp/htdocs/ERP_model/vendor/laravel/framework/src/Illuminate/Pipeline/Pipeline.php(219): Illuminate/Routing/Middleware/SubstituteBindings->handle(Object(Illuminate/Http/Request), Object(Closure))
#21 C:/xampp/htdocs/ERP_model/vendor/laravel/framework/src/Illuminate/Auth/Middleware/Authenticate.php(63): Illuminate/Pipeline/Pipeline->Illuminate/Pipeline/{closure}(Object(Illuminate/Http/Request))
#22 C:/xampp/htdocs/ERP_model/vendor/laravel/framework/src/Illuminate/Pipeline/Pipeline.php(219): Illuminate/Auth/Middleware/Authenticate->handle(Object(Illuminate/Http/Request), Object(Closure))
#23 C:/xampp/htdocs/ERP_model/vendor/laravel/framework/src/Illuminate/Foundation/Http/Middleware/VerifyCsrfToken.php(87): Illuminate/Pipeline/Pipeline->Illuminate/Pipeline/{closure}(Object(Illuminate/Http/Request))
#24 C:/xampp/htdocs/ERP_model/vendor/laravel/framework/src/Illuminate/Pipeline/Pipeline.php(219): Illuminate/Foundation/Http/Middleware/VerifyCsrfToken->handle(Object(Illuminate/Http/Request), Object(Closure))
#25 C:/xampp/htdocs/ERP_model/vendor/laravel/framework/src/Illuminate/View/Middleware/ShareErrorsFromSession.php(48): Illuminate/Pipeline/Pipeline->Illuminate/Pipeline/{closure}(Object(Illuminate/Http/Request))
#26 C:/xampp/htdocs/ERP_model/vendor/laravel/framework/src/Illuminate/Pipeline/Pipeline.php(219): Illuminate/View/Middleware/ShareErrorsFromSession->handle(Object(Illuminate/Http/Request), Object(Closure))
#27 C:/xampp/htdocs/ERP_model/vendor/laravel/framework/src/Illuminate/Session/Middleware/StartSession.php(120): Illuminate/Pipeline/Pipeline->Illuminate/Pipeline/{closure}(Object(Illuminate/Http/Request))
#28 C:/xampp/htdocs/ERP_model/vendor/laravel/framework/src/Illuminate/Session/Middleware/StartSession.php(63): Illuminate/Session/Middleware/StartSession->handleStatefulRequest(Object(Illuminate/Http/Request), Object(Illuminate/Session/Store), Object(Closure))
#29 C:/xampp/htdocs/ERP_model/vendor/laravel/framework/src/Illuminate/Pipeline/Pipeline.php(219): Illuminate/Session/Middleware/StartSession->handle(Object(Illuminate/Http/Request), Object(Closure))
#30 C:/xampp/htdocs/ERP_model/vendor/laravel/framework/src/Illuminate/Cookie/Middleware/AddQueuedCookiesToResponse.php(36): Illuminate/Pipeline/Pipeline->Illuminate/Pipeline/{closure}(Object(Illuminate/Http/Request))
#31 C:/xampp/htdocs/ERP_model/vendor/laravel/framework/src/Illuminate/Pipeline/Pipeline.php(219): Illuminate/Cookie/Middleware/AddQueuedCookiesToResponse->handle(Object(Illuminate/Http/Request), Object(Closure))
#32 C:/xampp/htdocs/ERP_model/vendor/laravel/framework/src/Illuminate/Cookie/Middleware/EncryptCookies.php(74): Illuminate/Pipeline/Pipeline->Illuminate/Pipeline/{closure}(Object(Illuminate/Http/Request))
#33 C:/xampp/htdocs/ERP_model/vendor/laravel/framework/src/Illuminate/Pipeline/Pipeline.php(219): Illuminate/Cookie/Middleware/EncryptCookies->handle(Object(Illuminate/Http/Request), Object(Closure))
#34 C:/xampp/htdocs/ERP_model/vendor/laravel/framework/src/Illuminate/Pipeline/Pipeline.php(137): Illuminate/Pipeline/Pipeline->Illuminate/Pipeline/{closure}(Object(Illuminate/Http/Request))
#35 C:/xampp/htdocs/ERP_model/vendor/laravel/framework/src/Illuminate/Routing/Router.php(821): Illuminate/Pipeline/Pipeline->then(Object(Closure))
#36 C:/xampp/htdocs/ERP_model/vendor/laravel/framework/src/Illuminate/Routing/Router.php(800): Illuminate/Routing/Router->runRouteWithinStack(Object(Illuminate/Routing/Route), Object(Illuminate/Http/Request))
#37 C:/xampp/htdocs/ERP_model/vendor/laravel/framework/src/Illuminate/Routing/Router.php(764): Illuminate/Routing/Router->runRoute(Object(Illuminate/Http/Request), Object(Illuminate/Routing/Route))
#38 C:/xampp/htdocs/ERP_model/vendor/laravel/framework/src/Illuminate/Routing/Router.php(753): Illuminate/Routing/Router->dispatchToRoute(Object(Illuminate/Http/Request))
#39 C:/xampp/htdocs/ERP_model/vendor/laravel/framework/src/Illuminate/Foundation/Http/Kernel.php(200): Illuminate/Routing/Router->dispatch(Object(Illuminate/Http/Request))
#40 C:/xampp/htdocs/ERP_model/vendor/laravel/framework/src/Illuminate/Pipeline/Pipeline.php(180): Illuminate/Foundation/Http/Kernel->Illuminate/Foundation/Http/{closure}(Object(Illuminate/Http/Request))
#41 C:/xampp/htdocs/ERP_model/vendor/laravel/framework/src/Illuminate/Foundation/Http/Middleware/TransformsRequest.php(21): Illuminate/Pipeline/Pipeline->Illuminate/Pipeline/{closure}(Object(Illuminate/Http/Request))
#42 C:/xampp/htdocs/ERP_model/vendor/laravel/framework/src/Illuminate/Foundation/Http/Middleware/ConvertEmptyStringsToNull.php(31): Illuminate/Foundation/Http/Middleware/TransformsRequest->handle(Object(Illuminate/Http/Request), Object(Closure))
#43 C:/xampp/htdocs/ERP_model/vendor/laravel/framework/src/Illuminate/Pipeline/Pipeline.php(219): Illuminate/Foundation/Http/Middleware/ConvertEmptyStringsToNull->handle(Object(Illuminate/Http/Request), Object(Closure))
#44 C:/xampp/htdocs/ERP_model/vendor/laravel/framework/src/Illuminate/Foundation/Http/Middleware/TransformsRequest.php(21): Illuminate/Pipeline/Pipeline->Illuminate/Pipeline/{closure}(Object(Illuminate/Http/Request))
#45 C:/xampp/htdocs/ERP_model/vendor/laravel/framework/src/Illuminate/Foundation/Http/Middleware/TrimStrings.php(51): Illuminate/Foundation/Http/Middleware/TransformsRequest->handle(Object(Illuminate/Http/Request), Object(Closure))
#46 C:/xampp/htdocs/ERP_model/vendor/laravel/framework/src/Illuminate/Pipeline/Pipeline.php(219): Illuminate/Foundation/Http/Middleware/TrimStrings->handle(Object(Illuminate/Http/Request), Object(Closure))
#47 C:/xampp/htdocs/ERP_model/vendor/laravel/framework/src/Illuminate/Http/Middleware/ValidatePostSize.php(27): Illuminate/Pipeline/Pipeline->Illuminate/Pipeline/{closure}(Object(Illuminate/Http/Request))
#48 C:/xampp/htdocs/ERP_model/vendor/laravel/framework/src/Illuminate/Pipeline/Pipeline.php(219): Illuminate/Http/Middleware/ValidatePostSize->handle(Object(Illuminate/Http/Request), Object(Closure))
#49 C:/xampp/htdocs/ERP_model/vendor/laravel/framework/src/Illuminate/Foundation/Http/Middleware/PreventRequestsDuringMaintenance.php(109): Illuminate/Pipeline/Pipeline->Illuminate/Pipeline/{closure}(Object(Illuminate/Http/Request))
#50 C:/xampp/htdocs/ERP_model/vendor/laravel/framework/src/Illuminate/Pipeline/Pipeline.php(219): Illuminate/Foundation/Http/Middleware/PreventRequestsDuringMaintenance->handle(Object(Illuminate/Http/Request), Object(Closure))
#51 C:/xampp/htdocs/ERP_model/vendor/laravel/framework/src/Illuminate/Http/Middleware/HandleCors.php(61): Illuminate/Pipeline/Pipeline->Illuminate/Pipeline/{closure}(Object(Illuminate/Http/Request))
#52 C:/xampp/htdocs/ERP_model/vendor/laravel/framework/src/Illuminate/Pipeline/Pipeline.php(219): Illuminate/Http/Middleware/HandleCors->handle(Object(Illuminate/Http/Request), Object(Closure))
#53 C:/xampp/htdocs/ERP_model/vendor/laravel/framework/src/Illuminate/Http/Middleware/TrustProxies.php(58): Illuminate/Pipeline/Pipeline->Illuminate/Pipeline/{closure}(Object(Illuminate/Http/Request))
#54 C:/xampp/htdocs/ERP_model/vendor/laravel/framework/src/Illuminate/Pipeline/Pipeline.php(219): Illuminate/Http/Middleware/TrustProxies->handle(Object(Illuminate/Http/Request), Object(Closure))
#55 C:/xampp/htdocs/ERP_model/vendor/laravel/framework/src/Illuminate/Foundation/Http/Middleware/InvokeDeferredCallbacks.php(22): Illuminate/Pipeline/Pipeline->Illuminate/Pipeline/{closure}(Object(Illuminate/Http/Request))
#56 C:/xampp/htdocs/ERP_model/vendor/laravel/framework/src/Illuminate/Pipeline/Pipeline.php(219): Illuminate/Foundation/Http/Middleware/InvokeDeferredCallbacks->handle(Object(Illuminate/Http/Request), Object(Closure))
#57 C:/xampp/htdocs/ERP_model/vendor/laravel/framework/src/Illuminate/Http/Middleware/ValidatePathEncoding.php(26): Illuminate/Pipeline/Pipeline->Illuminate/Pipeline/{closure}(Object(Illuminate/Http/Request))
#58 C:/xampp/htdocs/ERP_model/vendor/laravel/framework/src/Illuminate/Pipeline/Pipeline.php(219): Illuminate/Http/Middleware/ValidatePathEncoding->handle(Object(Illuminate/Http/Request), Object(Closure))
#59 C:/xampp/htdocs/ERP_model/vendor/laravel/framework/src/Illuminate/Pipeline/Pipeline.php(137): Illuminate/Pipeline/Pipeline->Illuminate/Pipeline/{closure}(Object(Illuminate/Http/Request))
#60 C:/xampp/htdocs/ERP_model/vendor/laravel/framework/src/Illuminate/Foundation/Http/Kernel.php(175): Illuminate/Pipeline/Pipeline->then(Object(Closure))
#61 C:/xampp/htdocs/ERP_model/vendor/laravel/framework/src/Illuminate/Foundation/Http/Kernel.php(144): Illuminate/Foundation/Http/Kernel->sendRequestThroughRouter(Object(Illuminate/Http/Request))
#62 C:/xampp/htdocs/ERP_model/vendor/laravel/framework/src/Illuminate/Foundation/Application.php(1220): Illuminate/Foundation/Http/Kernel->handle(Object(Illuminate/Http/Request))
#63 C:/xampp/htdocs/ERP_model/public/index.php(20): Illuminate/Foundation/Application->handleRequest(Object(Illuminate/Http/Request))
#64 C:/xampp/htdocs/ERP_model/vendor/laravel/framework/src/Illuminate/Foundation/resources/server.php(23): require_once('C://xampp//htdocs...')
#65 {main}

[previous exception] [object] (Illuminate\\Database\\QueryException(code: 42S02): SQLSTATE[42S02]: Base table or view not found: 1146 Table 'erp_model.permissions' doesn't exist (Connection: mysql, Host: 127.0.0.1, Port: 3306, Database: erp_model, SQL: select * from `permissions`) at C:/xampp/htdocs/ERP_model/vendor/laravel/framework/src/Illuminate/Database/Connection.php:838)
[stacktrace]
#0 C:/xampp/htdocs/ERP_model/vendor/laravel/framework/src/Illuminate/Database/Connection.php(794): Illuminate/Database/Connection->runQueryCallback('select * from `...', Array, Object(Closure))
#1 C:/xampp/htdocs/ERP_model/vendor/laravel/framework/src/Illuminate/Database/Connection.php(411): Illuminate/Database/Connection->run('select * from `...', Array, Object(Closure))
#2 C:/xampp/htdocs/ERP_model/vendor/laravel/framework/src/Illuminate/Database/Query/Builder.php(3505): Illuminate/Database/Connection->select('select * from `...', Array, true)
#3 C:/xampp/htdocs/ERP_model/vendor/laravel/framework/src/Illuminate/Database/Query/Builder.php(3490): Illuminate/Database/Query/Builder->runSelect()
#4 C:/xampp/htdocs/ERP_model/vendor/laravel/framework/src/Illuminate/Database/Query/Builder.php(4080): Illuminate/Database/Query/Builder->Illuminate/Database/Query/{closure}()
#5 C:/xampp/htdocs/ERP_model/vendor/laravel/framework/src/Illuminate/Database/Query/Builder.php(3489): Illuminate/Database/Query/Builder->onceWithColumns(Array, Object(Closure))
#6 C:/xampp/htdocs/ERP_model/vendor/laravel/framework/src/Illuminate/Database/Eloquent/Builder.php(902): Illuminate/Database/Query/Builder->get(Array)
#7 C:/xampp/htdocs/ERP_model/vendor/laravel/framework/src/Illuminate/Database/Eloquent/Builder.php(884): Illuminate/Database/Eloquent/Builder->getModels(Array)
#8 C:/xampp/htdocs/ERP_model/vendor/spatie/laravel-permission/src/PermissionRegistrar.php(304): Illuminate/Database/Eloquent/Builder->get()
#9 C:/xampp/htdocs/ERP_model/vendor/spatie/laravel-permission/src/PermissionRegistrar.php(341): Spatie/Permission/PermissionRegistrar->getPermissionsWithRoles()
#10 C:/xampp/htdocs/ERP_model/vendor/spatie/laravel-permission/src/PermissionRegistrar.php(222): Spatie/Permission/PermissionRegistrar->getSerializedPermissionsForCache()
#11 C:/xampp/htdocs/ERP_model/vendor/laravel/framework/src/Illuminate/Cache/Repository.php(564): Spatie/Permission/PermissionRegistrar->Spatie/Permission/{closure}()
#12 C:/xampp/htdocs/ERP_model/vendor/spatie/laravel-permission/src/PermissionRegistrar.php(221): Illuminate/Cache/Repository->remember('spatie.permissi...', Object(DateInterval), Object(Closure))
#13 C:/xampp/htdocs/ERP_model/vendor/spatie/laravel-permission/src/PermissionRegistrar.php(243): Spatie/Permission/PermissionRegistrar->loadPermissions()
#14 C:/xampp/htdocs/ERP_model/vendor/spatie/laravel-permission/src/Models/Permission.php(146): Spatie/Permission/PermissionRegistrar->getPermissions(Array, true)
#15 C:/xampp/htdocs/ERP_model/vendor/spatie/laravel-permission/src/Models/Permission.php(157): Spatie/Permission/Models/Permission::getPermissions(Array, true)
#16 C:/xampp/htdocs/ERP_model/vendor/spatie/laravel-permission/src/Models/Permission.php(95): Spatie/Permission/Models/Permission::getPermission(Array)
#17 C:/xampp/htdocs/ERP_model/vendor/spatie/laravel-permission/src/Traits/HasPermissions.php(188): Spatie/Permission/Models/Permission::findByName('products.view', 'web')
#18 C:/xampp/htdocs/ERP_model/vendor/spatie/laravel-permission/src/Traits/HasPermissions.php(215): App/Models/User->filterPermission('products.view', NULL)
#19 C:/xampp/htdocs/ERP_model/vendor/spatie/laravel-permission/src/Traits/HasPermissions.php(263): App/Models/User->hasPermissionTo('products.view', NULL)
#20 C:/xampp/htdocs/ERP_model/vendor/spatie/laravel-permission/src/PermissionRegistrar.php(130): App/Models/User->checkPermissionTo('products.view', NULL)
#21 C:/xampp/htdocs/ERP_model/vendor/laravel/framework/src/Illuminate/Auth/Access/Gate.php(571): Spatie/Permission/PermissionRegistrar->Spatie/Permission/{closure}(Object(App/Models/User), 'products.view', Array)
#22 C:/xampp/htdocs/ERP_model/vendor/laravel/framework/src/Illuminate/Auth/Access/Gate.php(443): Illuminate/Auth/Access/Gate->callBeforeCallbacks(Object(App/Models/User), 'products.view', Array)
#23 C:/xampp/htdocs/ERP_model/vendor/laravel/framework/src/Illuminate/Auth/Access/Gate.php(411): Illuminate/Auth/Access/Gate->raw('products.view', Array)
#24 C:/xampp/htdocs/ERP_model/vendor/laravel/framework/src/Illuminate/Auth/Access/Gate.php(359): Illuminate/Auth/Access/Gate->inspect('products.view', Array)
#25 C:/xampp/htdocs/ERP_model/vendor/laravel/framework/src/Illuminate/Collections/Traits/EnumeratesValues.php(312): Illuminate/Auth/Access/Gate->Illuminate/Auth/Access/{closure}('products.view', 0)
#26 C:/xampp/htdocs/ERP_model/vendor/laravel/framework/src/Illuminate/Auth/Access/Gate.php(358): Illuminate/Support/Collection->every(Object(Closure))
#27 C:/xampp/htdocs/ERP_model/storage/framework/views/6be3be12a6faaabe658a4c3bf65ad5a9.php(69): Illuminate/Auth/Access/Gate->check('products.view')
#28 C:/xampp/htdocs/ERP_model/vendor/laravel/framework/src/Illuminate/Filesystem/Filesystem.php(123): require('C://xampp//htdocs...')
#29 C:/xampp/htdocs/ERP_model/vendor/laravel/framework/src/Illuminate/Filesystem/Filesystem.php(124): Illuminate/Filesystem/Filesystem::Illuminate/Filesystem/{closure}()
#30 C:/xampp/htdocs/ERP_model/vendor/laravel/framework/src/Illuminate/View/Engines/PhpEngine.php(57): Illuminate/Filesystem/Filesystem->getRequire('C://xampp//htdocs...', Array)
#31 C:/xampp/htdocs/ERP_model/vendor/laravel/framework/src/Illuminate/View/Engines/CompilerEngine.php(76): Illuminate/View/Engines/PhpEngine->evaluatePath('C://xampp//htdocs...', Array)
#32 C:/xampp/htdocs/ERP_model/vendor/laravel/framework/src/Illuminate/View/View.php(208): Illuminate/View/Engines/CompilerEngine->get('C://xampp//htdocs...', Array)
#33 C:/xampp/htdocs/ERP_model/vendor/laravel/framework/src/Illuminate/View/View.php(191): Illuminate/View/View->getContents()
#34 C:/xampp/htdocs/ERP_model/vendor/laravel/framework/src/Illuminate/View/View.php(160): Illuminate/View/View->renderContents()
#35 C:/xampp/htdocs/ERP_model/storage/framework/views/d6d0a8be75dceb0933c387c3f2d6b014.php(92): Illuminate/View/View->render()
#36 C:/xampp/htdocs/ERP_model/vendor/laravel/framework/src/Illuminate/Filesystem/Filesystem.php(123): require('C://xampp//htdocs...')
#37 C:/xampp/htdocs/ERP_model/vendor/laravel/framework/src/Illuminate/Filesystem/Filesystem.php(124): Illuminate/Filesystem/Filesystem::Illuminate/Filesystem/{closure}()
#38 C:/xampp/htdocs/ERP_model/vendor/laravel/framework/src/Illuminate/View/Engines/PhpEngine.php(57): Illuminate/Filesystem/Filesystem->getRequire('C://xampp//htdocs...', Array)
#39 C:/xampp/htdocs/ERP_model/vendor/laravel/framework/src/Illuminate/View/Engines/CompilerEngine.php(76): Illuminate/View/Engines/PhpEngine->evaluatePath('C://xampp//htdocs...', Array)
#40 C:/xampp/htdocs/ERP_model/vendor/laravel/framework/src/Illuminate/View/View.php(208): Illuminate/View/Engines/CompilerEngine->get('C://xampp//htdocs...', Array)
#41 C:/xampp/htdocs/ERP_model/vendor/laravel/framework/src/Illuminate/View/View.php(191): Illuminate/View/View->getContents()
#42 C:/xampp/htdocs/ERP_model/vendor/laravel/framework/src/Illuminate/View/View.php(160): Illuminate/View/View->renderContents()
#43 C:/xampp/htdocs/ERP_model/vendor/laravel/framework/src/Illuminate/Http/Response.php(78): Illuminate/View/View->render()
#44 C:/xampp/htdocs/ERP_model/vendor/laravel/framework/src/Illuminate/Http/Response.php(34): Illuminate/Http/Response->setContent(Object(Illuminate/View/View))
#45 C:/xampp/htdocs/ERP_model/vendor/laravel/framework/src/Illuminate/Routing/Router.php(939): Illuminate/Http/Response->__construct(Object(Illuminate/View/View), 200, Array)
#46 C:/xampp/htdocs/ERP_model/vendor/laravel/framework/src/Illuminate/Routing/Router.php(906): Illuminate/Routing/Router::toResponse(Object(Illuminate/Http/Request), Object(Illuminate/View/View))
#47 C:/xampp/htdocs/ERP_model/vendor/laravel/framework/src/Illuminate/Routing/Router.php(821): Illuminate/Routing/Router->prepareResponse(Object(Illuminate/Http/Request), Object(Illuminate/View/View))
#48 C:/xampp/htdocs/ERP_model/vendor/laravel/framework/src/Illuminate/Pipeline/Pipeline.php(180): Illuminate/Routing/Router->Illuminate/Routing/{closure}(Object(Illuminate/Http/Request))
#49 C:/xampp/htdocs/ERP_model/vendor/laravel/framework/src/Illuminate/Routing/Middleware/SubstituteBindings.php(50): Illuminate/Pipeline/Pipeline->Illuminate/Pipeline/{closure}(Object(Illuminate/Http/Request))
#50 C:/xampp/htdocs/ERP_model/vendor/laravel/framework/src/Illuminate/Pipeline/Pipeline.php(219): Illuminate/Routing/Middleware/SubstituteBindings->handle(Object(Illuminate/Http/Request), Object(Closure))
#51 C:/xampp/htdocs/ERP_model/vendor/laravel/framework/src/Illuminate/Auth/Middleware/Authenticate.php(63): Illuminate/Pipeline/Pipeline->Illuminate/Pipeline/{closure}(Object(Illuminate/Http/Request))
#52 C:/xampp/htdocs/ERP_model/vendor/laravel/framework/src/Illuminate/Pipeline/Pipeline.php(219): Illuminate/Auth/Middleware/Authenticate->handle(Object(Illuminate/Http/Request), Object(Closure))
#53 C:/xampp/htdocs/ERP_model/vendor/laravel/framework/src/Illuminate/Foundation/Http/Middleware/VerifyCsrfToken.php(87): Illuminate/Pipeline/Pipeline->Illuminate/Pipeline/{closure}(Object(Illuminate/Http/Request))
#54 C:/xampp/htdocs/ERP_model/vendor/laravel/framework/src/Illuminate/Pipeline/Pipeline.php(219): Illuminate/Foundation/Http/Middleware/VerifyCsrfToken->handle(Object(Illuminate/Http/Request), Object(Closure))
#55 C:/xampp/htdocs/ERP_model/vendor/laravel/framework/src/Illuminate/View/Middleware/ShareErrorsFromSession.php(48): Illuminate/Pipeline/Pipeline->Illuminate/Pipeline/{closure}(Object(Illuminate/Http/Request))
#56 C:/xampp/htdocs/ERP_model/vendor/laravel/framework/src/Illuminate/Pipeline/Pipeline.php(219): Illuminate/View/Middleware/ShareErrorsFromSession->handle(Object(Illuminate/Http/Request), Object(Closure))
#57 C:/xampp/htdocs/ERP_model/vendor/laravel/framework/src/Illuminate/Session/Middleware/StartSession.php(120): Illuminate/Pipeline/Pipeline->Illuminate/Pipeline/{closure}(Object(Illuminate/Http/Request))
#58 C:/xampp/htdocs/ERP_model/vendor/laravel/framework/src/Illuminate/Session/Middleware/StartSession.php(63): Illuminate/Session/Middleware/StartSession->handleStatefulRequest(Object(Illuminate/Http/Request), Object(Illuminate/Session/Store), Object(Closure))
#59 C:/xampp/htdocs/ERP_model/vendor/laravel/framework/src/Illuminate/Pipeline/Pipeline.php(219): Illuminate/Session/Middleware/StartSession->handle(Object(Illuminate/Http/Request), Object(Closure))
#60 C:/xampp/htdocs/ERP_model/vendor/laravel/framework/src/Illuminate/Cookie/Middleware/AddQueuedCookiesToResponse.php(36): Illuminate/Pipeline/Pipeline->Illuminate/Pipeline/{closure}(Object(Illuminate/Http/Request))
#61 C:/xampp/htdocs/ERP_model/vendor/laravel/framework/src/Illuminate/Pipeline/Pipeline.php(219): Illuminate/Cookie/Middleware/AddQueuedCookiesToResponse->handle(Object(Illuminate/Http/Request), Object(Closure))
#62 C:/xampp/htdocs/ERP_model/vendor/laravel/framework/src/Illuminate/Cookie/Middleware/EncryptCookies.php(74): Illuminate/Pipeline/Pipeline->Illuminate/Pipeline/{closure}(Object(Illuminate/Http/Request))
#63 C:/xampp/htdocs/ERP_model/vendor/laravel/framework/src/Illuminate/Pipeline/Pipeline.php(219): Illuminate/Cookie/Middleware/EncryptCookies->handle(Object(Illuminate/Http/Request), Object(Closure))
#64 C:/xampp/htdocs/ERP_model/vendor/laravel/framework/src/Illuminate/Pipeline/Pipeline.php(137): Illuminate/Pipeline/Pipeline->Illuminate/Pipeline/{closure}(Object(Illuminate/Http/Request))
#65 C:/xampp/htdocs/ERP_model/vendor/laravel/framework/src/Illuminate/Routing/Router.php(821): Illuminate/Pipeline/Pipeline->then(Object(Closure))
#66 C:/xampp/htdocs/ERP_model/vendor/laravel/framework/src/Illuminate/Routing/Router.php(800): Illuminate/Routing/Router->runRouteWithinStack(Object(Illuminate/Routing/Route), Object(Illuminate/Http/Request))
#67 C:/xampp/htdocs/ERP_model/vendor/laravel/framework/src/Illuminate/Routing/Router.php(764): Illuminate/Routing/Router->runRoute(Object(Illuminate/Http/Request), Object(Illuminate/Routing/Route))
#68 C:/xampp/htdocs/ERP_model/vendor/laravel/framework/src/Illuminate/Routing/Router.php(753): Illuminate/Routing/Router->dispatchToRoute(Object(Illuminate/Http/Request))
#69 C:/xampp/htdocs/ERP_model/vendor/laravel/framework/src/Illuminate/Foundation/Http/Kernel.php(200): Illuminate/Routing/Router->dispatch(Object(Illuminate/Http/Request))
#70 C:/xampp/htdocs/ERP_model/vendor/laravel/framework/src/Illuminate/Pipeline/Pipeline.php(180): Illuminate/Foundation/Http/Kernel->Illuminate/Foundation/Http/{closure}(Object(Illuminate/Http/Request))
#71 C:/xampp/htdocs/ERP_model/vendor/laravel/framework/src/Illuminate/Foundation/Http/Middleware/TransformsRequest.php(21): Illuminate/Pipeline/Pipeline->Illuminate/Pipeline/{closure}(Object(Illuminate/Http/Request))
#72 C:/xampp/htdocs/ERP_model/vendor/laravel/framework/src/Illuminate/Foundation/Http/Middleware/ConvertEmptyStringsToNull.php(31): Illuminate/Foundation/Http/Middleware/TransformsRequest->handle(Object(Illuminate/Http/Request), Object(Closure))
#73 C:/xampp/htdocs/ERP_model/vendor/laravel/framework/src/Illuminate/Pipeline/Pipeline.php(219): Illuminate/Foundation/Http/Middleware/ConvertEmptyStringsToNull->handle(Object(Illuminate/Http/Request), Object(Closure))
#74 C:/xampp/htdocs/ERP_model/vendor/laravel/framework/src/Illuminate/Foundation/Http/Middleware/TransformsRequest.php(21): Illuminate/Pipeline/Pipeline->Illuminate/Pipeline/{closure}(Object(Illuminate/Http/Request))
#75 C:/xampp/htdocs/ERP_model/vendor/laravel/framework/src/Illuminate/Foundation/Http/Middleware/TrimStrings.php(51): Illuminate/Foundation/Http/Middleware/TransformsRequest->handle(Object(Illuminate/Http/Request), Object(Closure))
#76 C:/xampp/htdocs/ERP_model/vendor/laravel/framework/src/Illuminate/Pipeline/Pipeline.php(219): Illuminate/Foundation/Http/Middleware/TrimStrings->handle(Object(Illuminate/Http/Request), Object(Closure))
#77 C:/xampp/htdocs/ERP_model/vendor/laravel/framework/src/Illuminate/Http/Middleware/ValidatePostSize.php(27): Illuminate/Pipeline/Pipeline->Illuminate/Pipeline/{closure}(Object(Illuminate/Http/Request))
#78 C:/xampp/htdocs/ERP_model/vendor/laravel/framework/src/Illuminate/Pipeline/Pipeline.php(219): Illuminate/Http/Middleware/ValidatePostSize->handle(Object(Illuminate/Http/Request), Object(Closure))
#79 C:/xampp/htdocs/ERP_model/vendor/laravel/framework/src/Illuminate/Foundation/Http/Middleware/PreventRequestsDuringMaintenance.php(109): Illuminate/Pipeline/Pipeline->Illuminate/Pipeline/{closure}(Object(Illuminate/Http/Request))
#80 C:/xampp/htdocs/ERP_model/vendor/laravel/framework/src/Illuminate/Pipeline/Pipeline.php(219): Illuminate/Foundation/Http/Middleware/PreventRequestsDuringMaintenance->handle(Object(Illuminate/Http/Request), Object(Closure))
#81 C:/xampp/htdocs/ERP_model/vendor/laravel/framework/src/Illuminate/Http/Middleware/HandleCors.php(61): Illuminate/Pipeline/Pipeline->Illuminate/Pipeline/{closure}(Object(Illuminate/Http/Request))
#82 C:/xampp/htdocs/ERP_model/vendor/laravel/framework/src/Illuminate/Pipeline/Pipeline.php(219): Illuminate/Http/Middleware/HandleCors->handle(Object(Illuminate/Http/Request), Object(Closure))
#83 C:/xampp/htdocs/ERP_model/vendor/laravel/framework/src/Illuminate/Http/Middleware/TrustProxies.php(58): Illuminate/Pipeline/Pipeline->Illuminate/Pipeline/{closure}(Object(Illuminate/Http/Request))
#84 C:/xampp/htdocs/ERP_model/vendor/laravel/framework/src/Illuminate/Pipeline/Pipeline.php(219): Illuminate/Http/Middleware/TrustProxies->handle(Object(Illuminate/Http/Request), Object(Closure))
#85 C:/xampp/htdocs/ERP_model/vendor/laravel/framework/src/Illuminate/Foundation/Http/Middleware/InvokeDeferredCallbacks.php(22): Illuminate/Pipeline/Pipeline->Illuminate/Pipeline/{closure}(Object(Illuminate/Http/Request))
#86 C:/xampp/htdocs/ERP_model/vendor/laravel/framework/src/Illuminate/Pipeline/Pipeline.php(219): Illuminate/Foundation/Http/Middleware/InvokeDeferredCallbacks->handle(Object(Illuminate/Http/Request), Object(Closure))
#87 C:/xampp/htdocs/ERP_model/vendor/laravel/framework/src/Illuminate/Http/Middleware/ValidatePathEncoding.php(26): Illuminate/Pipeline/Pipeline->Illuminate/Pipeline/{closure}(Object(Illuminate/Http/Request))
#88 C:/xampp/htdocs/ERP_model/vendor/laravel/framework/src/Illuminate/Pipeline/Pipeline.php(219): Illuminate/Http/Middleware/ValidatePathEncoding->handle(Object(Illuminate/Http/Request), Object(Closure))
#89 C:/xampp/htdocs/ERP_model/vendor/laravel/framework/src/Illuminate/Pipeline/Pipeline.php(137): Illuminate/Pipeline/Pipeline->Illuminate/Pipeline/{closure}(Object(Illuminate/Http/Request))
#90 C:/xampp/htdocs/ERP_model/vendor/laravel/framework/src/Illuminate/Foundation/Http/Kernel.php(175): Illuminate/Pipeline/Pipeline->then(Object(Closure))
#91 C:/xampp/htdocs/ERP_model/vendor/laravel/framework/src/Illuminate/Foundation/Http/Kernel.php(144): Illuminate/Foundation/Http/Kernel->sendRequestThroughRouter(Object(Illuminate/Http/Request))
#92 C:/xampp/htdocs/ERP_model/vendor/laravel/framework/src/Illuminate/Foundation/Application.php(1220): Illuminate/Foundation/Http/Kernel->handle(Object(Illuminate/Http/Request))
#93 C:/xampp/htdocs/ERP_model/public/index.php(20): Illuminate/Foundation/Application->handleRequest(Object(Illuminate/Http/Request))
#94 C:/xampp/htdocs/ERP_model/vendor/laravel/framework/src/Illuminate/Foundation/resources/server.php(23): require_once('C://xampp//htdocs...')
#95 {main}

[previous exception] [object] (PDOException(code: 42S02): SQLSTATE[42S02]: Base table or view not found: 1146 Table 'erp_model.permissions' doesn't exist at C:/xampp/htdocs/ERP_model/vendor/laravel/framework/src/Illuminate/Database/Connection.php:420)
[stacktrace]
#0 C:/xampp/htdocs/ERP_model/vendor/laravel/framework/src/Illuminate/Database/Connection.php(420): PDO->prepare('select * from `...')
#1 C:/xampp/htdocs/ERP_model/vendor/laravel/framework/src/Illuminate/Database/Connection.php(827): Illuminate/Database/Connection->Illuminate/Database/{closure}('select * from `...', Array)
#2 C:/xampp/htdocs/ERP_model/vendor/laravel/framework/src/Illuminate/Database/Connection.php(794): Illuminate/Database/Connection->runQueryCallback('select * from `...', Array, Object(Closure))
#3 C:/xampp/htdocs/ERP_model/vendor/laravel/framework/src/Illuminate/Database/Connection.php(411): Illuminate/Database/Connection->run('select * from `...', Array, Object(Closure))
#4 C:/xampp/htdocs/ERP_model/vendor/laravel/framework/src/Illuminate/Database/Query/Builder.php(3505): Illuminate/Database/Connection->select('select * from `...', Array, true)
#5 C:/xampp/htdocs/ERP_model/vendor/laravel/framework/src/Illuminate/Database/Query/Builder.php(3490): Illuminate/Database/Query/Builder->runSelect()
#6 C:/xampp/htdocs/ERP_model/vendor/laravel/framework/src/Illuminate/Database/Query/Builder.php(4080): Illuminate/Database/Query/Builder->Illuminate/Database/Query/{closure}()
#7 C:/xampp/htdocs/ERP_model/vendor/laravel/framework/src/Illuminate/Database/Query/Builder.php(3489): Illuminate/Database/Query/Builder->onceWithColumns(Array, Object(Closure))
#8 C:/xampp/htdocs/ERP_model/vendor/laravel/framework/src/Illuminate/Database/Eloquent/Builder.php(902): Illuminate/Database/Query/Builder->get(Array)
#9 C:/xampp/htdocs/ERP_model/vendor/laravel/framework/src/Illuminate/Database/Eloquent/Builder.php(884): Illuminate/Database/Eloquent/Builder->getModels(Array)
#10 C:/xampp/htdocs/ERP_model/vendor/spatie/laravel-permission/src/PermissionRegistrar.php(304): Illuminate/Database/Eloquent/Builder->get()
#11 C:/xampp/htdocs/ERP_model/vendor/spatie/laravel-permission/src/PermissionRegistrar.php(341): Spatie/Permission/PermissionRegistrar->getPermissionsWithRoles()
#12 C:/xampp/htdocs/ERP_model/vendor/spatie/laravel-permission/src/PermissionRegistrar.php(222): Spatie/Permission/PermissionRegistrar->getSerializedPermissionsForCache()
#13 C:/xampp/htdocs/ERP_model/vendor/laravel/framework/src/Illuminate/Cache/Repository.php(564): Spatie/Permission/PermissionRegistrar->Spatie/Permission/{closure}()
#14 C:/xampp/htdocs/ERP_model/vendor/spatie/laravel-permission/src/PermissionRegistrar.php(221): Illuminate/Cache/Repository->remember('spatie.permissi...', Object(DateInterval), Object(Closure))
#15 C:/xampp/htdocs/ERP_model/vendor/spatie/laravel-permission/src/PermissionRegistrar.php(243): Spatie/Permission/PermissionRegistrar->loadPermissions()
#16 C:/xampp/htdocs/ERP_model/vendor/spatie/laravel-permission/src/Models/Permission.php(146): Spatie/Permission/PermissionRegistrar->getPermissions(Array, true)
#17 C:/xampp/htdocs/ERP_model/vendor/spatie/laravel-permission/src/Models/Permission.php(157): Spatie/Permission/Models/Permission::getPermissions(Array, true)
#18 C:/xampp/htdocs/ERP_model/vendor/spatie/laravel-permission/src/Models/Permission.php(95): Spatie/Permission/Models/Permission::getPermission(Array)
#19 C:/xampp/htdocs/ERP_model/vendor/spatie/laravel-permission/src/Traits/HasPermissions.php(188): Spatie/Permission/Models/Permission::findByName('products.view', 'web')
#20 C:/xampp/htdocs/ERP_model/vendor/spatie/laravel-permission/src/Traits/HasPermissions.php(215): App/Models/User->filterPermission('products.view', NULL)
#21 C:/xampp/htdocs/ERP_model/vendor/spatie/laravel-permission/src/Traits/HasPermissions.php(263): App/Models/User->hasPermissionTo('products.view', NULL)
#22 C:/xampp/htdocs/ERP_model/vendor/spatie/laravel-permission/src/PermissionRegistrar.php(130): App/Models/User->checkPermissionTo('products.view', NULL)
#23 C:/xampp/htdocs/ERP_model/vendor/laravel/framework/src/Illuminate/Auth/Access/Gate.php(571): Spatie/Permission/PermissionRegistrar->Spatie/Permission/{closure}(Object(App/Models/User), 'products.view', Array)
#24 C:/xampp/htdocs/ERP_model/vendor/laravel/framework/src/Illuminate/Auth/Access/Gate.php(443): Illuminate/Auth/Access/Gate->callBeforeCallbacks(Object(App/Models/User), 'products.view', Array)
#25 C:/xampp/htdocs/ERP_model/vendor/laravel/framework/src/Illuminate/Auth/Access/Gate.php(411): Illuminate/Auth/Access/Gate->raw('products.view', Array)
#26 C:/xampp/htdocs/ERP_model/vendor/laravel/framework/src/Illuminate/Auth/Access/Gate.php(359): Illuminate/Auth/Access/Gate->inspect('products.view', Array)
#27 C:/xampp/htdocs/ERP_model/vendor/laravel/framework/src/Illuminate/Collections/Traits/EnumeratesValues.php(312): Illuminate/Auth/Access/Gate->Illuminate/Auth/Access/{closure}('products.view', 0)
#28 C:/xampp/htdocs/ERP_model/vendor/laravel/framework/src/Illuminate/Auth/Access/Gate.php(358): Illuminate/Support/Collection->every(Object(Closure))
#29 C:/xampp/htdocs/ERP_model/storage/framework/views/6be3be12a6faaabe658a4c3bf65ad5a9.php(69): Illuminate/Auth/Access/Gate->check('products.view')
#30 C:/xampp/htdocs/ERP_model/vendor/laravel/framework/src/Illuminate/Filesystem/Filesystem.php(123): require('C://xampp//htdocs...')
#31 C:/xampp/htdocs/ERP_model/vendor/laravel/framework/src/Illuminate/Filesystem/Filesystem.php(124): Illuminate/Filesystem/Filesystem::Illuminate/Filesystem/{closure}()
#32 C:/xampp/htdocs/ERP_model/vendor/laravel/framework/src/Illuminate/View/Engines/PhpEngine.php(57): Illuminate/Filesystem/Filesystem->getRequire('C://xampp//htdocs...', Array)
#33 C:/xampp/htdocs/ERP_model/vendor/laravel/framework/src/Illuminate/View/Engines/CompilerEngine.php(76): Illuminate/View/Engines/PhpEngine->evaluatePath('C://xampp//htdocs...', Array)
#34 C:/xampp/htdocs/ERP_model/vendor/laravel/framework/src/Illuminate/View/View.php(208): Illuminate/View/Engines/CompilerEngine->get('C://xampp//htdocs...', Array)
#35 C:/xampp/htdocs/ERP_model/vendor/laravel/framework/src/Illuminate/View/View.php(191): Illuminate/View/View->getContents()
#36 C:/xampp/htdocs/ERP_model/vendor/laravel/framework/src/Illuminate/View/View.php(160): Illuminate/View/View->renderContents()
#37 C:/xampp/htdocs/ERP_model/storage/framework/views/d6d0a8be75dceb0933c387c3f2d6b014.php(92): Illuminate/View/View->render()
#38 C:/xampp/htdocs/ERP_model/vendor/laravel/framework/src/Illuminate/Filesystem/Filesystem.php(123): require('C://xampp//htdocs...')
#39 C:/xampp/htdocs/ERP_model/vendor/laravel/framework/src/Illuminate/Filesystem/Filesystem.php(124): Illuminate/Filesystem/Filesystem::Illuminate/Filesystem/{closure}()
#40 C:/xampp/htdocs/ERP_model/vendor/laravel/framework/src/Illuminate/View/Engines/PhpEngine.php(57): Illuminate/Filesystem/Filesystem->getRequire('C://xampp//htdocs...', Array)
#41 C:/xampp/htdocs/ERP_model/vendor/laravel/framework/src/Illuminate/View/Engines/CompilerEngine.php(76): Illuminate/View/Engines/PhpEngine->evaluatePath('C://xampp//htdocs...', Array)
#42 C:/xampp/htdocs/ERP_model/vendor/laravel/framework/src/Illuminate/View/View.php(208): Illuminate/View/Engines/CompilerEngine->get('C://xampp//htdocs...', Array)
#43 C:/xampp/htdocs/ERP_model/vendor/laravel/framework/src/Illuminate/View/View.php(191): Illuminate/View/View->getContents()
#44 C:/xampp/htdocs/ERP_model/vendor/laravel/framework/src/Illuminate/View/View.php(160): Illuminate/View/View->renderContents()
#45 C:/xampp/htdocs/ERP_model/vendor/laravel/framework/src/Illuminate/Http/Response.php(78): Illuminate/View/View->render()
#46 C:/xampp/htdocs/ERP_model/vendor/laravel/framework/src/Illuminate/Http/Response.php(34): Illuminate/Http/Response->setContent(Object(Illuminate/View/View))
#47 C:/xampp/htdocs/ERP_model/vendor/laravel/framework/src/Illuminate/Routing/Router.php(939): Illuminate/Http/Response->__construct(Object(Illuminate/View/View), 200, Array)
#48 C:/xampp/htdocs/ERP_model/vendor/laravel/framework/src/Illuminate/Routing/Router.php(906): Illuminate/Routing/Router::toResponse(Object(Illuminate/Http/Request), Object(Illuminate/View/View))
#49 C:/xampp/htdocs/ERP_model/vendor/laravel/framework/src/Illuminate/Routing/Router.php(821): Illuminate/Routing/Router->prepareResponse(Object(Illuminate/Http/Request), Object(Illuminate/View/View))
#50 C:/xampp/htdocs/ERP_model/vendor/laravel/framework/src/Illuminate/Pipeline/Pipeline.php(180): Illuminate/Routing/Router->Illuminate/Routing/{closure}(Object(Illuminate/Http/Request))
#51 C:/xampp/htdocs/ERP_model/vendor/laravel/framework/src/Illuminate/Routing/Middleware/SubstituteBindings.php(50): Illuminate/Pipeline/Pipeline->Illuminate/Pipeline/{closure}(Object(Illuminate/Http/Request))
#52 C:/xampp/htdocs/ERP_model/vendor/laravel/framework/src/Illuminate/Pipeline/Pipeline.php(219): Illuminate/Routing/Middleware/SubstituteBindings->handle(Object(Illuminate/Http/Request), Object(Closure))
#53 C:/xampp/htdocs/ERP_model/vendor/laravel/framework/src/Illuminate/Auth/Middleware/Authenticate.php(63): Illuminate/Pipeline/Pipeline->Illuminate/Pipeline/{closure}(Object(Illuminate/Http/Request))
#54 C:/xampp/htdocs/ERP_model/vendor/laravel/framework/src/Illuminate/Pipeline/Pipeline.php(219): Illuminate/Auth/Middleware/Authenticate->handle(Object(Illuminate/Http/Request), Object(Closure))
#55 C:/xampp/htdocs/ERP_model/vendor/laravel/framework/src/Illuminate/Foundation/Http/Middleware/VerifyCsrfToken.php(87): Illuminate/Pipeline/Pipeline->Illuminate/Pipeline/{closure}(Object(Illuminate/Http/Request))
#56 C:/xampp/htdocs/ERP_model/vendor/laravel/framework/src/Illuminate/Pipeline/Pipeline.php(219): Illuminate/Foundation/Http/Middleware/VerifyCsrfToken->handle(Object(Illuminate/Http/Request), Object(Closure))
#57 C:/xampp/htdocs/ERP_model/vendor/laravel/framework/src/Illuminate/View/Middleware/ShareErrorsFromSession.php(48): Illuminate/Pipeline/Pipeline->Illuminate/Pipeline/{closure}(Object(Illuminate/Http/Request))
#58 C:/xampp/htdocs/ERP_model/vendor/laravel/framework/src/Illuminate/Pipeline/Pipeline.php(219): Illuminate/View/Middleware/ShareErrorsFromSession->handle(Object(Illuminate/Http/Request), Object(Closure))
#59 C:/xampp/htdocs/ERP_model/vendor/laravel/framework/src/Illuminate/Session/Middleware/StartSession.php(120): Illuminate/Pipeline/Pipeline->Illuminate/Pipeline/{closure}(Object(Illuminate/Http/Request))
#60 C:/xampp/htdocs/ERP_model/vendor/laravel/framework/src/Illuminate/Session/Middleware/StartSession.php(63): Illuminate/Session/Middleware/StartSession->handleStatefulRequest(Object(Illuminate/Http/Request), Object(Illuminate/Session/Store), Object(Closure))
#61 C:/xampp/htdocs/ERP_model/vendor/laravel/framework/src/Illuminate/Pipeline/Pipeline.php(219): Illuminate/Session/Middleware/StartSession->handle(Object(Illuminate/Http/Request), Object(Closure))
#62 C:/xampp/htdocs/ERP_model/vendor/laravel/framework/src/Illuminate/Cookie/Middleware/AddQueuedCookiesToResponse.php(36): Illuminate/Pipeline/Pipeline->Illuminate/Pipeline/{closure}(Object(Illuminate/Http/Request))
#63 C:/xampp/htdocs/ERP_model/vendor/laravel/framework/src/Illuminate/Pipeline/Pipeline.php(219): Illuminate/Cookie/Middleware/AddQueuedCookiesToResponse->handle(Object(Illuminate/Http/Request), Object(Closure))
#64 C:/xampp/htdocs/ERP_model/vendor/laravel/framework/src/Illuminate/Cookie/Middleware/EncryptCookies.php(74): Illuminate/Pipeline/Pipeline->Illuminate/Pipeline/{closure}(Object(Illuminate/Http/Request))
#65 C:/xampp/htdocs/ERP_model/vendor/laravel/framework/src/Illuminate/Pipeline/Pipeline.php(219): Illuminate/Cookie/Middleware/EncryptCookies->handle(Object(Illuminate/Http/Request), Object(Closure))
#66 C:/xampp/htdocs/ERP_model/vendor/laravel/framework/src/Illuminate/Pipeline/Pipeline.php(137): Illuminate/Pipeline/Pipeline->Illuminate/Pipeline/{closure}(Object(Illuminate/Http/Request))
#67 C:/xampp/htdocs/ERP_model/vendor/laravel/framework/src/Illuminate/Routing/Router.php(821): Illuminate/Pipeline/Pipeline->then(Object(Closure))
#68 C:/xampp/htdocs/ERP_model/vendor/laravel/framework/src/Illuminate/Routing/Router.php(800): Illuminate/Routing/Router->runRouteWithinStack(Object(Illuminate/Routing/Route), Object(Illuminate/Http/Request))
#69 C:/xampp/htdocs/ERP_model/vendor/laravel/framework/src/Illuminate/Routing/Router.php(764): Illuminate/Routing/Router->runRoute(Object(Illuminate/Http/Request), Object(Illuminate/Routing/Route))
#70 C:/xampp/htdocs/ERP_model/vendor/laravel/framework/src/Illuminate/Routing/Router.php(753): Illuminate/Routing/Router->dispatchToRoute(Object(Illuminate/Http/Request))
#71 C:/xampp/htdocs/ERP_model/vendor/laravel/framework/src/Illuminate/Foundation/Http/Kernel.php(200): Illuminate/Routing/Router->dispatch(Object(Illuminate/Http/Request))
#72 C:/xampp/htdocs/ERP_model/vendor/laravel/framework/src/Illuminate/Pipeline/Pipeline.php(180): Illuminate/Foundation/Http/Kernel->Illuminate/Foundation/Http/{closure}(Object(Illuminate/Http/Request))
#73 C:/xampp/htdocs/ERP_model/vendor/laravel/framework/src/Illuminate/Foundation/Http/Middleware/TransformsRequest.php(21): Illuminate/Pipeline/Pipeline->Illuminate/Pipeline/{closure}(Object(Illuminate/Http/Request))
#74 C:/xampp/htdocs/ERP_model/vendor/laravel/framework/src/Illuminate/Foundation/Http/Middleware/ConvertEmptyStringsToNull.php(31): Illuminate/Foundation/Http/Middleware/TransformsRequest->handle(Object(Illuminate/Http/Request), Object(Closure))
#75 C:/xampp/htdocs/ERP_model/vendor/laravel/framework/src/Illuminate/Pipeline/Pipeline.php(219): Illuminate/Foundation/Http/Middleware/ConvertEmptyStringsToNull->handle(Object(Illuminate/Http/Request), Object(Closure))
#76 C:/xampp/htdocs/ERP_model/vendor/laravel/framework/src/Illuminate/Foundation/Http/Middleware/TransformsRequest.php(21): Illuminate/Pipeline/Pipeline->Illuminate/Pipeline/{closure}(Object(Illuminate/Http/Request))
#77 C:/xampp/htdocs/ERP_model/vendor/laravel/framework/src/Illuminate/Foundation/Http/Middleware/TrimStrings.php(51): Illuminate/Foundation/Http/Middleware/TransformsRequest->handle(Object(Illuminate/Http/Request), Object(Closure))
#78 C:/xampp/htdocs/ERP_model/vendor/laravel/framework/src/Illuminate/Pipeline/Pipeline.php(219): Illuminate/Foundation/Http/Middleware/TrimStrings->handle(Object(Illuminate/Http/Request), Object(Closure))
#79 C:/xampp/htdocs/ERP_model/vendor/laravel/framework/src/Illuminate/Http/Middleware/ValidatePostSize.php(27): Illuminate/Pipeline/Pipeline->Illuminate/Pipeline/{closure}(Object(Illuminate/Http/Request))
#80 C:/xampp/htdocs/ERP_model/vendor/laravel/framework/src/Illuminate/Pipeline/Pipeline.php(219): Illuminate/Http/Middleware/ValidatePostSize->handle(Object(Illuminate/Http/Request), Object(Closure))
#81 C:/xampp/htdocs/ERP_model/vendor/laravel/framework/src/Illuminate/Foundation/Http/Middleware/PreventRequestsDuringMaintenance.php(109): Illuminate/Pipeline/Pipeline->Illuminate/Pipeline/{closure}(Object(Illuminate/Http/Request))
#82 C:/xampp/htdocs/ERP_model/vendor/laravel/framework/src/Illuminate/Pipeline/Pipeline.php(219): Illuminate/Foundation/Http/Middleware/PreventRequestsDuringMaintenance->handle(Object(Illuminate/Http/Request), Object(Closure))
#83 C:/xampp/htdocs/ERP_model/vendor/laravel/framework/src/Illuminate/Http/Middleware/HandleCors.php(61): Illuminate/Pipeline/Pipeline->Illuminate/Pipeline/{closure}(Object(Illuminate/Http/Request))
#84 C:/xampp/htdocs/ERP_model/vendor/laravel/framework/src/Illuminate/Pipeline/Pipeline.php(219): Illuminate/Http/Middleware/HandleCors->handle(Object(Illuminate/Http/Request), Object(Closure))
#85 C:/xampp/htdocs/ERP_model/vendor/laravel/framework/src/Illuminate/Http/Middleware/TrustProxies.php(58): Illuminate/Pipeline/Pipeline->Illuminate/Pipeline/{closure}(Object(Illuminate/Http/Request))
#86 C:/xampp/htdocs/ERP_model/vendor/laravel/framework/src/Illuminate/Pipeline/Pipeline.php(219): Illuminate/Http/Middleware/TrustProxies->handle(Object(Illuminate/Http/Request), Object(Closure))
#87 C:/xampp/htdocs/ERP_model/vendor/laravel/framework/src/Illuminate/Foundation/Http/Middleware/InvokeDeferredCallbacks.php(22): Illuminate/Pipeline/Pipeline->Illuminate/Pipeline/{closure}(Object(Illuminate/Http/Request))
#88 C:/xampp/htdocs/ERP_model/vendor/laravel/framework/src/Illuminate/Pipeline/Pipeline.php(219): Illuminate/Foundation/Http/Middleware/InvokeDeferredCallbacks->handle(Object(Illuminate/Http/Request), Object(Closure))
#89 C:/xampp/htdocs/ERP_model/vendor/laravel/framework/src/Illuminate/Http/Middleware/ValidatePathEncoding.php(26): Illuminate/Pipeline/Pipeline->Illuminate/Pipeline/{closure}(Object(Illuminate/Http/Request))
#90 C:/xampp/htdocs/ERP_model/vendor/laravel/framework/src/Illuminate/Pipeline/Pipeline.php(219): Illuminate/Http/Middleware/ValidatePathEncoding->handle(Object(Illuminate/Http/Request), Object(Closure))
#91 C:/xampp/htdocs/ERP_model/vendor/laravel/framework/src/Illuminate/Pipeline/Pipeline.php(137): Illuminate/Pipeline/Pipeline->Illuminate/Pipeline/{closure}(Object(Illuminate/Http/Request))
#92 C:/xampp/htdocs/ERP_model/vendor/laravel/framework/src/Illuminate/Foundation/Http/Kernel.php(175): Illuminate/Pipeline/Pipeline->then(Object(Closure))
#93 C:/xampp/htdocs/ERP_model/vendor/laravel/framework/src/Illuminate/Foundation/Http/Kernel.php(144): Illuminate/Foundation/Http/Kernel->sendRequestThroughRouter(Object(Illuminate/Http/Request))
#94 C:/xampp/htdocs/ERP_model/vendor/laravel/framework/src/Illuminate/Foundation/Application.php(1220): Illuminate/Foundation/Http/Kernel->handle(Object(Illuminate/Http/Request))
#95 C:/xampp/htdocs/ERP_model/public/index.php(20): Illuminate/Foundation/Application->handleRequest(Object(Illuminate/Http/Request))
#96 C:/xampp/htdocs/ERP_model/vendor/laravel/framework/src/Illuminate/Foundation/resources/server.php(23): require_once('C://xampp//htdocs...')
#97 {main}
"} 
[2026-06-19 06:18:55] local.ERROR: SQLSTATE[42S02]: Base table or view not found: 1146 Table 'erp_model.permissions' doesn't exist (Connection: mysql, Host: 127.0.0.1, Port: 3306, Database: erp_model, SQL: select * from `permissions`) {"exception":"[object] (Illuminate\\Database\\QueryException(code: 42S02): SQLSTATE[42S02]: Base table or view not found: 1146 Table 'erp_model.permissions' doesn't exist (Connection: mysql, Host: 127.0.0.1, Port: 3306, Database: erp_model, SQL: select * from `permissions`) at C:/xampp/htdocs/ERP_model/vendor/laravel/framework/src/Illuminate/Database/Connection.php:838)
[stacktrace]
#0 C:/xampp/htdocs/ERP_model/vendor/laravel/framework/src/Illuminate/Database/Connection.php(794): Illuminate/Database/Connection->runQueryCallback('select * from `...', Array, Object(Closure))
#1 C:/xampp/htdocs/ERP_model/vendor/laravel/framework/src/Illuminate/Database/Connection.php(411): Illuminate/Database/Connection->run('select * from `...', Array, Object(Closure))
#2 C:/xampp/htdocs/ERP_model/vendor/laravel/framework/src/Illuminate/Database/Query/Builder.php(3505): Illuminate/Database/Connection->select('select * from `...', Array, true)
#3 C:/xampp/htdocs/ERP_model/vendor/laravel/framework/src/Illuminate/Database/Query/Builder.php(3490): Illuminate/Database/Query/Builder->runSelect()
#4 C:/xampp/htdocs/ERP_model/vendor/laravel/framework/src/Illuminate/Database/Query/Builder.php(4080): Illuminate/Database/Query/Builder->Illuminate/Database/Query/{closure}()
#5 C:/xampp/htdocs/ERP_model/vendor/laravel/framework/src/Illuminate/Database/Query/Builder.php(3489): Illuminate/Database/Query/Builder->onceWithColumns(Array, Object(Closure))
#6 C:/xampp/htdocs/ERP_model/vendor/laravel/framework/src/Illuminate/Database/Eloquent/Builder.php(902): Illuminate/Database/Query/Builder->get(Array)
#7 C:/xampp/htdocs/ERP_model/vendor/laravel/framework/src/Illuminate/Database/Eloquent/Builder.php(884): Illuminate/Database/Eloquent/Builder->getModels(Array)
#8 C:/xampp/htdocs/ERP_model/vendor/spatie/laravel-permission/src/PermissionRegistrar.php(304): Illuminate/Database/Eloquent/Builder->get()
#9 C:/xampp/htdocs/ERP_model/vendor/spatie/laravel-permission/src/PermissionRegistrar.php(341): Spatie/Permission/PermissionRegistrar->getPermissionsWithRoles()
#10 C:/xampp/htdocs/ERP_model/vendor/spatie/laravel-permission/src/PermissionRegistrar.php(222): Spatie/Permission/PermissionRegistrar->getSerializedPermissionsForCache()
#11 C:/xampp/htdocs/ERP_model/vendor/laravel/framework/src/Illuminate/Cache/Repository.php(564): Spatie/Permission/PermissionRegistrar->Spatie/Permission/{closure}()
#12 C:/xampp/htdocs/ERP_model/vendor/spatie/laravel-permission/src/PermissionRegistrar.php(221): Illuminate/Cache/Repository->remember('spatie.permissi...', Object(DateInterval), Object(Closure))
#13 C:/xampp/htdocs/ERP_model/vendor/spatie/laravel-permission/src/PermissionRegistrar.php(243): Spatie/Permission/PermissionRegistrar->loadPermissions()
#14 C:/xampp/htdocs/ERP_model/vendor/spatie/laravel-permission/src/Models/Permission.php(146): Spatie/Permission/PermissionRegistrar->getPermissions(Array, true)
#15 C:/xampp/htdocs/ERP_model/vendor/spatie/laravel-permission/src/Models/Permission.php(157): Spatie/Permission/Models/Permission::getPermissions(Array, true)
#16 C:/xampp/htdocs/ERP_model/vendor/spatie/laravel-permission/src/Models/Permission.php(47): Spatie/Permission/Models/Permission::getPermission(Array)
#17 C:/xampp/htdocs/ERP_model/database/seeders/RolesAndPermissionsSeeder.php(30): Spatie/Permission/Models/Permission::create(Array)
#18 C:/xampp/htdocs/ERP_model/vendor/laravel/framework/src/Illuminate/Container/BoundMethod.php(36): Database/Seeders/RolesAndPermissionsSeeder->run()
#19 C:/xampp/htdocs/ERP_model/vendor/laravel/framework/src/Illuminate/Container/Util.php(43): Illuminate/Container/BoundMethod::Illuminate/Container/{closure}()
#20 C:/xampp/htdocs/ERP_model/vendor/laravel/framework/src/Illuminate/Container/BoundMethod.php(96): Illuminate/Container/Util::unwrapIfClosure(Object(Closure))
#21 C:/xampp/htdocs/ERP_model/vendor/laravel/framework/src/Illuminate/Container/BoundMethod.php(35): Illuminate/Container/BoundMethod::callBoundMethod(Object(Illuminate/Foundation/Application), Array, Object(Closure))
#22 C:/xampp/htdocs/ERP_model/vendor/laravel/framework/src/Illuminate/Container/Container.php(799): Illuminate/Container/BoundMethod::call(Object(Illuminate/Foundation/Application), Array, Array, NULL)
#23 C:/xampp/htdocs/ERP_model/vendor/laravel/framework/src/Illuminate/Database/Seeder.php(184): Illuminate/Container/Container->call(Array, Array)
#24 C:/xampp/htdocs/ERP_model/vendor/laravel/framework/src/Illuminate/Database/Seeder.php(193): Illuminate/Database/Seeder->Illuminate/Database/{closure}()
#25 C:/xampp/htdocs/ERP_model/vendor/laravel/framework/src/Illuminate/Database/Seeder.php(59): Illuminate/Database/Seeder->__invoke(Array)
#26 C:/xampp/htdocs/ERP_model/database/seeders/DatabaseSeeder.php(11): Illuminate/Database/Seeder->call('Database//Seeder...')
#27 C:/xampp/htdocs/ERP_model/vendor/laravel/framework/src/Illuminate/Container/BoundMethod.php(36): Database/Seeders/DatabaseSeeder->run()
#28 C:/xampp/htdocs/ERP_model/vendor/laravel/framework/src/Illuminate/Container/Util.php(43): Illuminate/Container/BoundMethod::Illuminate/Container/{closure}()
#29 C:/xampp/htdocs/ERP_model/vendor/laravel/framework/src/Illuminate/Container/BoundMethod.php(96): Illuminate/Container/Util::unwrapIfClosure(Object(Closure))
#30 C:/xampp/htdocs/ERP_model/vendor/laravel/framework/src/Illuminate/Container/BoundMethod.php(35): Illuminate/Container/BoundMethod::callBoundMethod(Object(Illuminate/Foundation/Application), Array, Object(Closure))
#31 C:/xampp/htdocs/ERP_model/vendor/laravel/framework/src/Illuminate/Container/Container.php(799): Illuminate/Container/BoundMethod::call(Object(Illuminate/Foundation/Application), Array, Array, NULL)
#32 C:/xampp/htdocs/ERP_model/vendor/laravel/framework/src/Illuminate/Database/Seeder.php(184): Illuminate/Container/Container->call(Array, Array)
#33 C:/xampp/htdocs/ERP_model/vendor/laravel/framework/src/Illuminate/Database/Seeder.php(193): Illuminate/Database/Seeder->Illuminate/Database/{closure}()
#34 C:/xampp/htdocs/ERP_model/vendor/laravel/framework/src/Illuminate/Database/Console/Seeds/SeedCommand.php(71): Illuminate/Database/Seeder->__invoke()
#35 C:/xampp/htdocs/ERP_model/vendor/laravel/framework/src/Illuminate/Database/Eloquent/Concerns/GuardsAttributes.php(157): Illuminate/Database/Console/Seeds/SeedCommand->Illuminate/Database/Console/Seeds/{closure}()
#36 C:/xampp/htdocs/ERP_model/vendor/laravel/framework/src/Illuminate/Database/Console/Seeds/SeedCommand.php(70): Illuminate/Database/Eloquent/Model::unguarded(Object(Closure))
#37 C:/xampp/htdocs/ERP_model/vendor/laravel/framework/src/Illuminate/Container/BoundMethod.php(36): Illuminate/Database/Console/Seeds/SeedCommand->handle()
#38 C:/xampp/htdocs/ERP_model/vendor/laravel/framework/src/Illuminate/Container/Util.php(43): Illuminate/Container/BoundMethod::Illuminate/Container/{closure}()
#39 C:/xampp/htdocs/ERP_model/vendor/laravel/framework/src/Illuminate/Container/BoundMethod.php(96): Illuminate/Container/Util::unwrapIfClosure(Object(Closure))
#40 C:/xampp/htdocs/ERP_model/vendor/laravel/framework/src/Illuminate/Container/BoundMethod.php(35): Illuminate/Container/BoundMethod::callBoundMethod(Object(Illuminate/Foundation/Application), Array, Object(Closure))
#41 C:/xampp/htdocs/ERP_model/vendor/laravel/framework/src/Illuminate/Container/Container.php(799): Illuminate/Container/BoundMethod::call(Object(Illuminate/Foundation/Application), Array, Array, NULL)
#42 C:/xampp/htdocs/ERP_model/vendor/laravel/framework/src/Illuminate/Console/Command.php(211): Illuminate/Container/Container->call(Array)
#43 C:/xampp/htdocs/ERP_model/vendor/symfony/console/Command/Command.php(341): Illuminate/Console/Command->execute(Object(Symfony/Component/Console/Input/ArrayInput), Object(Illuminate/Console/OutputStyle))
#44 C:/xampp/htdocs/ERP_model/vendor/laravel/framework/src/Illuminate/Console/Command.php(180): Symfony/Component/Console/Command/Command->run(Object(Symfony/Component/Console/Input/ArrayInput), Object(Illuminate/Console/OutputStyle))
#45 C:/xampp/htdocs/ERP_model/vendor/laravel/framework/src/Illuminate/Console/Concerns/CallsCommands.php(68): Illuminate/Console/Command->run(Object(Symfony/Component/Console/Input/ArrayInput), Object(Illuminate/Console/OutputStyle))
#46 C:/xampp/htdocs/ERP_model/vendor/laravel/framework/src/Illuminate/Console/Concerns/CallsCommands.php(29): Illuminate/Console/Command->runCommand('db:seed', Array, Object(Illuminate/Console/OutputStyle))
#47 C:/xampp/htdocs/ERP_model/vendor/laravel/framework/src/Illuminate/Database/Console/Migrations/FreshCommand.php(128): Illuminate/Console/Command->call('db:seed', Array)
#48 C:/xampp/htdocs/ERP_model/vendor/laravel/framework/src/Illuminate/Database/Console/Migrations/FreshCommand.php(104): Illuminate/Database/Console/Migrations/FreshCommand->runSeeder(NULL)
#49 C:/xampp/htdocs/ERP_model/vendor/laravel/framework/src/Illuminate/Container/BoundMethod.php(36): Illuminate/Database/Console/Migrations/FreshCommand->handle()
#50 C:/xampp/htdocs/ERP_model/vendor/laravel/framework/src/Illuminate/Container/Util.php(43): Illuminate/Container/BoundMethod::Illuminate/Container/{closure}()
#51 C:/xampp/htdocs/ERP_model/vendor/laravel/framework/src/Illuminate/Container/BoundMethod.php(96): Illuminate/Container/Util::unwrapIfClosure(Object(Closure))
#52 C:/xampp/htdocs/ERP_model/vendor/laravel/framework/src/Illuminate/Container/BoundMethod.php(35): Illuminate/Container/BoundMethod::callBoundMethod(Object(Illuminate/Foundation/Application), Array, Object(Closure))
#53 C:/xampp/htdocs/ERP_model/vendor/laravel/framework/src/Illuminate/Container/Container.php(799): Illuminate/Container/BoundMethod::call(Object(Illuminate/Foundation/Application), Array, Array, NULL)
#54 C:/xampp/htdocs/ERP_model/vendor/laravel/framework/src/Illuminate/Console/Command.php(211): Illuminate/Container/Container->call(Array)
#55 C:/xampp/htdocs/ERP_model/vendor/symfony/console/Command/Command.php(341): Illuminate/Console/Command->execute(Object(Symfony/Component/Console/Input/ArgvInput), Object(Illuminate/Console/OutputStyle))
#56 C:/xampp/htdocs/ERP_model/vendor/laravel/framework/src/Illuminate/Console/Command.php(180): Symfony/Component/Console/Command/Command->run(Object(Symfony/Component/Console/Input/ArgvInput), Object(Illuminate/Console/OutputStyle))
#57 C:/xampp/htdocs/ERP_model/vendor/symfony/console/Application.php(1117): Illuminate/Console/Command->run(Object(Symfony/Component/Console/Input/ArgvInput), Object(Symfony/Component/Console/Output/ConsoleOutput))
#58 C:/xampp/htdocs/ERP_model/vendor/symfony/console/Application.php(356): Symfony/Component/Console/Application->doRunCommand(Object(Illuminate/Database/Console/Migrations/FreshCommand), Object(Symfony/Component/Console/Input/ArgvInput), Object(Symfony/Component/Console/Output/ConsoleOutput))
#59 C:/xampp/htdocs/ERP_model/vendor/symfony/console/Application.php(195): Symfony/Component/Console/Application->doRun(Object(Symfony/Component/Console/Input/ArgvInput), Object(Symfony/Component/Console/Output/ConsoleOutput))
#60 C:/xampp/htdocs/ERP_model/vendor/laravel/framework/src/Illuminate/Foundation/Console/Kernel.php(198): Symfony/Component/Console/Application->run(Object(Symfony/Component/Console/Input/ArgvInput), Object(Symfony/Component/Console/Output/ConsoleOutput))
#61 C:/xampp/htdocs/ERP_model/vendor/laravel/framework/src/Illuminate/Foundation/Application.php(1235): Illuminate/Foundation/Console/Kernel->handle(Object(Symfony/Component/Console/Input/ArgvInput), Object(Symfony/Component/Console/Output/ConsoleOutput))
#62 C:/xampp/htdocs/ERP_model/artisan(16): Illuminate/Foundation/Application->handleCommand(Object(Symfony/Component/Console/Input/ArgvInput))
#63 {main}

[previous exception] [object] (PDOException(code: 42S02): SQLSTATE[42S02]: Base table or view not found: 1146 Table 'erp_model.permissions' doesn't exist at C:/xampp/htdocs/ERP_model/vendor/laravel/framework/src/Illuminate/Database/Connection.php:420)
[stacktrace]
#0 C:/xampp/htdocs/ERP_model/vendor/laravel/framework/src/Illuminate/Database/Connection.php(420): PDO->prepare('select * from `...')
#1 C:/xampp/htdocs/ERP_model/vendor/laravel/framework/src/Illuminate/Database/Connection.php(827): Illuminate/Database/Connection->Illuminate/Database/{closure}('select * from `...', Array)
#2 C:/xampp/htdocs/ERP_model/vendor/laravel/framework/src/Illuminate/Database/Connection.php(794): Illuminate/Database/Connection->runQueryCallback('select * from `...', Array, Object(Closure))
#3 C:/xampp/htdocs/ERP_model/vendor/laravel/framework/src/Illuminate/Database/Connection.php(411): Illuminate/Database/Connection->run('select * from `...', Array, Object(Closure))
#4 C:/xampp/htdocs/ERP_model/vendor/laravel/framework/src/Illuminate/Database/Query/Builder.php(3505): Illuminate/Database/Connection->select('select * from `...', Array, true)
#5 C:/xampp/htdocs/ERP_model/vendor/laravel/framework/src/Illuminate/Database/Query/Builder.php(3490): Illuminate/Database/Query/Builder->runSelect()
#6 C:/xampp/htdocs/ERP_model/vendor/laravel/framework/src/Illuminate/Database/Query/Builder.php(4080): Illuminate/Database/Query/Builder->Illuminate/Database/Query/{closure}()
#7 C:/xampp/htdocs/ERP_model/vendor/laravel/framework/src/Illuminate/Database/Query/Builder.php(3489): Illuminate/Database/Query/Builder->onceWithColumns(Array, Object(Closure))
#8 C:/xampp/htdocs/ERP_model/vendor/laravel/framework/src/Illuminate/Database/Eloquent/Builder.php(902): Illuminate/Database/Query/Builder->get(Array)
#9 C:/xampp/htdocs/ERP_model/vendor/laravel/framework/src/Illuminate/Database/Eloquent/Builder.php(884): Illuminate/Database/Eloquent/Builder->getModels(Array)
#10 C:/xampp/htdocs/ERP_model/vendor/spatie/laravel-permission/src/PermissionRegistrar.php(304): Illuminate/Database/Eloquent/Builder->get()
#11 C:/xampp/htdocs/ERP_model/vendor/spatie/laravel-permission/src/PermissionRegistrar.php(341): Spatie/Permission/PermissionRegistrar->getPermissionsWithRoles()
#12 C:/xampp/htdocs/ERP_model/vendor/spatie/laravel-permission/src/PermissionRegistrar.php(222): Spatie/Permission/PermissionRegistrar->getSerializedPermissionsForCache()
#13 C:/xampp/htdocs/ERP_model/vendor/laravel/framework/src/Illuminate/Cache/Repository.php(564): Spatie/Permission/PermissionRegistrar->Spatie/Permission/{closure}()
#14 C:/xampp/htdocs/ERP_model/vendor/spatie/laravel-permission/src/PermissionRegistrar.php(221): Illuminate/Cache/Repository->remember('spatie.permissi...', Object(DateInterval), Object(Closure))
#15 C:/xampp/htdocs/ERP_model/vendor/spatie/laravel-permission/src/PermissionRegistrar.php(243): Spatie/Permission/PermissionRegistrar->loadPermissions()
#16 C:/xampp/htdocs/ERP_model/vendor/spatie/laravel-permission/src/Models/Permission.php(146): Spatie/Permission/PermissionRegistrar->getPermissions(Array, true)
#17 C:/xampp/htdocs/ERP_model/vendor/spatie/laravel-permission/src/Models/Permission.php(157): Spatie/Permission/Models/Permission::getPermissions(Array, true)
#18 C:/xampp/htdocs/ERP_model/vendor/spatie/laravel-permission/src/Models/Permission.php(47): Spatie/Permission/Models/Permission::getPermission(Array)
#19 C:/xampp/htdocs/ERP_model/database/seeders/RolesAndPermissionsSeeder.php(30): Spatie/Permission/Models/Permission::create(Array)
#20 C:/xampp/htdocs/ERP_model/vendor/laravel/framework/src/Illuminate/Container/BoundMethod.php(36): Database/Seeders/RolesAndPermissionsSeeder->run()
#21 C:/xampp/htdocs/ERP_model/vendor/laravel/framework/src/Illuminate/Container/Util.php(43): Illuminate/Container/BoundMethod::Illuminate/Container/{closure}()
#22 C:/xampp/htdocs/ERP_model/vendor/laravel/framework/src/Illuminate/Container/BoundMethod.php(96): Illuminate/Container/Util::unwrapIfClosure(Object(Closure))
#23 C:/xampp/htdocs/ERP_model/vendor/laravel/framework/src/Illuminate/Container/BoundMethod.php(35): Illuminate/Container/BoundMethod::callBoundMethod(Object(Illuminate/Foundation/Application), Array, Object(Closure))
#24 C:/xampp/htdocs/ERP_model/vendor/laravel/framework/src/Illuminate/Container/Container.php(799): Illuminate/Container/BoundMethod::call(Object(Illuminate/Foundation/Application), Array, Array, NULL)
#25 C:/xampp/htdocs/ERP_model/vendor/laravel/framework/src/Illuminate/Database/Seeder.php(184): Illuminate/Container/Container->call(Array, Array)
#26 C:/xampp/htdocs/ERP_model/vendor/laravel/framework/src/Illuminate/Database/Seeder.php(193): Illuminate/Database/Seeder->Illuminate/Database/{closure}()
#27 C:/xampp/htdocs/ERP_model/vendor/laravel/framework/src/Illuminate/Database/Seeder.php(59): Illuminate/Database/Seeder->__invoke(Array)
#28 C:/xampp/htdocs/ERP_model/database/seeders/DatabaseSeeder.php(11): Illuminate/Database/Seeder->call('Database//Seeder...')
#29 C:/xampp/htdocs/ERP_model/vendor/laravel/framework/src/Illuminate/Container/BoundMethod.php(36): Database/Seeders/DatabaseSeeder->run()
#30 C:/xampp/htdocs/ERP_model/vendor/laravel/framework/src/Illuminate/Container/Util.php(43): Illuminate/Container/BoundMethod::Illuminate/Container/{closure}()
#31 C:/xampp/htdocs/ERP_model/vendor/laravel/framework/src/Illuminate/Container/BoundMethod.php(96): Illuminate/Container/Util::unwrapIfClosure(Object(Closure))
#32 C:/xampp/htdocs/ERP_model/vendor/laravel/framework/src/Illuminate/Container/BoundMethod.php(35): Illuminate/Container/BoundMethod::callBoundMethod(Object(Illuminate/Foundation/Application), Array, Object(Closure))
#33 C:/xampp/htdocs/ERP_model/vendor/laravel/framework/src/Illuminate/Container/Container.php(799): Illuminate/Container/BoundMethod::call(Object(Illuminate/Foundation/Application), Array, Array, NULL)
#34 C:/xampp/htdocs/ERP_model/vendor/laravel/framework/src/Illuminate/Database/Seeder.php(184): Illuminate/Container/Container->call(Array, Array)
#35 C:/xampp/htdocs/ERP_model/vendor/laravel/framework/src/Illuminate/Database/Seeder.php(193): Illuminate/Database/Seeder->Illuminate/Database/{closure}()
#36 C:/xampp/htdocs/ERP_model/vendor/laravel/framework/src/Illuminate/Database/Console/Seeds/SeedCommand.php(71): Illuminate/Database/Seeder->__invoke()
#37 C:/xampp/htdocs/ERP_model/vendor/laravel/framework/src/Illuminate/Database/Eloquent/Concerns/GuardsAttributes.php(157): Illuminate/Database/Console/Seeds/SeedCommand->Illuminate/Database/Console/Seeds/{closure}()
#38 C:/xampp/htdocs/ERP_model/vendor/laravel/framework/src/Illuminate/Database/Console/Seeds/SeedCommand.php(70): Illuminate/Database/Eloquent/Model::unguarded(Object(Closure))
#39 C:/xampp/htdocs/ERP_model/vendor/laravel/framework/src/Illuminate/Container/BoundMethod.php(36): Illuminate/Database/Console/Seeds/SeedCommand->handle()
#40 C:/xampp/htdocs/ERP_model/vendor/laravel/framework/src/Illuminate/Container/Util.php(43): Illuminate/Container/BoundMethod::Illuminate/Container/{closure}()
#41 C:/xampp/htdocs/ERP_model/vendor/laravel/framework/src/Illuminate/Container/BoundMethod.php(96): Illuminate/Container/Util::unwrapIfClosure(Object(Closure))
#42 C:/xampp/htdocs/ERP_model/vendor/laravel/framework/src/Illuminate/Container/BoundMethod.php(35): Illuminate/Container/BoundMethod::callBoundMethod(Object(Illuminate/Foundation/Application), Array, Object(Closure))
#43 C:/xampp/htdocs/ERP_model/vendor/laravel/framework/src/Illuminate/Container/Container.php(799): Illuminate/Container/BoundMethod::call(Object(Illuminate/Foundation/Application), Array, Array, NULL)
#44 C:/xampp/htdocs/ERP_model/vendor/laravel/framework/src/Illuminate/Console/Command.php(211): Illuminate/Container/Container->call(Array)
#45 C:/xampp/htdocs/ERP_model/vendor/symfony/console/Command/Command.php(341): Illuminate/Console/Command->execute(Object(Symfony/Component/Console/Input/ArrayInput), Object(Illuminate/Console/OutputStyle))
#46 C:/xampp/htdocs/ERP_model/vendor/laravel/framework/src/Illuminate/Console/Command.php(180): Symfony/Component/Console/Command/Command->run(Object(Symfony/Component/Console/Input/ArrayInput), Object(Illuminate/Console/OutputStyle))
#47 C:/xampp/htdocs/ERP_model/vendor/laravel/framework/src/Illuminate/Console/Concerns/CallsCommands.php(68): Illuminate/Console/Command->run(Object(Symfony/Component/Console/Input/ArrayInput), Object(Illuminate/Console/OutputStyle))
#48 C:/xampp/htdocs/ERP_model/vendor/laravel/framework/src/Illuminate/Console/Concerns/CallsCommands.php(29): Illuminate/Console/Command->runCommand('db:seed', Array, Object(Illuminate/Console/OutputStyle))
#49 C:/xampp/htdocs/ERP_model/vendor/laravel/framework/src/Illuminate/Database/Console/Migrations/FreshCommand.php(128): Illuminate/Console/Command->call('db:seed', Array)
#50 C:/xampp/htdocs/ERP_model/vendor/laravel/framework/src/Illuminate/Database/Console/Migrations/FreshCommand.php(104): Illuminate/Database/Console/Migrations/FreshCommand->runSeeder(NULL)
#51 C:/xampp/htdocs/ERP_model/vendor/laravel/framework/src/Illuminate/Container/BoundMethod.php(36): Illuminate/Database/Console/Migrations/FreshCommand->handle()
#52 C:/xampp/htdocs/ERP_model/vendor/laravel/framework/src/Illuminate/Container/Util.php(43): Illuminate/Container/BoundMethod::Illuminate/Container/{closure}()
#53 C:/xampp/htdocs/ERP_model/vendor/laravel/framework/src/Illuminate/Container/BoundMethod.php(96): Illuminate/Container/Util::unwrapIfClosure(Object(Closure))
#54 C:/xampp/htdocs/ERP_model/vendor/laravel/framework/src/Illuminate/Container/BoundMethod.php(35): Illuminate/Container/BoundMethod::callBoundMethod(Object(Illuminate/Foundation/Application), Array, Object(Closure))
#55 C:/xampp/htdocs/ERP_model/vendor/laravel/framework/src/Illuminate/Container/Container.php(799): Illuminate/Container/BoundMethod::call(Object(Illuminate/Foundation/Application), Array, Array, NULL)
#56 C:/xampp/htdocs/ERP_model/vendor/laravel/framework/src/Illuminate/Console/Command.php(211): Illuminate/Container/Container->call(Array)
#57 C:/xampp/htdocs/ERP_model/vendor/symfony/console/Command/Command.php(341): Illuminate/Console/Command->execute(Object(Symfony/Component/Console/Input/ArgvInput), Object(Illuminate/Console/OutputStyle))
#58 C:/xampp/htdocs/ERP_model/vendor/laravel/framework/src/Illuminate/Console/Command.php(180): Symfony/Component/Console/Command/Command->run(Object(Symfony/Component/Console/Input/ArgvInput), Object(Illuminate/Console/OutputStyle))
#59 C:/xampp/htdocs/ERP_model/vendor/symfony/console/Application.php(1117): Illuminate/Console/Command->run(Object(Symfony/Component/Console/Input/ArgvInput), Object(Symfony/Component/Console/Output/ConsoleOutput))
#60 C:/xampp/htdocs/ERP_model/vendor/symfony/console/Application.php(356): Symfony/Component/Console/Application->doRunCommand(Object(Illuminate/Database/Console/Migrations/FreshCommand), Object(Symfony/Component/Console/Input/ArgvInput), Object(Symfony/Component/Console/Output/ConsoleOutput))
#61 C:/xampp/htdocs/ERP_model/vendor/symfony/console/Application.php(195): Symfony/Component/Console/Application->doRun(Object(Symfony/Component/Console/Input/ArgvInput), Object(Symfony/Component/Console/Output/ConsoleOutput))
#62 C:/xampp/htdocs/ERP_model/vendor/laravel/framework/src/Illuminate/Foundation/Console/Kernel.php(198): Symfony/Component/Console/Application->run(Object(Symfony/Component/Console/Input/ArgvInput), Object(Symfony/Component/Console/Output/ConsoleOutput))
#63 C:/xampp/htdocs/ERP_model/vendor/laravel/framework/src/Illuminate/Foundation/Application.php(1235): Illuminate/Foundation/Console/Kernel->handle(Object(Symfony/Component/Console/Input/ArgvInput), Object(Symfony/Component/Console/Output/ConsoleOutput))
#64 C:/xampp/htdocs/ERP_model/artisan(16): Illuminate/Foundation/Application->handleCommand(Object(Symfony/Component/Console/Input/ArgvInput))
#65 {main}
"} 
[2026-06-19 06:19:42] local.ERROR: SQLSTATE[42S02]: Base table or view not found: 1146 Table 'erp_model.permissions' doesn't exist (Connection: mysql, Host: 127.0.0.1, Port: 3306, Database: erp_model, SQL: select * from `permissions`) {"exception":"[object] (Illuminate\\Database\\QueryException(code: 42S02): SQLSTATE[42S02]: Base table or view not found: 1146 Table 'erp_model.permissions' doesn't exist (Connection: mysql, Host: 127.0.0.1, Port: 3306, Database: erp_model, SQL: select * from `permissions`) at C:/xampp/htdocs/ERP_model/vendor/laravel/framework/src/Illuminate/Database/Connection.php:838)
[stacktrace]
#0 C:/xampp/htdocs/ERP_model/vendor/laravel/framework/src/Illuminate/Database/Connection.php(794): Illuminate/Database/Connection->runQueryCallback('select * from `...', Array, Object(Closure))
#1 C:/xampp/htdocs/ERP_model/vendor/laravel/framework/src/Illuminate/Database/Connection.php(411): Illuminate/Database/Connection->run('select * from `...', Array, Object(Closure))
#2 C:/xampp/htdocs/ERP_model/vendor/laravel/framework/src/Illuminate/Database/Query/Builder.php(3505): Illuminate/Database/Connection->select('select * from `...', Array, true)
#3 C:/xampp/htdocs/ERP_model/vendor/laravel/framework/src/Illuminate/Database/Query/Builder.php(3490): Illuminate/Database/Query/Builder->runSelect()
#4 C:/xampp/htdocs/ERP_model/vendor/laravel/framework/src/Illuminate/Database/Query/Builder.php(4080): Illuminate/Database/Query/Builder->Illuminate/Database/Query/{closure}()
#5 C:/xampp/htdocs/ERP_model/vendor/laravel/framework/src/Illuminate/Database/Query/Builder.php(3489): Illuminate/Database/Query/Builder->onceWithColumns(Array, Object(Closure))
#6 C:/xampp/htdocs/ERP_model/vendor/laravel/framework/src/Illuminate/Database/Eloquent/Builder.php(902): Illuminate/Database/Query/Builder->get(Array)
#7 C:/xampp/htdocs/ERP_model/vendor/laravel/framework/src/Illuminate/Database/Eloquent/Builder.php(884): Illuminate/Database/Eloquent/Builder->getModels(Array)
#8 C:/xampp/htdocs/ERP_model/vendor/spatie/laravel-permission/src/PermissionRegistrar.php(304): Illuminate/Database/Eloquent/Builder->get()
#9 C:/xampp/htdocs/ERP_model/vendor/spatie/laravel-permission/src/PermissionRegistrar.php(341): Spatie/Permission/PermissionRegistrar->getPermissionsWithRoles()
#10 C:/xampp/htdocs/ERP_model/vendor/spatie/laravel-permission/src/PermissionRegistrar.php(222): Spatie/Permission/PermissionRegistrar->getSerializedPermissionsForCache()
#11 C:/xampp/htdocs/ERP_model/vendor/laravel/framework/src/Illuminate/Cache/Repository.php(564): Spatie/Permission/PermissionRegistrar->Spatie/Permission/{closure}()
#12 C:/xampp/htdocs/ERP_model/vendor/spatie/laravel-permission/src/PermissionRegistrar.php(221): Illuminate/Cache/Repository->remember('spatie.permissi...', Object(DateInterval), Object(Closure))
#13 C:/xampp/htdocs/ERP_model/vendor/spatie/laravel-permission/src/PermissionRegistrar.php(243): Spatie/Permission/PermissionRegistrar->loadPermissions()
#14 C:/xampp/htdocs/ERP_model/vendor/spatie/laravel-permission/src/Models/Permission.php(146): Spatie/Permission/PermissionRegistrar->getPermissions(Array, true)
#15 C:/xampp/htdocs/ERP_model/vendor/spatie/laravel-permission/src/Models/Permission.php(157): Spatie/Permission/Models/Permission::getPermissions(Array, true)
#16 C:/xampp/htdocs/ERP_model/vendor/spatie/laravel-permission/src/Models/Permission.php(47): Spatie/Permission/Models/Permission::getPermission(Array)
#17 C:/xampp/htdocs/ERP_model/database/seeders/RolesAndPermissionsSeeder.php(30): Spatie/Permission/Models/Permission::create(Array)
#18 C:/xampp/htdocs/ERP_model/vendor/laravel/framework/src/Illuminate/Container/BoundMethod.php(36): Database/Seeders/RolesAndPermissionsSeeder->run()
#19 C:/xampp/htdocs/ERP_model/vendor/laravel/framework/src/Illuminate/Container/Util.php(43): Illuminate/Container/BoundMethod::Illuminate/Container/{closure}()
#20 C:/xampp/htdocs/ERP_model/vendor/laravel/framework/src/Illuminate/Container/BoundMethod.php(96): Illuminate/Container/Util::unwrapIfClosure(Object(Closure))
#21 C:/xampp/htdocs/ERP_model/vendor/laravel/framework/src/Illuminate/Container/BoundMethod.php(35): Illuminate/Container/BoundMethod::callBoundMethod(Object(Illuminate/Foundation/Application), Array, Object(Closure))
#22 C:/xampp/htdocs/ERP_model/vendor/laravel/framework/src/Illuminate/Container/Container.php(799): Illuminate/Container/BoundMethod::call(Object(Illuminate/Foundation/Application), Array, Array, NULL)
#23 C:/xampp/htdocs/ERP_model/vendor/laravel/framework/src/Illuminate/Database/Seeder.php(184): Illuminate/Container/Container->call(Array, Array)
#24 C:/xampp/htdocs/ERP_model/vendor/laravel/framework/src/Illuminate/Database/Seeder.php(193): Illuminate/Database/Seeder->Illuminate/Database/{closure}()
#25 C:/xampp/htdocs/ERP_model/vendor/laravel/framework/src/Illuminate/Database/Seeder.php(59): Illuminate/Database/Seeder->__invoke(Array)
#26 C:/xampp/htdocs/ERP_model/database/seeders/DatabaseSeeder.php(11): Illuminate/Database/Seeder->call('Database//Seeder...')
#27 C:/xampp/htdocs/ERP_model/vendor/laravel/framework/src/Illuminate/Container/BoundMethod.php(36): Database/Seeders/DatabaseSeeder->run()
#28 C:/xampp/htdocs/ERP_model/vendor/laravel/framework/src/Illuminate/Container/Util.php(43): Illuminate/Container/BoundMethod::Illuminate/Container/{closure}()
#29 C:/xampp/htdocs/ERP_model/vendor/laravel/framework/src/Illuminate/Container/BoundMethod.php(96): Illuminate/Container/Util::unwrapIfClosure(Object(Closure))
#30 C:/xampp/htdocs/ERP_model/vendor/laravel/framework/src/Illuminate/Container/BoundMethod.php(35): Illuminate/Container/BoundMethod::callBoundMethod(Object(Illuminate/Foundation/Application), Array, Object(Closure))
#31 C:/xampp/htdocs/ERP_model/vendor/laravel/framework/src/Illuminate/Container/Container.php(799): Illuminate/Container/BoundMethod::call(Object(Illuminate/Foundation/Application), Array, Array, NULL)
#32 C:/xampp/htdocs/ERP_model/vendor/laravel/framework/src/Illuminate/Database/Seeder.php(184): Illuminate/Container/Container->call(Array, Array)
#33 C:/xampp/htdocs/ERP_model/vendor/laravel/framework/src/Illuminate/Database/Seeder.php(193): Illuminate/Database/Seeder->Illuminate/Database/{closure}()
#34 C:/xampp/htdocs/ERP_model/vendor/laravel/framework/src/Illuminate/Database/Console/Seeds/SeedCommand.php(71): Illuminate/Database/Seeder->__invoke()
#35 C:/xampp/htdocs/ERP_model/vendor/laravel/framework/src/Illuminate/Database/Eloquent/Concerns/GuardsAttributes.php(157): Illuminate/Database/Console/Seeds/SeedCommand->Illuminate/Database/Console/Seeds/{closure}()
#36 C:/xampp/htdocs/ERP_model/vendor/laravel/framework/src/Illuminate/Database/Console/Seeds/SeedCommand.php(70): Illuminate/Database/Eloquent/Model::unguarded(Object(Closure))
#37 C:/xampp/htdocs/ERP_model/vendor/laravel/framework/src/Illuminate/Container/BoundMethod.php(36): Illuminate/Database/Console/Seeds/SeedCommand->handle()
#38 C:/xampp/htdocs/ERP_model/vendor/laravel/framework/src/Illuminate/Container/Util.php(43): Illuminate/Container/BoundMethod::Illuminate/Container/{closure}()
#39 C:/xampp/htdocs/ERP_model/vendor/laravel/framework/src/Illuminate/Container/BoundMethod.php(96): Illuminate/Container/Util::unwrapIfClosure(Object(Closure))
#40 C:/xampp/htdocs/ERP_model/vendor/laravel/framework/src/Illuminate/Container/BoundMethod.php(35): Illuminate/Container/BoundMethod::callBoundMethod(Object(Illuminate/Foundation/Application), Array, Object(Closure))
#41 C:/xampp/htdocs/ERP_model/vendor/laravel/framework/src/Illuminate/Container/Container.php(799): Illuminate/Container/BoundMethod::call(Object(Illuminate/Foundation/Application), Array, Array, NULL)
#42 C:/xampp/htdocs/ERP_model/vendor/laravel/framework/src/Illuminate/Console/Command.php(211): Illuminate/Container/Container->call(Array)
#43 C:/xampp/htdocs/ERP_model/vendor/symfony/console/Command/Command.php(341): Illuminate/Console/Command->execute(Object(Symfony/Component/Console/Input/ArgvInput), Object(Illuminate/Console/OutputStyle))
#44 C:/xampp/htdocs/ERP_model/vendor/laravel/framework/src/Illuminate/Console/Command.php(180): Symfony/Component/Console/Command/Command->run(Object(Symfony/Component/Console/Input/ArgvInput), Object(Illuminate/Console/OutputStyle))
#45 C:/xampp/htdocs/ERP_model/vendor/symfony/console/Application.php(1117): Illuminate/Console/Command->run(Object(Symfony/Component/Console/Input/ArgvInput), Object(Symfony/Component/Console/Output/ConsoleOutput))
#46 C:/xampp/htdocs/ERP_model/vendor/symfony/console/Application.php(356): Symfony/Component/Console/Application->doRunCommand(Object(Illuminate/Database/Console/Seeds/SeedCommand), Object(Symfony/Component/Console/Input/ArgvInput), Object(Symfony/Component/Console/Output/ConsoleOutput))
#47 C:/xampp/htdocs/ERP_model/vendor/symfony/console/Application.php(195): Symfony/Component/Console/Application->doRun(Object(Symfony/Component/Console/Input/ArgvInput), Object(Symfony/Component/Console/Output/ConsoleOutput))
#48 C:/xampp/htdocs/ERP_model/vendor/laravel/framework/src/Illuminate/Foundation/Console/Kernel.php(198): Symfony/Component/Console/Application->run(Object(Symfony/Component/Console/Input/ArgvInput), Object(Symfony/Component/Console/Output/ConsoleOutput))
#49 C:/xampp/htdocs/ERP_model/vendor/laravel/framework/src/Illuminate/Foundation/Application.php(1235): Illuminate/Foundation/Console/Kernel->handle(Object(Symfony/Component/Console/Input/ArgvInput), Object(Symfony/Component/Console/Output/ConsoleOutput))
#50 C:/xampp/htdocs/ERP_model/artisan(16): Illuminate/Foundation/Application->handleCommand(Object(Symfony/Component/Console/Input/ArgvInput))
#51 {main}

[previous exception] [object] (PDOException(code: 42S02): SQLSTATE[42S02]: Base table or view not found: 1146 Table 'erp_model.permissions' doesn't exist at C:/xampp/htdocs/ERP_model/vendor/laravel/framework/src/Illuminate/Database/Connection.php:420)
[stacktrace]
#0 C:/xampp/htdocs/ERP_model/vendor/laravel/framework/src/Illuminate/Database/Connection.php(420): PDO->prepare('select * from `...')
#1 C:/xampp/htdocs/ERP_model/vendor/laravel/framework/src/Illuminate/Database/Connection.php(827): Illuminate/Database/Connection->Illuminate/Database/{closure}('select * from `...', Array)
#2 C:/xampp/htdocs/ERP_model/vendor/laravel/framework/src/Illuminate/Database/Connection.php(794): Illuminate/Database/Connection->runQueryCallback('select * from `...', Array, Object(Closure))
#3 C:/xampp/htdocs/ERP_model/vendor/laravel/framework/src/Illuminate/Database/Connection.php(411): Illuminate/Database/Connection->run('select * from `...', Array, Object(Closure))
#4 C:/xampp/htdocs/ERP_model/vendor/laravel/framework/src/Illuminate/Database/Query/Builder.php(3505): Illuminate/Database/Connection->select('select * from `...', Array, true)
#5 C:/xampp/htdocs/ERP_model/vendor/laravel/framework/src/Illuminate/Database/Query/Builder.php(3490): Illuminate/Database/Query/Builder->runSelect()
#6 C:/xampp/htdocs/ERP_model/vendor/laravel/framework/src/Illuminate/Database/Query/Builder.php(4080): Illuminate/Database/Query/Builder->Illuminate/Database/Query/{closure}()
#7 C:/xampp/htdocs/ERP_model/vendor/laravel/framework/src/Illuminate/Database/Query/Builder.php(3489): Illuminate/Database/Query/Builder->onceWithColumns(Array, Object(Closure))
#8 C:/xampp/htdocs/ERP_model/vendor/laravel/framework/src/Illuminate/Database/Eloquent/Builder.php(902): Illuminate/Database/Query/Builder->get(Array)
#9 C:/xampp/htdocs/ERP_model/vendor/laravel/framework/src/Illuminate/Database/Eloquent/Builder.php(884): Illuminate/Database/Eloquent/Builder->getModels(Array)
#10 C:/xampp/htdocs/ERP_model/vendor/spatie/laravel-permission/src/PermissionRegistrar.php(304): Illuminate/Database/Eloquent/Builder->get()
#11 C:/xampp/htdocs/ERP_model/vendor/spatie/laravel-permission/src/PermissionRegistrar.php(341): Spatie/Permission/PermissionRegistrar->getPermissionsWithRoles()
#12 C:/xampp/htdocs/ERP_model/vendor/spatie/laravel-permission/src/PermissionRegistrar.php(222): Spatie/Permission/PermissionRegistrar->getSerializedPermissionsForCache()
#13 C:/xampp/htdocs/ERP_model/vendor/laravel/framework/src/Illuminate/Cache/Repository.php(564): Spatie/Permission/PermissionRegistrar->Spatie/Permission/{closure}()
#14 C:/xampp/htdocs/ERP_model/vendor/spatie/laravel-permission/src/PermissionRegistrar.php(221): Illuminate/Cache/Repository->remember('spatie.permissi...', Object(DateInterval), Object(Closure))
#15 C:/xampp/htdocs/ERP_model/vendor/spatie/laravel-permission/src/PermissionRegistrar.php(243): Spatie/Permission/PermissionRegistrar->loadPermissions()
#16 C:/xampp/htdocs/ERP_model/vendor/spatie/laravel-permission/src/Models/Permission.php(146): Spatie/Permission/PermissionRegistrar->getPermissions(Array, true)
#17 C:/xampp/htdocs/ERP_model/vendor/spatie/laravel-permission/src/Models/Permission.php(157): Spatie/Permission/Models/Permission::getPermissions(Array, true)
#18 C:/xampp/htdocs/ERP_model/vendor/spatie/laravel-permission/src/Models/Permission.php(47): Spatie/Permission/Models/Permission::getPermission(Array)
#19 C:/xampp/htdocs/ERP_model/database/seeders/RolesAndPermissionsSeeder.php(30): Spatie/Permission/Models/Permission::create(Array)
#20 C:/xampp/htdocs/ERP_model/vendor/laravel/framework/src/Illuminate/Container/BoundMethod.php(36): Database/Seeders/RolesAndPermissionsSeeder->run()
#21 C:/xampp/htdocs/ERP_model/vendor/laravel/framework/src/Illuminate/Container/Util.php(43): Illuminate/Container/BoundMethod::Illuminate/Container/{closure}()
#22 C:/xampp/htdocs/ERP_model/vendor/laravel/framework/src/Illuminate/Container/BoundMethod.php(96): Illuminate/Container/Util::unwrapIfClosure(Object(Closure))
#23 C:/xampp/htdocs/ERP_model/vendor/laravel/framework/src/Illuminate/Container/BoundMethod.php(35): Illuminate/Container/BoundMethod::callBoundMethod(Object(Illuminate/Foundation/Application), Array, Object(Closure))
#24 C:/xampp/htdocs/ERP_model/vendor/laravel/framework/src/Illuminate/Container/Container.php(799): Illuminate/Container/BoundMethod::call(Object(Illuminate/Foundation/Application), Array, Array, NULL)
#25 C:/xampp/htdocs/ERP_model/vendor/laravel/framework/src/Illuminate/Database/Seeder.php(184): Illuminate/Container/Container->call(Array, Array)
#26 C:/xampp/htdocs/ERP_model/vendor/laravel/framework/src/Illuminate/Database/Seeder.php(193): Illuminate/Database/Seeder->Illuminate/Database/{closure}()
#27 C:/xampp/htdocs/ERP_model/vendor/laravel/framework/src/Illuminate/Database/Seeder.php(59): Illuminate/Database/Seeder->__invoke(Array)
#28 C:/xampp/htdocs/ERP_model/database/seeders/DatabaseSeeder.php(11): Illuminate/Database/Seeder->call('Database//Seeder...')
#29 C:/xampp/htdocs/ERP_model/vendor/laravel/framework/src/Illuminate/Container/BoundMethod.php(36): Database/Seeders/DatabaseSeeder->run()
#30 C:/xampp/htdocs/ERP_model/vendor/laravel/framework/src/Illuminate/Container/Util.php(43): Illuminate/Container/BoundMethod::Illuminate/Container/{closure}()
#31 C:/xampp/htdocs/ERP_model/vendor/laravel/framework/src/Illuminate/Container/BoundMethod.php(96): Illuminate/Container/Util::unwrapIfClosure(Object(Closure))
#32 C:/xampp/htdocs/ERP_model/vendor/laravel/framework/src/Illuminate/Container/BoundMethod.php(35): Illuminate/Container/BoundMethod::callBoundMethod(Object(Illuminate/Foundation/Application), Array, Object(Closure))
#33 C:/xampp/htdocs/ERP_model/vendor/laravel/framework/src/Illuminate/Container/Container.php(799): Illuminate/Container/BoundMethod::call(Object(Illuminate/Foundation/Application), Array, Array, NULL)
#34 C:/xampp/htdocs/ERP_model/vendor/laravel/framework/src/Illuminate/Database/Seeder.php(184): Illuminate/Container/Container->call(Array, Array)
#35 C:/xampp/htdocs/ERP_model/vendor/laravel/framework/src/Illuminate/Database/Seeder.php(193): Illuminate/Database/Seeder->Illuminate/Database/{closure}()
#36 C:/xampp/htdocs/ERP_model/vendor/laravel/framework/src/Illuminate/Database/Console/Seeds/SeedCommand.php(71): Illuminate/Database/Seeder->__invoke()
#37 C:/xampp/htdocs/ERP_model/vendor/laravel/framework/src/Illuminate/Database/Eloquent/Concerns/GuardsAttributes.php(157): Illuminate/Database/Console/Seeds/SeedCommand->Illuminate/Database/Console/Seeds/{closure}()
#38 C:/xampp/htdocs/ERP_model/vendor/laravel/framework/src/Illuminate/Database/Console/Seeds/SeedCommand.php(70): Illuminate/Database/Eloquent/Model::unguarded(Object(Closure))
#39 C:/xampp/htdocs/ERP_model/vendor/laravel/framework/src/Illuminate/Container/BoundMethod.php(36): Illuminate/Database/Console/Seeds/SeedCommand->handle()
#40 C:/xampp/htdocs/ERP_model/vendor/laravel/framework/src/Illuminate/Container/Util.php(43): Illuminate/Container/BoundMethod::Illuminate/Container/{closure}()
#41 C:/xampp/htdocs/ERP_model/vendor/laravel/framework/src/Illuminate/Container/BoundMethod.php(96): Illuminate/Container/Util::unwrapIfClosure(Object(Closure))
#42 C:/xampp/htdocs/ERP_model/vendor/laravel/framework/src/Illuminate/Container/BoundMethod.php(35): Illuminate/Container/BoundMethod::callBoundMethod(Object(Illuminate/Foundation/Application), Array, Object(Closure))
#43 C:/xampp/htdocs/ERP_model/vendor/laravel/framework/src/Illuminate/Container/Container.php(799): Illuminate/Container/BoundMethod::call(Object(Illuminate/Foundation/Application), Array, Array, NULL)
#44 C:/xampp/htdocs/ERP_model/vendor/laravel/framework/src/Illuminate/Console/Command.php(211): Illuminate/Container/Container->call(Array)
#45 C:/xampp/htdocs/ERP_model/vendor/symfony/console/Command/Command.php(341): Illuminate/Console/Command->execute(Object(Symfony/Component/Console/Input/ArgvInput), Object(Illuminate/Console/OutputStyle))
#46 C:/xampp/htdocs/ERP_model/vendor/laravel/framework/src/Illuminate/Console/Command.php(180): Symfony/Component/Console/Command/Command->run(Object(Symfony/Component/Console/Input/ArgvInput), Object(Illuminate/Console/OutputStyle))
#47 C:/xampp/htdocs/ERP_model/vendor/symfony/console/Application.php(1117): Illuminate/Console/Command->run(Object(Symfony/Component/Console/Input/ArgvInput), Object(Symfony/Component/Console/Output/ConsoleOutput))
#48 C:/xampp/htdocs/ERP_model/vendor/symfony/console/Application.php(356): Symfony/Component/Console/Application->doRunCommand(Object(Illuminate/Database/Console/Seeds/SeedCommand), Object(Symfony/Component/Console/Input/ArgvInput), Object(Symfony/Component/Console/Output/ConsoleOutput))
#49 C:/xampp/htdocs/ERP_model/vendor/symfony/console/Application.php(195): Symfony/Component/Console/Application->doRun(Object(Symfony/Component/Console/Input/ArgvInput), Object(Symfony/Component/Console/Output/ConsoleOutput))
#50 C:/xampp/htdocs/ERP_model/vendor/laravel/framework/src/Illuminate/Foundation/Console/Kernel.php(198): Symfony/Component/Console/Application->run(Object(Symfony/Component/Console/Input/ArgvInput), Object(Symfony/Component/Console/Output/ConsoleOutput))
#51 C:/xampp/htdocs/ERP_model/vendor/laravel/framework/src/Illuminate/Foundation/Application.php(1235): Illuminate/Foundation/Console/Kernel->handle(Object(Symfony/Component/Console/Input/ArgvInput), Object(Symfony/Component/Console/Output/ConsoleOutput))
#52 C:/xampp/htdocs/ERP_model/artisan(16): Illuminate/Foundation/Application->handleCommand(Object(Symfony/Component/Console/Input/ArgvInput))
#53 {main}
"} 
[2026-06-19 06:25:00] local.ERROR: File does not exist at path C:\xampp\htdocs\ERP_model/database/migrations/2024_01_01_100000_create_permission_tables.php. {"exception":"[object] (Illuminate\\Contracts\\Filesystem\\FileNotFoundException(code: 0): File does not exist at path C:\\xampp\\htdocs\\ERP_model/database/migrations/2024_01_01_100000_create_permission_tables.php. at C:/xampp/htdocs/ERP_model/vendor/laravel/framework/src/Illuminate/Filesystem/Filesystem.php:152)
[stacktrace]
#0 C:/xampp/htdocs/ERP_model/vendor/laravel/framework/src/Illuminate/Database/Migrations/Migrator.php(598): Illuminate/Filesystem/Filesystem->requireOnce('C://xampp//htdocs...')
#1 C:/xampp/htdocs/ERP_model/vendor/laravel/framework/src/Illuminate/Database/Migrations/Migrator.php(131): Illuminate/Database/Migrations/Migrator->requireFiles(Array)
#2 C:/xampp/htdocs/ERP_model/vendor/laravel/framework/src/Illuminate/Database/Console/Migrations/MigrateCommand.php(116): Illuminate/Database/Migrations/Migrator->run(Array, Array)
#3 C:/xampp/htdocs/ERP_model/vendor/laravel/framework/src/Illuminate/Database/Migrations/Migrator.php(671): Illuminate/Database/Console/Migrations/MigrateCommand->Illuminate/Database/Console/Migrations/{closure}()
#4 C:/xampp/htdocs/ERP_model/vendor/laravel/framework/src/Illuminate/Database/Console/Migrations/MigrateCommand.php(109): Illuminate/Database/Migrations/Migrator->usingConnection(NULL, Object(Closure))
#5 C:/xampp/htdocs/ERP_model/vendor/laravel/framework/src/Illuminate/Database/Console/Migrations/MigrateCommand.php(88): Illuminate/Database/Console/Migrations/MigrateCommand->runMigrations()
#6 C:/xampp/htdocs/ERP_model/vendor/laravel/framework/src/Illuminate/Container/BoundMethod.php(36): Illuminate/Database/Console/Migrations/MigrateCommand->handle()
#7 C:/xampp/htdocs/ERP_model/vendor/laravel/framework/src/Illuminate/Container/Util.php(43): Illuminate/Container/BoundMethod::Illuminate/Container/{closure}()
#8 C:/xampp/htdocs/ERP_model/vendor/laravel/framework/src/Illuminate/Container/BoundMethod.php(96): Illuminate/Container/Util::unwrapIfClosure(Object(Closure))
#9 C:/xampp/htdocs/ERP_model/vendor/laravel/framework/src/Illuminate/Container/BoundMethod.php(35): Illuminate/Container/BoundMethod::callBoundMethod(Object(Illuminate/Foundation/Application), Array, Object(Closure))
#10 C:/xampp/htdocs/ERP_model/vendor/laravel/framework/src/Illuminate/Container/Container.php(799): Illuminate/Container/BoundMethod::call(Object(Illuminate/Foundation/Application), Array, Array, NULL)
#11 C:/xampp/htdocs/ERP_model/vendor/laravel/framework/src/Illuminate/Console/Command.php(211): Illuminate/Container/Container->call(Array)
#12 C:/xampp/htdocs/ERP_model/vendor/symfony/console/Command/Command.php(341): Illuminate/Console/Command->execute(Object(Symfony/Component/Console/Input/ArgvInput), Object(Illuminate/Console/OutputStyle))
#13 C:/xampp/htdocs/ERP_model/vendor/laravel/framework/src/Illuminate/Console/Command.php(180): Symfony/Component/Console/Command/Command->run(Object(Symfony/Component/Console/Input/ArgvInput), Object(Illuminate/Console/OutputStyle))
#14 C:/xampp/htdocs/ERP_model/vendor/symfony/console/Application.php(1117): Illuminate/Console/Command->run(Object(Symfony/Component/Console/Input/ArgvInput), Object(Symfony/Component/Console/Output/ConsoleOutput))
#15 C:/xampp/htdocs/ERP_model/vendor/symfony/console/Application.php(356): Symfony/Component/Console/Application->doRunCommand(Object(Illuminate/Database/Console/Migrations/MigrateCommand), Object(Symfony/Component/Console/Input/ArgvInput), Object(Symfony/Component/Console/Output/ConsoleOutput))
#16 C:/xampp/htdocs/ERP_model/vendor/symfony/console/Application.php(195): Symfony/Component/Console/Application->doRun(Object(Symfony/Component/Console/Input/ArgvInput), Object(Symfony/Component/Console/Output/ConsoleOutput))
#17 C:/xampp/htdocs/ERP_model/vendor/laravel/framework/src/Illuminate/Foundation/Console/Kernel.php(198): Symfony/Component/Console/Application->run(Object(Symfony/Component/Console/Input/ArgvInput), Object(Symfony/Component/Console/Output/ConsoleOutput))
#18 C:/xampp/htdocs/ERP_model/vendor/laravel/framework/src/Illuminate/Foundation/Application.php(1235): Illuminate/Foundation/Console/Kernel->handle(Object(Symfony/Component/Console/Input/ArgvInput), Object(Symfony/Component/Console/Output/ConsoleOutput))
#19 C:/xampp/htdocs/ERP_model/artisan(16): Illuminate/Foundation/Application->handleCommand(Object(Symfony/Component/Console/Input/ArgvInput))
#20 {main}
"} 
[2026-06-19 06:26:43] local.ERROR: SQLSTATE[42S01]: Base table or view already exists: 1050 Table 'permissions' already exists (Connection: mysql, Host: 127.0.0.1, Port: 3306, Database: erp_model, SQL: create table `permissions` (`id` bigint unsigned not null auto_increment primary key, `name` varchar(255) not null, `guard_name` varchar(255) not null, `created_at` timestamp null, `updated_at` timestamp null) default character set utf8mb4 collate 'utf8mb4_unicode_ci') {"exception":"[object] (Illuminate\\Database\\QueryException(code: 42S01): SQLSTATE[42S01]: Base table or view already exists: 1050 Table 'permissions' already exists (Connection: mysql, Host: 127.0.0.1, Port: 3306, Database: erp_model, SQL: create table `permissions` (`id` bigint unsigned not null auto_increment primary key, `name` varchar(255) not null, `guard_name` varchar(255) not null, `created_at` timestamp null, `updated_at` timestamp null) default character set utf8mb4 collate 'utf8mb4_unicode_ci') at C:/xampp/htdocs/ERP_model/vendor/laravel/framework/src/Illuminate/Database/Connection.php:838)
[stacktrace]
#0 C:/xampp/htdocs/ERP_model/vendor/laravel/framework/src/Illuminate/Database/Connection.php(794): Illuminate/Database/Connection->runQueryCallback('create table `p...', Array, Object(Closure))
#1 C:/xampp/htdocs/ERP_model/vendor/laravel/framework/src/Illuminate/Database/Connection.php(573): Illuminate/Database/Connection->run('create table `p...', Array, Object(Closure))
#2 C:/xampp/htdocs/ERP_model/vendor/laravel/framework/src/Illuminate/Database/Schema/Blueprint.php(121): Illuminate/Database/Connection->statement('create table `p...')
#3 C:/xampp/htdocs/ERP_model/vendor/laravel/framework/src/Illuminate/Database/Schema/Builder.php(686): Illuminate/Database/Schema/Blueprint->build()
#4 C:/xampp/htdocs/ERP_model/vendor/laravel/framework/src/Illuminate/Database/Schema/Builder.php(506): Illuminate/Database/Schema/Builder->build(Object(Illuminate/Database/Schema/Blueprint))
#5 C:/xampp/htdocs/ERP_model/vendor/laravel/framework/src/Illuminate/Support/Facades/Facade.php(363): Illuminate/Database/Schema/Builder->create('permissions', Object(Closure))
#6 C:/xampp/htdocs/ERP_model/database/migrations/2026_06_19_062620_create_permissions_tables.php(12): Illuminate/Support/Facades/Facade::__callStatic('create', Array)
#7 C:/xampp/htdocs/ERP_model/vendor/laravel/framework/src/Illuminate/Database/Migrations/Migrator.php(517): Illuminate/Database/Migrations/Migration@anonymous->up()
#8 C:/xampp/htdocs/ERP_model/vendor/laravel/framework/src/Illuminate/Database/Migrations/Migrator.php(442): Illuminate/Database/Migrations/Migrator->runMethod(Object(Illuminate/Database/MySqlConnection), Object(Illuminate/Database/Migrations/Migration@anonymous), 'up')
#9 C:/xampp/htdocs/ERP_model/vendor/laravel/framework/src/Illuminate/Database/Migrations/Migrator.php(451): Illuminate/Database/Migrations/Migrator->Illuminate/Database/Migrations/{closure}()
#10 C:/xampp/htdocs/ERP_model/vendor/laravel/framework/src/Illuminate/Database/Migrations/Migrator.php(253): Illuminate/Database/Migrations/Migrator->runMigration(Object(Illuminate/Database/Migrations/Migration@anonymous), 'up')
#11 C:/xampp/htdocs/ERP_model/vendor/laravel/framework/src/Illuminate/Console/View/Components/Task.php(41): Illuminate/Database/Migrations/Migrator->Illuminate/Database/Migrations/{closure}()
#12 C:/xampp/htdocs/ERP_model/vendor/laravel/framework/src/Illuminate/Database/Migrations/Migrator.php(814): Illuminate/Console/View/Components/Task->render('2026_06_19_0626...', Object(Closure))
#13 C:/xampp/htdocs/ERP_model/vendor/laravel/framework/src/Illuminate/Database/Migrations/Migrator.php(253): Illuminate/Database/Migrations/Migrator->write('Illuminate//Cons...', '2026_06_19_0626...', Object(Closure))
#14 C:/xampp/htdocs/ERP_model/vendor/laravel/framework/src/Illuminate/Database/Migrations/Migrator.php(211): Illuminate/Database/Migrations/Migrator->runUp('C://xampp//htdocs...', 2, false)
#15 C:/xampp/htdocs/ERP_model/vendor/laravel/framework/src/Illuminate/Database/Migrations/Migrator.php(138): Illuminate/Database/Migrations/Migrator->runPending(Array, Array)
#16 C:/xampp/htdocs/ERP_model/vendor/laravel/framework/src/Illuminate/Database/Console/Migrations/MigrateCommand.php(116): Illuminate/Database/Migrations/Migrator->run(Array, Array)
#17 C:/xampp/htdocs/ERP_model/vendor/laravel/framework/src/Illuminate/Database/Migrations/Migrator.php(671): Illuminate/Database/Console/Migrations/MigrateCommand->Illuminate/Database/Console/Migrations/{closure}()
#18 C:/xampp/htdocs/ERP_model/vendor/laravel/framework/src/Illuminate/Database/Console/Migrations/MigrateCommand.php(109): Illuminate/Database/Migrations/Migrator->usingConnection(NULL, Object(Closure))
#19 C:/xampp/htdocs/ERP_model/vendor/laravel/framework/src/Illuminate/Database/Console/Migrations/MigrateCommand.php(88): Illuminate/Database/Console/Migrations/MigrateCommand->runMigrations()
#20 C:/xampp/htdocs/ERP_model/vendor/laravel/framework/src/Illuminate/Container/BoundMethod.php(36): Illuminate/Database/Console/Migrations/MigrateCommand->handle()
#21 C:/xampp/htdocs/ERP_model/vendor/laravel/framework/src/Illuminate/Container/Util.php(43): Illuminate/Container/BoundMethod::Illuminate/Container/{closure}()
#22 C:/xampp/htdocs/ERP_model/vendor/laravel/framework/src/Illuminate/Container/BoundMethod.php(96): Illuminate/Container/Util::unwrapIfClosure(Object(Closure))
#23 C:/xampp/htdocs/ERP_model/vendor/laravel/framework/src/Illuminate/Container/BoundMethod.php(35): Illuminate/Container/BoundMethod::callBoundMethod(Object(Illuminate/Foundation/Application), Array, Object(Closure))
#24 C:/xampp/htdocs/ERP_model/vendor/laravel/framework/src/Illuminate/Container/Container.php(799): Illuminate/Container/BoundMethod::call(Object(Illuminate/Foundation/Application), Array, Array, NULL)
#25 C:/xampp/htdocs/ERP_model/vendor/laravel/framework/src/Illuminate/Console/Command.php(211): Illuminate/Container/Container->call(Array)
#26 C:/xampp/htdocs/ERP_model/vendor/symfony/console/Command/Command.php(341): Illuminate/Console/Command->execute(Object(Symfony/Component/Console/Input/ArgvInput), Object(Illuminate/Console/OutputStyle))
#27 C:/xampp/htdocs/ERP_model/vendor/laravel/framework/src/Illuminate/Console/Command.php(180): Symfony/Component/Console/Command/Command->run(Object(Symfony/Component/Console/Input/ArgvInput), Object(Illuminate/Console/OutputStyle))
#28 C:/xampp/htdocs/ERP_model/vendor/symfony/console/Application.php(1117): Illuminate/Console/Command->run(Object(Symfony/Component/Console/Input/ArgvInput), Object(Symfony/Component/Console/Output/ConsoleOutput))
#29 C:/xampp/htdocs/ERP_model/vendor/symfony/console/Application.php(356): Symfony/Component/Console/Application->doRunCommand(Object(Illuminate/Database/Console/Migrations/MigrateCommand), Object(Symfony/Component/Console/Input/ArgvInput), Object(Symfony/Component/Console/Output/ConsoleOutput))
#30 C:/xampp/htdocs/ERP_model/vendor/symfony/console/Application.php(195): Symfony/Component/Console/Application->doRun(Object(Symfony/Component/Console/Input/ArgvInput), Object(Symfony/Component/Console/Output/ConsoleOutput))
#31 C:/xampp/htdocs/ERP_model/vendor/laravel/framework/src/Illuminate/Foundation/Console/Kernel.php(198): Symfony/Component/Console/Application->run(Object(Symfony/Component/Console/Input/ArgvInput), Object(Symfony/Component/Console/Output/ConsoleOutput))
#32 C:/xampp/htdocs/ERP_model/vendor/laravel/framework/src/Illuminate/Foundation/Application.php(1235): Illuminate/Foundation/Console/Kernel->handle(Object(Symfony/Component/Console/Input/ArgvInput), Object(Symfony/Component/Console/Output/ConsoleOutput))
#33 C:/xampp/htdocs/ERP_model/artisan(16): Illuminate/Foundation/Application->handleCommand(Object(Symfony/Component/Console/Input/ArgvInput))
#34 {main}

[previous exception] [object] (PDOException(code: 42S01): SQLSTATE[42S01]: Base table or view already exists: 1050 Table 'permissions' already exists at C:/xampp/htdocs/ERP_model/vendor/laravel/framework/src/Illuminate/Database/Connection.php:584)
[stacktrace]
#0 C:/xampp/htdocs/ERP_model/vendor/laravel/framework/src/Illuminate/Database/Connection.php(584): PDOStatement->execute()
#1 C:/xampp/htdocs/ERP_model/vendor/laravel/framework/src/Illuminate/Database/Connection.php(827): Illuminate/Database/Connection->Illuminate/Database/{closure}('create table `p...', Array)
#2 C:/xampp/htdocs/ERP_model/vendor/laravel/framework/src/Illuminate/Database/Connection.php(794): Illuminate/Database/Connection->runQueryCallback('create table `p...', Array, Object(Closure))
#3 C:/xampp/htdocs/ERP_model/vendor/laravel/framework/src/Illuminate/Database/Connection.php(573): Illuminate/Database/Connection->run('create table `p...', Array, Object(Closure))
#4 C:/xampp/htdocs/ERP_model/vendor/laravel/framework/src/Illuminate/Database/Schema/Blueprint.php(121): Illuminate/Database/Connection->statement('create table `p...')
#5 C:/xampp/htdocs/ERP_model/vendor/laravel/framework/src/Illuminate/Database/Schema/Builder.php(686): Illuminate/Database/Schema/Blueprint->build()
#6 C:/xampp/htdocs/ERP_model/vendor/laravel/framework/src/Illuminate/Database/Schema/Builder.php(506): Illuminate/Database/Schema/Builder->build(Object(Illuminate/Database/Schema/Blueprint))
#7 C:/xampp/htdocs/ERP_model/vendor/laravel/framework/src/Illuminate/Support/Facades/Facade.php(363): Illuminate/Database/Schema/Builder->create('permissions', Object(Closure))
#8 C:/xampp/htdocs/ERP_model/database/migrations/2026_06_19_062620_create_permissions_tables.php(12): Illuminate/Support/Facades/Facade::__callStatic('create', Array)
#9 C:/xampp/htdocs/ERP_model/vendor/laravel/framework/src/Illuminate/Database/Migrations/Migrator.php(517): Illuminate/Database/Migrations/Migration@anonymous->up()
#10 C:/xampp/htdocs/ERP_model/vendor/laravel/framework/src/Illuminate/Database/Migrations/Migrator.php(442): Illuminate/Database/Migrations/Migrator->runMethod(Object(Illuminate/Database/MySqlConnection), Object(Illuminate/Database/Migrations/Migration@anonymous), 'up')
#11 C:/xampp/htdocs/ERP_model/vendor/laravel/framework/src/Illuminate/Database/Migrations/Migrator.php(451): Illuminate/Database/Migrations/Migrator->Illuminate/Database/Migrations/{closure}()
#12 C:/xampp/htdocs/ERP_model/vendor/laravel/framework/src/Illuminate/Database/Migrations/Migrator.php(253): Illuminate/Database/Migrations/Migrator->runMigration(Object(Illuminate/Database/Migrations/Migration@anonymous), 'up')
#13 C:/xampp/htdocs/ERP_model/vendor/laravel/framework/src/Illuminate/Console/View/Components/Task.php(41): Illuminate/Database/Migrations/Migrator->Illuminate/Database/Migrations/{closure}()
#14 C:/xampp/htdocs/ERP_model/vendor/laravel/framework/src/Illuminate/Database/Migrations/Migrator.php(814): Illuminate/Console/View/Components/Task->render('2026_06_19_0626...', Object(Closure))
#15 C:/xampp/htdocs/ERP_model/vendor/laravel/framework/src/Illuminate/Database/Migrations/Migrator.php(253): Illuminate/Database/Migrations/Migrator->write('Illuminate//Cons...', '2026_06_19_0626...', Object(Closure))
#16 C:/xampp/htdocs/ERP_model/vendor/laravel/framework/src/Illuminate/Database/Migrations/Migrator.php(211): Illuminate/Database/Migrations/Migrator->runUp('C://xampp//htdocs...', 2, false)
#17 C:/xampp/htdocs/ERP_model/vendor/laravel/framework/src/Illuminate/Database/Migrations/Migrator.php(138): Illuminate/Database/Migrations/Migrator->runPending(Array, Array)
#18 C:/xampp/htdocs/ERP_model/vendor/laravel/framework/src/Illuminate/Database/Console/Migrations/MigrateCommand.php(116): Illuminate/Database/Migrations/Migrator->run(Array, Array)
#19 C:/xampp/htdocs/ERP_model/vendor/laravel/framework/src/Illuminate/Database/Migrations/Migrator.php(671): Illuminate/Database/Console/Migrations/MigrateCommand->Illuminate/Database/Console/Migrations/{closure}()
#20 C:/xampp/htdocs/ERP_model/vendor/laravel/framework/src/Illuminate/Database/Console/Migrations/MigrateCommand.php(109): Illuminate/Database/Migrations/Migrator->usingConnection(NULL, Object(Closure))
#21 C:/xampp/htdocs/ERP_model/vendor/laravel/framework/src/Illuminate/Database/Console/Migrations/MigrateCommand.php(88): Illuminate/Database/Console/Migrations/MigrateCommand->runMigrations()
#22 C:/xampp/htdocs/ERP_model/vendor/laravel/framework/src/Illuminate/Container/BoundMethod.php(36): Illuminate/Database/Console/Migrations/MigrateCommand->handle()
#23 C:/xampp/htdocs/ERP_model/vendor/laravel/framework/src/Illuminate/Container/Util.php(43): Illuminate/Container/BoundMethod::Illuminate/Container/{closure}()
#24 C:/xampp/htdocs/ERP_model/vendor/laravel/framework/src/Illuminate/Container/BoundMethod.php(96): Illuminate/Container/Util::unwrapIfClosure(Object(Closure))
#25 C:/xampp/htdocs/ERP_model/vendor/laravel/framework/src/Illuminate/Container/BoundMethod.php(35): Illuminate/Container/BoundMethod::callBoundMethod(Object(Illuminate/Foundation/Application), Array, Object(Closure))
#26 C:/xampp/htdocs/ERP_model/vendor/laravel/framework/src/Illuminate/Container/Container.php(799): Illuminate/Container/BoundMethod::call(Object(Illuminate/Foundation/Application), Array, Array, NULL)
#27 C:/xampp/htdocs/ERP_model/vendor/laravel/framework/src/Illuminate/Console/Command.php(211): Illuminate/Container/Container->call(Array)
#28 C:/xampp/htdocs/ERP_model/vendor/symfony/console/Command/Command.php(341): Illuminate/Console/Command->execute(Object(Symfony/Component/Console/Input/ArgvInput), Object(Illuminate/Console/OutputStyle))
#29 C:/xampp/htdocs/ERP_model/vendor/laravel/framework/src/Illuminate/Console/Command.php(180): Symfony/Component/Console/Command/Command->run(Object(Symfony/Component/Console/Input/ArgvInput), Object(Illuminate/Console/OutputStyle))
#30 C:/xampp/htdocs/ERP_model/vendor/symfony/console/Application.php(1117): Illuminate/Console/Command->run(Object(Symfony/Component/Console/Input/ArgvInput), Object(Symfony/Component/Console/Output/ConsoleOutput))
#31 C:/xampp/htdocs/ERP_model/vendor/symfony/console/Application.php(356): Symfony/Component/Console/Application->doRunCommand(Object(Illuminate/Database/Console/Migrations/MigrateCommand), Object(Symfony/Component/Console/Input/ArgvInput), Object(Symfony/Component/Console/Output/ConsoleOutput))
#32 C:/xampp/htdocs/ERP_model/vendor/symfony/console/Application.php(195): Symfony/Component/Console/Application->doRun(Object(Symfony/Component/Console/Input/ArgvInput), Object(Symfony/Component/Console/Output/ConsoleOutput))
#33 C:/xampp/htdocs/ERP_model/vendor/laravel/framework/src/Illuminate/Foundation/Console/Kernel.php(198): Symfony/Component/Console/Application->run(Object(Symfony/Component/Console/Input/ArgvInput), Object(Symfony/Component/Console/Output/ConsoleOutput))
#34 C:/xampp/htdocs/ERP_model/vendor/laravel/framework/src/Illuminate/Foundation/Application.php(1235): Illuminate/Foundation/Console/Kernel->handle(Object(Symfony/Component/Console/Input/ArgvInput), Object(Symfony/Component/Console/Output/ConsoleOutput))
#35 C:/xampp/htdocs/ERP_model/artisan(16): Illuminate/Foundation/Application->handleCommand(Object(Symfony/Component/Console/Input/ArgvInput))
#36 {main}
"} 
[2026-06-19 06:27:31] local.ERROR: SQLSTATE[42S01]: Base table or view already exists: 1050 Table 'permissions' already exists (Connection: mysql, Host: 127.0.0.1, Port: 3306, Database: erp_model, SQL: create table `permissions` (`id` bigint unsigned not null auto_increment primary key, `name` varchar(255) not null, `guard_name` varchar(255) not null, `created_at` timestamp null, `updated_at` timestamp null) default character set utf8mb4 collate 'utf8mb4_unicode_ci') {"exception":"[object] (Illuminate\\Database\\QueryException(code: 42S01): SQLSTATE[42S01]: Base table or view already exists: 1050 Table 'permissions' already exists (Connection: mysql, Host: 127.0.0.1, Port: 3306, Database: erp_model, SQL: create table `permissions` (`id` bigint unsigned not null auto_increment primary key, `name` varchar(255) not null, `guard_name` varchar(255) not null, `created_at` timestamp null, `updated_at` timestamp null) default character set utf8mb4 collate 'utf8mb4_unicode_ci') at C:/xampp/htdocs/ERP_model/vendor/laravel/framework/src/Illuminate/Database/Connection.php:838)
[stacktrace]
#0 C:/xampp/htdocs/ERP_model/vendor/laravel/framework/src/Illuminate/Database/Connection.php(794): Illuminate/Database/Connection->runQueryCallback('create table `p...', Array, Object(Closure))
#1 C:/xampp/htdocs/ERP_model/vendor/laravel/framework/src/Illuminate/Database/Connection.php(573): Illuminate/Database/Connection->run('create table `p...', Array, Object(Closure))
#2 C:/xampp/htdocs/ERP_model/vendor/laravel/framework/src/Illuminate/Database/Schema/Blueprint.php(121): Illuminate/Database/Connection->statement('create table `p...')
#3 C:/xampp/htdocs/ERP_model/vendor/laravel/framework/src/Illuminate/Database/Schema/Builder.php(686): Illuminate/Database/Schema/Blueprint->build()
#4 C:/xampp/htdocs/ERP_model/vendor/laravel/framework/src/Illuminate/Database/Schema/Builder.php(506): Illuminate/Database/Schema/Builder->build(Object(Illuminate/Database/Schema/Blueprint))
#5 C:/xampp/htdocs/ERP_model/vendor/laravel/framework/src/Illuminate/Support/Facades/Facade.php(363): Illuminate/Database/Schema/Builder->create('permissions', Object(Closure))
#6 C:/xampp/htdocs/ERP_model/database/migrations/2026_06_19_062620_create_permissions_tables.php(12): Illuminate/Support/Facades/Facade::__callStatic('create', Array)
#7 C:/xampp/htdocs/ERP_model/vendor/laravel/framework/src/Illuminate/Database/Migrations/Migrator.php(517): Illuminate/Database/Migrations/Migration@anonymous->up()
#8 C:/xampp/htdocs/ERP_model/vendor/laravel/framework/src/Illuminate/Database/Migrations/Migrator.php(442): Illuminate/Database/Migrations/Migrator->runMethod(Object(Illuminate/Database/MySqlConnection), Object(Illuminate/Database/Migrations/Migration@anonymous), 'up')
#9 C:/xampp/htdocs/ERP_model/vendor/laravel/framework/src/Illuminate/Database/Migrations/Migrator.php(451): Illuminate/Database/Migrations/Migrator->Illuminate/Database/Migrations/{closure}()
#10 C:/xampp/htdocs/ERP_model/vendor/laravel/framework/src/Illuminate/Database/Migrations/Migrator.php(253): Illuminate/Database/Migrations/Migrator->runMigration(Object(Illuminate/Database/Migrations/Migration@anonymous), 'up')
#11 C:/xampp/htdocs/ERP_model/vendor/laravel/framework/src/Illuminate/Console/View/Components/Task.php(41): Illuminate/Database/Migrations/Migrator->Illuminate/Database/Migrations/{closure}()
#12 C:/xampp/htdocs/ERP_model/vendor/laravel/framework/src/Illuminate/Database/Migrations/Migrator.php(814): Illuminate/Console/View/Components/Task->render('2026_06_19_0626...', Object(Closure))
#13 C:/xampp/htdocs/ERP_model/vendor/laravel/framework/src/Illuminate/Database/Migrations/Migrator.php(253): Illuminate/Database/Migrations/Migrator->write('Illuminate//Cons...', '2026_06_19_0626...', Object(Closure))
#14 C:/xampp/htdocs/ERP_model/vendor/laravel/framework/src/Illuminate/Database/Migrations/Migrator.php(211): Illuminate/Database/Migrations/Migrator->runUp('C://xampp//htdocs...', 2, false)
#15 C:/xampp/htdocs/ERP_model/vendor/laravel/framework/src/Illuminate/Database/Migrations/Migrator.php(138): Illuminate/Database/Migrations/Migrator->runPending(Array, Array)
#16 C:/xampp/htdocs/ERP_model/vendor/laravel/framework/src/Illuminate/Database/Console/Migrations/MigrateCommand.php(116): Illuminate/Database/Migrations/Migrator->run(Array, Array)
#17 C:/xampp/htdocs/ERP_model/vendor/laravel/framework/src/Illuminate/Database/Migrations/Migrator.php(671): Illuminate/Database/Console/Migrations/MigrateCommand->Illuminate/Database/Console/Migrations/{closure}()
#18 C:/xampp/htdocs/ERP_model/vendor/laravel/framework/src/Illuminate/Database/Console/Migrations/MigrateCommand.php(109): Illuminate/Database/Migrations/Migrator->usingConnection(NULL, Object(Closure))
#19 C:/xampp/htdocs/ERP_model/vendor/laravel/framework/src/Illuminate/Database/Console/Migrations/MigrateCommand.php(88): Illuminate/Database/Console/Migrations/MigrateCommand->runMigrations()
#20 C:/xampp/htdocs/ERP_model/vendor/laravel/framework/src/Illuminate/Container/BoundMethod.php(36): Illuminate/Database/Console/Migrations/MigrateCommand->handle()
#21 C:/xampp/htdocs/ERP_model/vendor/laravel/framework/src/Illuminate/Container/Util.php(43): Illuminate/Container/BoundMethod::Illuminate/Container/{closure}()
#22 C:/xampp/htdocs/ERP_model/vendor/laravel/framework/src/Illuminate/Container/BoundMethod.php(96): Illuminate/Container/Util::unwrapIfClosure(Object(Closure))
#23 C:/xampp/htdocs/ERP_model/vendor/laravel/framework/src/Illuminate/Container/BoundMethod.php(35): Illuminate/Container/BoundMethod::callBoundMethod(Object(Illuminate/Foundation/Application), Array, Object(Closure))
#24 C:/xampp/htdocs/ERP_model/vendor/laravel/framework/src/Illuminate/Container/Container.php(799): Illuminate/Container/BoundMethod::call(Object(Illuminate/Foundation/Application), Array, Array, NULL)
#25 C:/xampp/htdocs/ERP_model/vendor/laravel/framework/src/Illuminate/Console/Command.php(211): Illuminate/Container/Container->call(Array)
#26 C:/xampp/htdocs/ERP_model/vendor/symfony/console/Command/Command.php(341): Illuminate/Console/Command->execute(Object(Symfony/Component/Console/Input/ArgvInput), Object(Illuminate/Console/OutputStyle))
#27 C:/xampp/htdocs/ERP_model/vendor/laravel/framework/src/Illuminate/Console/Command.php(180): Symfony/Component/Console/Command/Command->run(Object(Symfony/Component/Console/Input/ArgvInput), Object(Illuminate/Console/OutputStyle))
#28 C:/xampp/htdocs/ERP_model/vendor/symfony/console/Application.php(1117): Illuminate/Console/Command->run(Object(Symfony/Component/Console/Input/ArgvInput), Object(Symfony/Component/Console/Output/ConsoleOutput))
#29 C:/xampp/htdocs/ERP_model/vendor/symfony/console/Application.php(356): Symfony/Component/Console/Application->doRunCommand(Object(Illuminate/Database/Console/Migrations/MigrateCommand), Object(Symfony/Component/Console/Input/ArgvInput), Object(Symfony/Component/Console/Output/ConsoleOutput))
#30 C:/xampp/htdocs/ERP_model/vendor/symfony/console/Application.php(195): Symfony/Component/Console/Application->doRun(Object(Symfony/Component/Console/Input/ArgvInput), Object(Symfony/Component/Console/Output/ConsoleOutput))
#31 C:/xampp/htdocs/ERP_model/vendor/laravel/framework/src/Illuminate/Foundation/Console/Kernel.php(198): Symfony/Component/Console/Application->run(Object(Symfony/Component/Console/Input/ArgvInput), Object(Symfony/Component/Console/Output/ConsoleOutput))
#32 C:/xampp/htdocs/ERP_model/vendor/laravel/framework/src/Illuminate/Foundation/Application.php(1235): Illuminate/Foundation/Console/Kernel->handle(Object(Symfony/Component/Console/Input/ArgvInput), Object(Symfony/Component/Console/Output/ConsoleOutput))
#33 C:/xampp/htdocs/ERP_model/artisan(16): Illuminate/Foundation/Application->handleCommand(Object(Symfony/Component/Console/Input/ArgvInput))
#34 {main}

[previous exception] [object] (PDOException(code: 42S01): SQLSTATE[42S01]: Base table or view already exists: 1050 Table 'permissions' already exists at C:/xampp/htdocs/ERP_model/vendor/laravel/framework/src/Illuminate/Database/Connection.php:584)
[stacktrace]
#0 C:/xampp/htdocs/ERP_model/vendor/laravel/framework/src/Illuminate/Database/Connection.php(584): PDOStatement->execute()
#1 C:/xampp/htdocs/ERP_model/vendor/laravel/framework/src/Illuminate/Database/Connection.php(827): Illuminate/Database/Connection->Illuminate/Database/{closure}('create table `p...', Array)
#2 C:/xampp/htdocs/ERP_model/vendor/laravel/framework/src/Illuminate/Database/Connection.php(794): Illuminate/Database/Connection->runQueryCallback('create table `p...', Array, Object(Closure))
#3 C:/xampp/htdocs/ERP_model/vendor/laravel/framework/src/Illuminate/Database/Connection.php(573): Illuminate/Database/Connection->run('create table `p...', Array, Object(Closure))
#4 C:/xampp/htdocs/ERP_model/vendor/laravel/framework/src/Illuminate/Database/Schema/Blueprint.php(121): Illuminate/Database/Connection->statement('create table `p...')
#5 C:/xampp/htdocs/ERP_model/vendor/laravel/framework/src/Illuminate/Database/Schema/Builder.php(686): Illuminate/Database/Schema/Blueprint->build()
#6 C:/xampp/htdocs/ERP_model/vendor/laravel/framework/src/Illuminate/Database/Schema/Builder.php(506): Illuminate/Database/Schema/Builder->build(Object(Illuminate/Database/Schema/Blueprint))
#7 C:/xampp/htdocs/ERP_model/vendor/laravel/framework/src/Illuminate/Support/Facades/Facade.php(363): Illuminate/Database/Schema/Builder->create('permissions', Object(Closure))
#8 C:/xampp/htdocs/ERP_model/database/migrations/2026_06_19_062620_create_permissions_tables.php(12): Illuminate/Support/Facades/Facade::__callStatic('create', Array)
#9 C:/xampp/htdocs/ERP_model/vendor/laravel/framework/src/Illuminate/Database/Migrations/Migrator.php(517): Illuminate/Database/Migrations/Migration@anonymous->up()
#10 C:/xampp/htdocs/ERP_model/vendor/laravel/framework/src/Illuminate/Database/Migrations/Migrator.php(442): Illuminate/Database/Migrations/Migrator->runMethod(Object(Illuminate/Database/MySqlConnection), Object(Illuminate/Database/Migrations/Migration@anonymous), 'up')
#11 C:/xampp/htdocs/ERP_model/vendor/laravel/framework/src/Illuminate/Database/Migrations/Migrator.php(451): Illuminate/Database/Migrations/Migrator->Illuminate/Database/Migrations/{closure}()
#12 C:/xampp/htdocs/ERP_model/vendor/laravel/framework/src/Illuminate/Database/Migrations/Migrator.php(253): Illuminate/Database/Migrations/Migrator->runMigration(Object(Illuminate/Database/Migrations/Migration@anonymous), 'up')
#13 C:/xampp/htdocs/ERP_model/vendor/laravel/framework/src/Illuminate/Console/View/Components/Task.php(41): Illuminate/Database/Migrations/Migrator->Illuminate/Database/Migrations/{closure}()
#14 C:/xampp/htdocs/ERP_model/vendor/laravel/framework/src/Illuminate/Database/Migrations/Migrator.php(814): Illuminate/Console/View/Components/Task->render('2026_06_19_0626...', Object(Closure))
#15 C:/xampp/htdocs/ERP_model/vendor/laravel/framework/src/Illuminate/Database/Migrations/Migrator.php(253): Illuminate/Database/Migrations/Migrator->write('Illuminate//Cons...', '2026_06_19_0626...', Object(Closure))
#16 C:/xampp/htdocs/ERP_model/vendor/laravel/framework/src/Illuminate/Database/Migrations/Migrator.php(211): Illuminate/Database/Migrations/Migrator->runUp('C://xampp//htdocs...', 2, false)
#17 C:/xampp/htdocs/ERP_model/vendor/laravel/framework/src/Illuminate/Database/Migrations/Migrator.php(138): Illuminate/Database/Migrations/Migrator->runPending(Array, Array)
#18 C:/xampp/htdocs/ERP_model/vendor/laravel/framework/src/Illuminate/Database/Console/Migrations/MigrateCommand.php(116): Illuminate/Database/Migrations/Migrator->run(Array, Array)
#19 C:/xampp/htdocs/ERP_model/vendor/laravel/framework/src/Illuminate/Database/Migrations/Migrator.php(671): Illuminate/Database/Console/Migrations/MigrateCommand->Illuminate/Database/Console/Migrations/{closure}()
#20 C:/xampp/htdocs/ERP_model/vendor/laravel/framework/src/Illuminate/Database/Console/Migrations/MigrateCommand.php(109): Illuminate/Database/Migrations/Migrator->usingConnection(NULL, Object(Closure))
#21 C:/xampp/htdocs/ERP_model/vendor/laravel/framework/src/Illuminate/Database/Console/Migrations/MigrateCommand.php(88): Illuminate/Database/Console/Migrations/MigrateCommand->runMigrations()
#22 C:/xampp/htdocs/ERP_model/vendor/laravel/framework/src/Illuminate/Container/BoundMethod.php(36): Illuminate/Database/Console/Migrations/MigrateCommand->handle()
#23 C:/xampp/htdocs/ERP_model/vendor/laravel/framework/src/Illuminate/Container/Util.php(43): Illuminate/Container/BoundMethod::Illuminate/Container/{closure}()
#24 C:/xampp/htdocs/ERP_model/vendor/laravel/framework/src/Illuminate/Container/BoundMethod.php(96): Illuminate/Container/Util::unwrapIfClosure(Object(Closure))
#25 C:/xampp/htdocs/ERP_model/vendor/laravel/framework/src/Illuminate/Container/BoundMethod.php(35): Illuminate/Container/BoundMethod::callBoundMethod(Object(Illuminate/Foundation/Application), Array, Object(Closure))
#26 C:/xampp/htdocs/ERP_model/vendor/laravel/framework/src/Illuminate/Container/Container.php(799): Illuminate/Container/BoundMethod::call(Object(Illuminate/Foundation/Application), Array, Array, NULL)
#27 C:/xampp/htdocs/ERP_model/vendor/laravel/framework/src/Illuminate/Console/Command.php(211): Illuminate/Container/Container->call(Array)
#28 C:/xampp/htdocs/ERP_model/vendor/symfony/console/Command/Command.php(341): Illuminate/Console/Command->execute(Object(Symfony/Component/Console/Input/ArgvInput), Object(Illuminate/Console/OutputStyle))
#29 C:/xampp/htdocs/ERP_model/vendor/laravel/framework/src/Illuminate/Console/Command.php(180): Symfony/Component/Console/Command/Command->run(Object(Symfony/Component/Console/Input/ArgvInput), Object(Illuminate/Console/OutputStyle))
#30 C:/xampp/htdocs/ERP_model/vendor/symfony/console/Application.php(1117): Illuminate/Console/Command->run(Object(Symfony/Component/Console/Input/ArgvInput), Object(Symfony/Component/Console/Output/ConsoleOutput))
#31 C:/xampp/htdocs/ERP_model/vendor/symfony/console/Application.php(356): Symfony/Component/Console/Application->doRunCommand(Object(Illuminate/Database/Console/Migrations/MigrateCommand), Object(Symfony/Component/Console/Input/ArgvInput), Object(Symfony/Component/Console/Output/ConsoleOutput))
#32 C:/xampp/htdocs/ERP_model/vendor/symfony/console/Application.php(195): Symfony/Component/Console/Application->doRun(Object(Symfony/Component/Console/Input/ArgvInput), Object(Symfony/Component/Console/Output/ConsoleOutput))
#33 C:/xampp/htdocs/ERP_model/vendor/laravel/framework/src/Illuminate/Foundation/Console/Kernel.php(198): Symfony/Component/Console/Application->run(Object(Symfony/Component/Console/Input/ArgvInput), Object(Symfony/Component/Console/Output/ConsoleOutput))
#34 C:/xampp/htdocs/ERP_model/vendor/laravel/framework/src/Illuminate/Foundation/Application.php(1235): Illuminate/Foundation/Console/Kernel->handle(Object(Symfony/Component/Console/Input/ArgvInput), Object(Symfony/Component/Console/Output/ConsoleOutput))
#35 C:/xampp/htdocs/ERP_model/artisan(16): Illuminate/Foundation/Application->handleCommand(Object(Symfony/Component/Console/Input/ArgvInput))
#36 {main}
"} 
[2026-06-19 06:27:47] local.ERROR: SQLSTATE[42S02]: Base table or view not found: 1146 Table 'erp_model.roles' doesn't exist (Connection: mysql, Host: 127.0.0.1, Port: 3306, Database: erp_model, SQL: select `roles`.*, `model_has_roles`.`model_id` as `pivot_model_id`, `model_has_roles`.`role_id` as `pivot_role_id`, `model_has_roles`.`model_type` as `pivot_model_type` from `roles` inner join `model_has_roles` on `roles`.`id` = `model_has_roles`.`role_id` where `model_has_roles`.`model_id` = 1 and `model_has_roles`.`model_type` = App\Models\User) (View: C:\xampp\htdocs\ERP_model\resources\views\layouts\admin.blade.php) (View: C:\xampp\htdocs\ERP_model\resources\views\layouts\admin.blade.php) {"userId":1,"exception":"[object] (Illuminate\\View\\ViewException(code: 0): SQLSTATE[42S02]: Base table or view not found: 1146 Table 'erp_model.roles' doesn't exist (Connection: mysql, Host: 127.0.0.1, Port: 3306, Database: erp_model, SQL: select `roles`.*, `model_has_roles`.`model_id` as `pivot_model_id`, `model_has_roles`.`role_id` as `pivot_role_id`, `model_has_roles`.`model_type` as `pivot_model_type` from `roles` inner join `model_has_roles` on `roles`.`id` = `model_has_roles`.`role_id` where `model_has_roles`.`model_id` = 1 and `model_has_roles`.`model_type` = App\\Models\\User) (View: C:\\xampp\\htdocs\\ERP_model\\resources\\views\\layouts\\admin.blade.php) (View: C:\\xampp\\htdocs\\ERP_model\\resources\\views\\layouts\\admin.blade.php) at C:/xampp/htdocs/ERP_model/vendor/laravel/framework/src/Illuminate/Database/Connection.php:838)
[stacktrace]
#0 C:/xampp/htdocs/ERP_model/vendor/laravel/framework/src/Illuminate/View/Engines/PhpEngine.php(59): Illuminate/View/Engines/CompilerEngine->handleViewException(Object(Illuminate/View/ViewException), 1)
#1 C:/xampp/htdocs/ERP_model/vendor/laravel/framework/src/Illuminate/View/Engines/CompilerEngine.php(76): Illuminate/View/Engines/PhpEngine->evaluatePath('C://xampp//htdocs...', Array)
#2 C:/xampp/htdocs/ERP_model/vendor/laravel/framework/src/Illuminate/View/View.php(208): Illuminate/View/Engines/CompilerEngine->get('C://xampp//htdocs...', Array)
#3 C:/xampp/htdocs/ERP_model/vendor/laravel/framework/src/Illuminate/View/View.php(191): Illuminate/View/View->getContents()
#4 C:/xampp/htdocs/ERP_model/vendor/laravel/framework/src/Illuminate/View/View.php(160): Illuminate/View/View->renderContents()
#5 C:/xampp/htdocs/ERP_model/vendor/laravel/framework/src/Illuminate/Http/Response.php(78): Illuminate/View/View->render()
#6 C:/xampp/htdocs/ERP_model/vendor/laravel/framework/src/Illuminate/Http/Response.php(34): Illuminate/Http/Response->setContent(Object(Illuminate/View/View))
#7 C:/xampp/htdocs/ERP_model/vendor/laravel/framework/src/Illuminate/Routing/Router.php(939): Illuminate/Http/Response->__construct(Object(Illuminate/View/View), 200, Array)
#8 C:/xampp/htdocs/ERP_model/vendor/laravel/framework/src/Illuminate/Routing/Router.php(906): Illuminate/Routing/Router::toResponse(Object(Illuminate/Http/Request), Object(Illuminate/View/View))
#9 C:/xampp/htdocs/ERP_model/vendor/laravel/framework/src/Illuminate/Routing/Router.php(821): Illuminate/Routing/Router->prepareResponse(Object(Illuminate/Http/Request), Object(Illuminate/View/View))
#10 C:/xampp/htdocs/ERP_model/vendor/laravel/framework/src/Illuminate/Pipeline/Pipeline.php(180): Illuminate/Routing/Router->Illuminate/Routing/{closure}(Object(Illuminate/Http/Request))
#11 C:/xampp/htdocs/ERP_model/vendor/laravel/framework/src/Illuminate/Routing/Middleware/SubstituteBindings.php(50): Illuminate/Pipeline/Pipeline->Illuminate/Pipeline/{closure}(Object(Illuminate/Http/Request))
#12 C:/xampp/htdocs/ERP_model/vendor/laravel/framework/src/Illuminate/Pipeline/Pipeline.php(219): Illuminate/Routing/Middleware/SubstituteBindings->handle(Object(Illuminate/Http/Request), Object(Closure))
#13 C:/xampp/htdocs/ERP_model/vendor/laravel/framework/src/Illuminate/Auth/Middleware/Authenticate.php(63): Illuminate/Pipeline/Pipeline->Illuminate/Pipeline/{closure}(Object(Illuminate/Http/Request))
#14 C:/xampp/htdocs/ERP_model/vendor/laravel/framework/src/Illuminate/Pipeline/Pipeline.php(219): Illuminate/Auth/Middleware/Authenticate->handle(Object(Illuminate/Http/Request), Object(Closure))
#15 C:/xampp/htdocs/ERP_model/vendor/laravel/framework/src/Illuminate/Foundation/Http/Middleware/VerifyCsrfToken.php(87): Illuminate/Pipeline/Pipeline->Illuminate/Pipeline/{closure}(Object(Illuminate/Http/Request))
#16 C:/xampp/htdocs/ERP_model/vendor/laravel/framework/src/Illuminate/Pipeline/Pipeline.php(219): Illuminate/Foundation/Http/Middleware/VerifyCsrfToken->handle(Object(Illuminate/Http/Request), Object(Closure))
#17 C:/xampp/htdocs/ERP_model/vendor/laravel/framework/src/Illuminate/View/Middleware/ShareErrorsFromSession.php(48): Illuminate/Pipeline/Pipeline->Illuminate/Pipeline/{closure}(Object(Illuminate/Http/Request))
#18 C:/xampp/htdocs/ERP_model/vendor/laravel/framework/src/Illuminate/Pipeline/Pipeline.php(219): Illuminate/View/Middleware/ShareErrorsFromSession->handle(Object(Illuminate/Http/Request), Object(Closure))
#19 C:/xampp/htdocs/ERP_model/vendor/laravel/framework/src/Illuminate/Session/Middleware/StartSession.php(120): Illuminate/Pipeline/Pipeline->Illuminate/Pipeline/{closure}(Object(Illuminate/Http/Request))
#20 C:/xampp/htdocs/ERP_model/vendor/laravel/framework/src/Illuminate/Session/Middleware/StartSession.php(63): Illuminate/Session/Middleware/StartSession->handleStatefulRequest(Object(Illuminate/Http/Request), Object(Illuminate/Session/Store), Object(Closure))
#21 C:/xampp/htdocs/ERP_model/vendor/laravel/framework/src/Illuminate/Pipeline/Pipeline.php(219): Illuminate/Session/Middleware/StartSession->handle(Object(Illuminate/Http/Request), Object(Closure))
#22 C:/xampp/htdocs/ERP_model/vendor/laravel/framework/src/Illuminate/Cookie/Middleware/AddQueuedCookiesToResponse.php(36): Illuminate/Pipeline/Pipeline->Illuminate/Pipeline/{closure}(Object(Illuminate/Http/Request))
#23 C:/xampp/htdocs/ERP_model/vendor/laravel/framework/src/Illuminate/Pipeline/Pipeline.php(219): Illuminate/Cookie/Middleware/AddQueuedCookiesToResponse->handle(Object(Illuminate/Http/Request), Object(Closure))
#24 C:/xampp/htdocs/ERP_model/vendor/laravel/framework/src/Illuminate/Cookie/Middleware/EncryptCookies.php(74): Illuminate/Pipeline/Pipeline->Illuminate/Pipeline/{closure}(Object(Illuminate/Http/Request))
#25 C:/xampp/htdocs/ERP_model/vendor/laravel/framework/src/Illuminate/Pipeline/Pipeline.php(219): Illuminate/Cookie/Middleware/EncryptCookies->handle(Object(Illuminate/Http/Request), Object(Closure))
#26 C:/xampp/htdocs/ERP_model/vendor/laravel/framework/src/Illuminate/Pipeline/Pipeline.php(137): Illuminate/Pipeline/Pipeline->Illuminate/Pipeline/{closure}(Object(Illuminate/Http/Request))
#27 C:/xampp/htdocs/ERP_model/vendor/laravel/framework/src/Illuminate/Routing/Router.php(821): Illuminate/Pipeline/Pipeline->then(Object(Closure))
#28 C:/xampp/htdocs/ERP_model/vendor/laravel/framework/src/Illuminate/Routing/Router.php(800): Illuminate/Routing/Router->runRouteWithinStack(Object(Illuminate/Routing/Route), Object(Illuminate/Http/Request))
#29 C:/xampp/htdocs/ERP_model/vendor/laravel/framework/src/Illuminate/Routing/Router.php(764): Illuminate/Routing/Router->runRoute(Object(Illuminate/Http/Request), Object(Illuminate/Routing/Route))
#30 C:/xampp/htdocs/ERP_model/vendor/laravel/framework/src/Illuminate/Routing/Router.php(753): Illuminate/Routing/Router->dispatchToRoute(Object(Illuminate/Http/Request))
#31 C:/xampp/htdocs/ERP_model/vendor/laravel/framework/src/Illuminate/Foundation/Http/Kernel.php(200): Illuminate/Routing/Router->dispatch(Object(Illuminate/Http/Request))
#32 C:/xampp/htdocs/ERP_model/vendor/laravel/framework/src/Illuminate/Pipeline/Pipeline.php(180): Illuminate/Foundation/Http/Kernel->Illuminate/Foundation/Http/{closure}(Object(Illuminate/Http/Request))
#33 C:/xampp/htdocs/ERP_model/vendor/laravel/framework/src/Illuminate/Foundation/Http/Middleware/TransformsRequest.php(21): Illuminate/Pipeline/Pipeline->Illuminate/Pipeline/{closure}(Object(Illuminate/Http/Request))
#34 C:/xampp/htdocs/ERP_model/vendor/laravel/framework/src/Illuminate/Foundation/Http/Middleware/ConvertEmptyStringsToNull.php(31): Illuminate/Foundation/Http/Middleware/TransformsRequest->handle(Object(Illuminate/Http/Request), Object(Closure))
#35 C:/xampp/htdocs/ERP_model/vendor/laravel/framework/src/Illuminate/Pipeline/Pipeline.php(219): Illuminate/Foundation/Http/Middleware/ConvertEmptyStringsToNull->handle(Object(Illuminate/Http/Request), Object(Closure))
#36 C:/xampp/htdocs/ERP_model/vendor/laravel/framework/src/Illuminate/Foundation/Http/Middleware/TransformsRequest.php(21): Illuminate/Pipeline/Pipeline->Illuminate/Pipeline/{closure}(Object(Illuminate/Http/Request))
#37 C:/xampp/htdocs/ERP_model/vendor/laravel/framework/src/Illuminate/Foundation/Http/Middleware/TrimStrings.php(51): Illuminate/Foundation/Http/Middleware/TransformsRequest->handle(Object(Illuminate/Http/Request), Object(Closure))
#38 C:/xampp/htdocs/ERP_model/vendor/laravel/framework/src/Illuminate/Pipeline/Pipeline.php(219): Illuminate/Foundation/Http/Middleware/TrimStrings->handle(Object(Illuminate/Http/Request), Object(Closure))
#39 C:/xampp/htdocs/ERP_model/vendor/laravel/framework/src/Illuminate/Http/Middleware/ValidatePostSize.php(27): Illuminate/Pipeline/Pipeline->Illuminate/Pipeline/{closure}(Object(Illuminate/Http/Request))
#40 C:/xampp/htdocs/ERP_model/vendor/laravel/framework/src/Illuminate/Pipeline/Pipeline.php(219): Illuminate/Http/Middleware/ValidatePostSize->handle(Object(Illuminate/Http/Request), Object(Closure))
#41 C:/xampp/htdocs/ERP_model/vendor/laravel/framework/src/Illuminate/Foundation/Http/Middleware/PreventRequestsDuringMaintenance.php(109): Illuminate/Pipeline/Pipeline->Illuminate/Pipeline/{closure}(Object(Illuminate/Http/Request))
#42 C:/xampp/htdocs/ERP_model/vendor/laravel/framework/src/Illuminate/Pipeline/Pipeline.php(219): Illuminate/Foundation/Http/Middleware/PreventRequestsDuringMaintenance->handle(Object(Illuminate/Http/Request), Object(Closure))
#43 C:/xampp/htdocs/ERP_model/vendor/laravel/framework/src/Illuminate/Http/Middleware/HandleCors.php(61): Illuminate/Pipeline/Pipeline->Illuminate/Pipeline/{closure}(Object(Illuminate/Http/Request))
#44 C:/xampp/htdocs/ERP_model/vendor/laravel/framework/src/Illuminate/Pipeline/Pipeline.php(219): Illuminate/Http/Middleware/HandleCors->handle(Object(Illuminate/Http/Request), Object(Closure))
#45 C:/xampp/htdocs/ERP_model/vendor/laravel/framework/src/Illuminate/Http/Middleware/TrustProxies.php(58): Illuminate/Pipeline/Pipeline->Illuminate/Pipeline/{closure}(Object(Illuminate/Http/Request))
#46 C:/xampp/htdocs/ERP_model/vendor/laravel/framework/src/Illuminate/Pipeline/Pipeline.php(219): Illuminate/Http/Middleware/TrustProxies->handle(Object(Illuminate/Http/Request), Object(Closure))
#47 C:/xampp/htdocs/ERP_model/vendor/laravel/framework/src/Illuminate/Foundation/Http/Middleware/InvokeDeferredCallbacks.php(22): Illuminate/Pipeline/Pipeline->Illuminate/Pipeline/{closure}(Object(Illuminate/Http/Request))
#48 C:/xampp/htdocs/ERP_model/vendor/laravel/framework/src/Illuminate/Pipeline/Pipeline.php(219): Illuminate/Foundation/Http/Middleware/InvokeDeferredCallbacks->handle(Object(Illuminate/Http/Request), Object(Closure))
#49 C:/xampp/htdocs/ERP_model/vendor/laravel/framework/src/Illuminate/Http/Middleware/ValidatePathEncoding.php(26): Illuminate/Pipeline/Pipeline->Illuminate/Pipeline/{closure}(Object(Illuminate/Http/Request))
#50 C:/xampp/htdocs/ERP_model/vendor/laravel/framework/src/Illuminate/Pipeline/Pipeline.php(219): Illuminate/Http/Middleware/ValidatePathEncoding->handle(Object(Illuminate/Http/Request), Object(Closure))
#51 C:/xampp/htdocs/ERP_model/vendor/laravel/framework/src/Illuminate/Pipeline/Pipeline.php(137): Illuminate/Pipeline/Pipeline->Illuminate/Pipeline/{closure}(Object(Illuminate/Http/Request))
#52 C:/xampp/htdocs/ERP_model/vendor/laravel/framework/src/Illuminate/Foundation/Http/Kernel.php(175): Illuminate/Pipeline/Pipeline->then(Object(Closure))
#53 C:/xampp/htdocs/ERP_model/vendor/laravel/framework/src/Illuminate/Foundation/Http/Kernel.php(144): Illuminate/Foundation/Http/Kernel->sendRequestThroughRouter(Object(Illuminate/Http/Request))
#54 C:/xampp/htdocs/ERP_model/vendor/laravel/framework/src/Illuminate/Foundation/Application.php(1220): Illuminate/Foundation/Http/Kernel->handle(Object(Illuminate/Http/Request))
#55 C:/xampp/htdocs/ERP_model/public/index.php(20): Illuminate/Foundation/Application->handleRequest(Object(Illuminate/Http/Request))
#56 C:/xampp/htdocs/ERP_model/vendor/laravel/framework/src/Illuminate/Foundation/resources/server.php(23): require_once('C://xampp//htdocs...')
#57 {main}

[previous exception] [object] (Illuminate\\View\\ViewException(code: 0): SQLSTATE[42S02]: Base table or view not found: 1146 Table 'erp_model.roles' doesn't exist (Connection: mysql, Host: 127.0.0.1, Port: 3306, Database: erp_model, SQL: select `roles`.*, `model_has_roles`.`model_id` as `pivot_model_id`, `model_has_roles`.`role_id` as `pivot_role_id`, `model_has_roles`.`model_type` as `pivot_model_type` from `roles` inner join `model_has_roles` on `roles`.`id` = `model_has_roles`.`role_id` where `model_has_roles`.`model_id` = 1 and `model_has_roles`.`model_type` = App\\Models\\User) (View: C:\\xampp\\htdocs\\ERP_model\\resources\\views\\layouts\\admin.blade.php) at C:/xampp/htdocs/ERP_model/vendor/laravel/framework/src/Illuminate/Database/Connection.php:838)
[stacktrace]
#0 C:/xampp/htdocs/ERP_model/vendor/laravel/framework/src/Illuminate/View/Engines/PhpEngine.php(59): Illuminate/View/Engines/CompilerEngine->handleViewException(Object(Illuminate/Database/QueryException), 2)
#1 C:/xampp/htdocs/ERP_model/vendor/laravel/framework/src/Illuminate/View/Engines/CompilerEngine.php(76): Illuminate/View/Engines/PhpEngine->evaluatePath('C://xampp//htdocs...', Array)
#2 C:/xampp/htdocs/ERP_model/vendor/laravel/framework/src/Illuminate/View/View.php(208): Illuminate/View/Engines/CompilerEngine->get('C://xampp//htdocs...', Array)
#3 C:/xampp/htdocs/ERP_model/vendor/laravel/framework/src/Illuminate/View/View.php(191): Illuminate/View/View->getContents()
#4 C:/xampp/htdocs/ERP_model/vendor/laravel/framework/src/Illuminate/View/View.php(160): Illuminate/View/View->renderContents()
#5 C:/xampp/htdocs/ERP_model/storage/framework/views/d6d0a8be75dceb0933c387c3f2d6b014.php(92): Illuminate/View/View->render()
#6 C:/xampp/htdocs/ERP_model/vendor/laravel/framework/src/Illuminate/Filesystem/Filesystem.php(123): require('C://xampp//htdocs...')
#7 C:/xampp/htdocs/ERP_model/vendor/laravel/framework/src/Illuminate/Filesystem/Filesystem.php(124): Illuminate/Filesystem/Filesystem::Illuminate/Filesystem/{closure}()
#8 C:/xampp/htdocs/ERP_model/vendor/laravel/framework/src/Illuminate/View/Engines/PhpEngine.php(57): Illuminate/Filesystem/Filesystem->getRequire('C://xampp//htdocs...', Array)
#9 C:/xampp/htdocs/ERP_model/vendor/laravel/framework/src/Illuminate/View/Engines/CompilerEngine.php(76): Illuminate/View/Engines/PhpEngine->evaluatePath('C://xampp//htdocs...', Array)
#10 C:/xampp/htdocs/ERP_model/vendor/laravel/framework/src/Illuminate/View/View.php(208): Illuminate/View/Engines/CompilerEngine->get('C://xampp//htdocs...', Array)
#11 C:/xampp/htdocs/ERP_model/vendor/laravel/framework/src/Illuminate/View/View.php(191): Illuminate/View/View->getContents()
#12 C:/xampp/htdocs/ERP_model/vendor/laravel/framework/src/Illuminate/View/View.php(160): Illuminate/View/View->renderContents()
#13 C:/xampp/htdocs/ERP_model/vendor/laravel/framework/src/Illuminate/Http/Response.php(78): Illuminate/View/View->render()
#14 C:/xampp/htdocs/ERP_model/vendor/laravel/framework/src/Illuminate/Http/Response.php(34): Illuminate/Http/Response->setContent(Object(Illuminate/View/View))
#15 C:/xampp/htdocs/ERP_model/vendor/laravel/framework/src/Illuminate/Routing/Router.php(939): Illuminate/Http/Response->__construct(Object(Illuminate/View/View), 200, Array)
#16 C:/xampp/htdocs/ERP_model/vendor/laravel/framework/src/Illuminate/Routing/Router.php(906): Illuminate/Routing/Router::toResponse(Object(Illuminate/Http/Request), Object(Illuminate/View/View))
#17 C:/xampp/htdocs/ERP_model/vendor/laravel/framework/src/Illuminate/Routing/Router.php(821): Illuminate/Routing/Router->prepareResponse(Object(Illuminate/Http/Request), Object(Illuminate/View/View))
#18 C:/xampp/htdocs/ERP_model/vendor/laravel/framework/src/Illuminate/Pipeline/Pipeline.php(180): Illuminate/Routing/Router->Illuminate/Routing/{closure}(Object(Illuminate/Http/Request))
#19 C:/xampp/htdocs/ERP_model/vendor/laravel/framework/src/Illuminate/Routing/Middleware/SubstituteBindings.php(50): Illuminate/Pipeline/Pipeline->Illuminate/Pipeline/{closure}(Object(Illuminate/Http/Request))
#20 C:/xampp/htdocs/ERP_model/vendor/laravel/framework/src/Illuminate/Pipeline/Pipeline.php(219): Illuminate/Routing/Middleware/SubstituteBindings->handle(Object(Illuminate/Http/Request), Object(Closure))
#21 C:/xampp/htdocs/ERP_model/vendor/laravel/framework/src/Illuminate/Auth/Middleware/Authenticate.php(63): Illuminate/Pipeline/Pipeline->Illuminate/Pipeline/{closure}(Object(Illuminate/Http/Request))
#22 C:/xampp/htdocs/ERP_model/vendor/laravel/framework/src/Illuminate/Pipeline/Pipeline.php(219): Illuminate/Auth/Middleware/Authenticate->handle(Object(Illuminate/Http/Request), Object(Closure))
#23 C:/xampp/htdocs/ERP_model/vendor/laravel/framework/src/Illuminate/Foundation/Http/Middleware/VerifyCsrfToken.php(87): Illuminate/Pipeline/Pipeline->Illuminate/Pipeline/{closure}(Object(Illuminate/Http/Request))
#24 C:/xampp/htdocs/ERP_model/vendor/laravel/framework/src/Illuminate/Pipeline/Pipeline.php(219): Illuminate/Foundation/Http/Middleware/VerifyCsrfToken->handle(Object(Illuminate/Http/Request), Object(Closure))
#25 C:/xampp/htdocs/ERP_model/vendor/laravel/framework/src/Illuminate/View/Middleware/ShareErrorsFromSession.php(48): Illuminate/Pipeline/Pipeline->Illuminate/Pipeline/{closure}(Object(Illuminate/Http/Request))
#26 C:/xampp/htdocs/ERP_model/vendor/laravel/framework/src/Illuminate/Pipeline/Pipeline.php(219): Illuminate/View/Middleware/ShareErrorsFromSession->handle(Object(Illuminate/Http/Request), Object(Closure))
#27 C:/xampp/htdocs/ERP_model/vendor/laravel/framework/src/Illuminate/Session/Middleware/StartSession.php(120): Illuminate/Pipeline/Pipeline->Illuminate/Pipeline/{closure}(Object(Illuminate/Http/Request))
#28 C:/xampp/htdocs/ERP_model/vendor/laravel/framework/src/Illuminate/Session/Middleware/StartSession.php(63): Illuminate/Session/Middleware/StartSession->handleStatefulRequest(Object(Illuminate/Http/Request), Object(Illuminate/Session/Store), Object(Closure))
#29 C:/xampp/htdocs/ERP_model/vendor/laravel/framework/src/Illuminate/Pipeline/Pipeline.php(219): Illuminate/Session/Middleware/StartSession->handle(Object(Illuminate/Http/Request), Object(Closure))
#30 C:/xampp/htdocs/ERP_model/vendor/laravel/framework/src/Illuminate/Cookie/Middleware/AddQueuedCookiesToResponse.php(36): Illuminate/Pipeline/Pipeline->Illuminate/Pipeline/{closure}(Object(Illuminate/Http/Request))
#31 C:/xampp/htdocs/ERP_model/vendor/laravel/framework/src/Illuminate/Pipeline/Pipeline.php(219): Illuminate/Cookie/Middleware/AddQueuedCookiesToResponse->handle(Object(Illuminate/Http/Request), Object(Closure))
#32 C:/xampp/htdocs/ERP_model/vendor/laravel/framework/src/Illuminate/Cookie/Middleware/EncryptCookies.php(74): Illuminate/Pipeline/Pipeline->Illuminate/Pipeline/{closure}(Object(Illuminate/Http/Request))
#33 C:/xampp/htdocs/ERP_model/vendor/laravel/framework/src/Illuminate/Pipeline/Pipeline.php(219): Illuminate/Cookie/Middleware/EncryptCookies->handle(Object(Illuminate/Http/Request), Object(Closure))
#34 C:/xampp/htdocs/ERP_model/vendor/laravel/framework/src/Illuminate/Pipeline/Pipeline.php(137): Illuminate/Pipeline/Pipeline->Illuminate/Pipeline/{closure}(Object(Illuminate/Http/Request))
#35 C:/xampp/htdocs/ERP_model/vendor/laravel/framework/src/Illuminate/Routing/Router.php(821): Illuminate/Pipeline/Pipeline->then(Object(Closure))
#36 C:/xampp/htdocs/ERP_model/vendor/laravel/framework/src/Illuminate/Routing/Router.php(800): Illuminate/Routing/Router->runRouteWithinStack(Object(Illuminate/Routing/Route), Object(Illuminate/Http/Request))
#37 C:/xampp/htdocs/ERP_model/vendor/laravel/framework/src/Illuminate/Routing/Router.php(764): Illuminate/Routing/Router->runRoute(Object(Illuminate/Http/Request), Object(Illuminate/Routing/Route))
#38 C:/xampp/htdocs/ERP_model/vendor/laravel/framework/src/Illuminate/Routing/Router.php(753): Illuminate/Routing/Router->dispatchToRoute(Object(Illuminate/Http/Request))
#39 C:/xampp/htdocs/ERP_model/vendor/laravel/framework/src/Illuminate/Foundation/Http/Kernel.php(200): Illuminate/Routing/Router->dispatch(Object(Illuminate/Http/Request))
#40 C:/xampp/htdocs/ERP_model/vendor/laravel/framework/src/Illuminate/Pipeline/Pipeline.php(180): Illuminate/Foundation/Http/Kernel->Illuminate/Foundation/Http/{closure}(Object(Illuminate/Http/Request))
#41 C:/xampp/htdocs/ERP_model/vendor/laravel/framework/src/Illuminate/Foundation/Http/Middleware/TransformsRequest.php(21): Illuminate/Pipeline/Pipeline->Illuminate/Pipeline/{closure}(Object(Illuminate/Http/Request))
#42 C:/xampp/htdocs/ERP_model/vendor/laravel/framework/src/Illuminate/Foundation/Http/Middleware/ConvertEmptyStringsToNull.php(31): Illuminate/Foundation/Http/Middleware/TransformsRequest->handle(Object(Illuminate/Http/Request), Object(Closure))
#43 C:/xampp/htdocs/ERP_model/vendor/laravel/framework/src/Illuminate/Pipeline/Pipeline.php(219): Illuminate/Foundation/Http/Middleware/ConvertEmptyStringsToNull->handle(Object(Illuminate/Http/Request), Object(Closure))
#44 C:/xampp/htdocs/ERP_model/vendor/laravel/framework/src/Illuminate/Foundation/Http/Middleware/TransformsRequest.php(21): Illuminate/Pipeline/Pipeline->Illuminate/Pipeline/{closure}(Object(Illuminate/Http/Request))
#45 C:/xampp/htdocs/ERP_model/vendor/laravel/framework/src/Illuminate/Foundation/Http/Middleware/TrimStrings.php(51): Illuminate/Foundation/Http/Middleware/TransformsRequest->handle(Object(Illuminate/Http/Request), Object(Closure))
#46 C:/xampp/htdocs/ERP_model/vendor/laravel/framework/src/Illuminate/Pipeline/Pipeline.php(219): Illuminate/Foundation/Http/Middleware/TrimStrings->handle(Object(Illuminate/Http/Request), Object(Closure))
#47 C:/xampp/htdocs/ERP_model/vendor/laravel/framework/src/Illuminate/Http/Middleware/ValidatePostSize.php(27): Illuminate/Pipeline/Pipeline->Illuminate/Pipeline/{closure}(Object(Illuminate/Http/Request))
#48 C:/xampp/htdocs/ERP_model/vendor/laravel/framework/src/Illuminate/Pipeline/Pipeline.php(219): Illuminate/Http/Middleware/ValidatePostSize->handle(Object(Illuminate/Http/Request), Object(Closure))
#49 C:/xampp/htdocs/ERP_model/vendor/laravel/framework/src/Illuminate/Foundation/Http/Middleware/PreventRequestsDuringMaintenance.php(109): Illuminate/Pipeline/Pipeline->Illuminate/Pipeline/{closure}(Object(Illuminate/Http/Request))
#50 C:/xampp/htdocs/ERP_model/vendor/laravel/framework/src/Illuminate/Pipeline/Pipeline.php(219): Illuminate/Foundation/Http/Middleware/PreventRequestsDuringMaintenance->handle(Object(Illuminate/Http/Request), Object(Closure))
#51 C:/xampp/htdocs/ERP_model/vendor/laravel/framework/src/Illuminate/Http/Middleware/HandleCors.php(61): Illuminate/Pipeline/Pipeline->Illuminate/Pipeline/{closure}(Object(Illuminate/Http/Request))
#52 C:/xampp/htdocs/ERP_model/vendor/laravel/framework/src/Illuminate/Pipeline/Pipeline.php(219): Illuminate/Http/Middleware/HandleCors->handle(Object(Illuminate/Http/Request), Object(Closure))
#53 C:/xampp/htdocs/ERP_model/vendor/laravel/framework/src/Illuminate/Http/Middleware/TrustProxies.php(58): Illuminate/Pipeline/Pipeline->Illuminate/Pipeline/{closure}(Object(Illuminate/Http/Request))
#54 C:/xampp/htdocs/ERP_model/vendor/laravel/framework/src/Illuminate/Pipeline/Pipeline.php(219): Illuminate/Http/Middleware/TrustProxies->handle(Object(Illuminate/Http/Request), Object(Closure))
#55 C:/xampp/htdocs/ERP_model/vendor/laravel/framework/src/Illuminate/Foundation/Http/Middleware/InvokeDeferredCallbacks.php(22): Illuminate/Pipeline/Pipeline->Illuminate/Pipeline/{closure}(Object(Illuminate/Http/Request))
#56 C:/xampp/htdocs/ERP_model/vendor/laravel/framework/src/Illuminate/Pipeline/Pipeline.php(219): Illuminate/Foundation/Http/Middleware/InvokeDeferredCallbacks->handle(Object(Illuminate/Http/Request), Object(Closure))
#57 C:/xampp/htdocs/ERP_model/vendor/laravel/framework/src/Illuminate/Http/Middleware/ValidatePathEncoding.php(26): Illuminate/Pipeline/Pipeline->Illuminate/Pipeline/{closure}(Object(Illuminate/Http/Request))
#58 C:/xampp/htdocs/ERP_model/vendor/laravel/framework/src/Illuminate/Pipeline/Pipeline.php(219): Illuminate/Http/Middleware/ValidatePathEncoding->handle(Object(Illuminate/Http/Request), Object(Closure))
#59 C:/xampp/htdocs/ERP_model/vendor/laravel/framework/src/Illuminate/Pipeline/Pipeline.php(137): Illuminate/Pipeline/Pipeline->Illuminate/Pipeline/{closure}(Object(Illuminate/Http/Request))
#60 C:/xampp/htdocs/ERP_model/vendor/laravel/framework/src/Illuminate/Foundation/Http/Kernel.php(175): Illuminate/Pipeline/Pipeline->then(Object(Closure))
#61 C:/xampp/htdocs/ERP_model/vendor/laravel/framework/src/Illuminate/Foundation/Http/Kernel.php(144): Illuminate/Foundation/Http/Kernel->sendRequestThroughRouter(Object(Illuminate/Http/Request))
#62 C:/xampp/htdocs/ERP_model/vendor/laravel/framework/src/Illuminate/Foundation/Application.php(1220): Illuminate/Foundation/Http/Kernel->handle(Object(Illuminate/Http/Request))
#63 C:/xampp/htdocs/ERP_model/public/index.php(20): Illuminate/Foundation/Application->handleRequest(Object(Illuminate/Http/Request))
#64 C:/xampp/htdocs/ERP_model/vendor/laravel/framework/src/Illuminate/Foundation/resources/server.php(23): require_once('C://xampp//htdocs...')
#65 {main}

[previous exception] [object] (Illuminate\\Database\\QueryException(code: 42S02): SQLSTATE[42S02]: Base table or view not found: 1146 Table 'erp_model.roles' doesn't exist (Connection: mysql, Host: 127.0.0.1, Port: 3306, Database: erp_model, SQL: select `roles`.*, `model_has_roles`.`model_id` as `pivot_model_id`, `model_has_roles`.`role_id` as `pivot_role_id`, `model_has_roles`.`model_type` as `pivot_model_type` from `roles` inner join `model_has_roles` on `roles`.`id` = `model_has_roles`.`role_id` where `model_has_roles`.`model_id` = 1 and `model_has_roles`.`model_type` = App\\Models\\User) at C:/xampp/htdocs/ERP_model/vendor/laravel/framework/src/Illuminate/Database/Connection.php:838)
[stacktrace]
#0 C:/xampp/htdocs/ERP_model/vendor/laravel/framework/src/Illuminate/Database/Connection.php(794): Illuminate/Database/Connection->runQueryCallback('select `roles`....', Array, Object(Closure))
#1 C:/xampp/htdocs/ERP_model/vendor/laravel/framework/src/Illuminate/Database/Connection.php(411): Illuminate/Database/Connection->run('select `roles`....', Array, Object(Closure))
#2 C:/xampp/htdocs/ERP_model/vendor/laravel/framework/src/Illuminate/Database/Query/Builder.php(3505): Illuminate/Database/Connection->select('select `roles`....', Array, true)
#3 C:/xampp/htdocs/ERP_model/vendor/laravel/framework/src/Illuminate/Database/Query/Builder.php(3490): Illuminate/Database/Query/Builder->runSelect()
#4 C:/xampp/htdocs/ERP_model/vendor/laravel/framework/src/Illuminate/Database/Query/Builder.php(4080): Illuminate/Database/Query/Builder->Illuminate/Database/Query/{closure}()
#5 C:/xampp/htdocs/ERP_model/vendor/laravel/framework/src/Illuminate/Database/Query/Builder.php(3489): Illuminate/Database/Query/Builder->onceWithColumns(Array, Object(Closure))
#6 C:/xampp/htdocs/ERP_model/vendor/laravel/framework/src/Illuminate/Database/Eloquent/Builder.php(902): Illuminate/Database/Query/Builder->get(Array)
#7 C:/xampp/htdocs/ERP_model/vendor/laravel/framework/src/Illuminate/Database/Eloquent/Relations/BelongsToMany.php(932): Illuminate/Database/Eloquent/Builder->getModels()
#8 C:/xampp/htdocs/ERP_model/vendor/laravel/framework/src/Illuminate/Database/Eloquent/Relations/BelongsToMany.php(916): Illuminate/Database/Eloquent/Relations/BelongsToMany->get()
#9 C:/xampp/htdocs/ERP_model/vendor/laravel/framework/src/Illuminate/Database/Eloquent/Concerns/HasAttributes.php(637): Illuminate/Database/Eloquent/Relations/BelongsToMany->getResults()
#10 C:/xampp/htdocs/ERP_model/vendor/laravel/framework/src/Illuminate/Database/Eloquent/Concerns/HasAttributes.php(575): Illuminate/Database/Eloquent/Model->getRelationshipFromMethod('roles')
#11 C:/xampp/htdocs/ERP_model/vendor/laravel/framework/src/Illuminate/Database/Eloquent/Concerns/HasAttributes.php(494): Illuminate/Database/Eloquent/Model->getRelationValue('roles')
#12 C:/xampp/htdocs/ERP_model/vendor/laravel/framework/src/Illuminate/Database/Eloquent/Model.php(2427): Illuminate/Database/Eloquent/Model->getAttribute('roles')
#13 C:/xampp/htdocs/ERP_model/storage/framework/views/6be3be12a6faaabe658a4c3bf65ad5a9.php(127): Illuminate/Database/Eloquent/Model->__get('roles')
#14 C:/xampp/htdocs/ERP_model/vendor/laravel/framework/src/Illuminate/Filesystem/Filesystem.php(123): require('C://xampp//htdocs...')
#15 C:/xampp/htdocs/ERP_model/vendor/laravel/framework/src/Illuminate/Filesystem/Filesystem.php(124): Illuminate/Filesystem/Filesystem::Illuminate/Filesystem/{closure}()
#16 C:/xampp/htdocs/ERP_model/vendor/laravel/framework/src/Illuminate/View/Engines/PhpEngine.php(57): Illuminate/Filesystem/Filesystem->getRequire('C://xampp//htdocs...', Array)
#17 C:/xampp/htdocs/ERP_model/vendor/laravel/framework/src/Illuminate/View/Engines/CompilerEngine.php(76): Illuminate/View/Engines/PhpEngine->evaluatePath('C://xampp//htdocs...', Array)
#18 C:/xampp/htdocs/ERP_model/vendor/laravel/framework/src/Illuminate/View/View.php(208): Illuminate/View/Engines/CompilerEngine->get('C://xampp//htdocs...', Array)
#19 C:/xampp/htdocs/ERP_model/vendor/laravel/framework/src/Illuminate/View/View.php(191): Illuminate/View/View->getContents()
#20 C:/xampp/htdocs/ERP_model/vendor/laravel/framework/src/Illuminate/View/View.php(160): Illuminate/View/View->renderContents()
#21 C:/xampp/htdocs/ERP_model/storage/framework/views/d6d0a8be75dceb0933c387c3f2d6b014.php(92): Illuminate/View/View->render()
#22 C:/xampp/htdocs/ERP_model/vendor/laravel/framework/src/Illuminate/Filesystem/Filesystem.php(123): require('C://xampp//htdocs...')
#23 C:/xampp/htdocs/ERP_model/vendor/laravel/framework/src/Illuminate/Filesystem/Filesystem.php(124): Illuminate/Filesystem/Filesystem::Illuminate/Filesystem/{closure}()
#24 C:/xampp/htdocs/ERP_model/vendor/laravel/framework/src/Illuminate/View/Engines/PhpEngine.php(57): Illuminate/Filesystem/Filesystem->getRequire('C://xampp//htdocs...', Array)
#25 C:/xampp/htdocs/ERP_model/vendor/laravel/framework/src/Illuminate/View/Engines/CompilerEngine.php(76): Illuminate/View/Engines/PhpEngine->evaluatePath('C://xampp//htdocs...', Array)
#26 C:/xampp/htdocs/ERP_model/vendor/laravel/framework/src/Illuminate/View/View.php(208): Illuminate/View/Engines/CompilerEngine->get('C://xampp//htdocs...', Array)
#27 C:/xampp/htdocs/ERP_model/vendor/laravel/framework/src/Illuminate/View/View.php(191): Illuminate/View/View->getContents()
#28 C:/xampp/htdocs/ERP_model/vendor/laravel/framework/src/Illuminate/View/View.php(160): Illuminate/View/View->renderContents()
#29 C:/xampp/htdocs/ERP_model/vendor/laravel/framework/src/Illuminate/Http/Response.php(78): Illuminate/View/View->render()
#30 C:/xampp/htdocs/ERP_model/vendor/laravel/framework/src/Illuminate/Http/Response.php(34): Illuminate/Http/Response->setContent(Object(Illuminate/View/View))
#31 C:/xampp/htdocs/ERP_model/vendor/laravel/framework/src/Illuminate/Routing/Router.php(939): Illuminate/Http/Response->__construct(Object(Illuminate/View/View), 200, Array)
#32 C:/xampp/htdocs/ERP_model/vendor/laravel/framework/src/Illuminate/Routing/Router.php(906): Illuminate/Routing/Router::toResponse(Object(Illuminate/Http/Request), Object(Illuminate/View/View))
#33 C:/xampp/htdocs/ERP_model/vendor/laravel/framework/src/Illuminate/Routing/Router.php(821): Illuminate/Routing/Router->prepareResponse(Object(Illuminate/Http/Request), Object(Illuminate/View/View))
#34 C:/xampp/htdocs/ERP_model/vendor/laravel/framework/src/Illuminate/Pipeline/Pipeline.php(180): Illuminate/Routing/Router->Illuminate/Routing/{closure}(Object(Illuminate/Http/Request))
#35 C:/xampp/htdocs/ERP_model/vendor/laravel/framework/src/Illuminate/Routing/Middleware/SubstituteBindings.php(50): Illuminate/Pipeline/Pipeline->Illuminate/Pipeline/{closure}(Object(Illuminate/Http/Request))
#36 C:/xampp/htdocs/ERP_model/vendor/laravel/framework/src/Illuminate/Pipeline/Pipeline.php(219): Illuminate/Routing/Middleware/SubstituteBindings->handle(Object(Illuminate/Http/Request), Object(Closure))
#37 C:/xampp/htdocs/ERP_model/vendor/laravel/framework/src/Illuminate/Auth/Middleware/Authenticate.php(63): Illuminate/Pipeline/Pipeline->Illuminate/Pipeline/{closure}(Object(Illuminate/Http/Request))
#38 C:/xampp/htdocs/ERP_model/vendor/laravel/framework/src/Illuminate/Pipeline/Pipeline.php(219): Illuminate/Auth/Middleware/Authenticate->handle(Object(Illuminate/Http/Request), Object(Closure))
#39 C:/xampp/htdocs/ERP_model/vendor/laravel/framework/src/Illuminate/Foundation/Http/Middleware/VerifyCsrfToken.php(87): Illuminate/Pipeline/Pipeline->Illuminate/Pipeline/{closure}(Object(Illuminate/Http/Request))
#40 C:/xampp/htdocs/ERP_model/vendor/laravel/framework/src/Illuminate/Pipeline/Pipeline.php(219): Illuminate/Foundation/Http/Middleware/VerifyCsrfToken->handle(Object(Illuminate/Http/Request), Object(Closure))
#41 C:/xampp/htdocs/ERP_model/vendor/laravel/framework/src/Illuminate/View/Middleware/ShareErrorsFromSession.php(48): Illuminate/Pipeline/Pipeline->Illuminate/Pipeline/{closure}(Object(Illuminate/Http/Request))
#42 C:/xampp/htdocs/ERP_model/vendor/laravel/framework/src/Illuminate/Pipeline/Pipeline.php(219): Illuminate/View/Middleware/ShareErrorsFromSession->handle(Object(Illuminate/Http/Request), Object(Closure))
#43 C:/xampp/htdocs/ERP_model/vendor/laravel/framework/src/Illuminate/Session/Middleware/StartSession.php(120): Illuminate/Pipeline/Pipeline->Illuminate/Pipeline/{closure}(Object(Illuminate/Http/Request))
#44 C:/xampp/htdocs/ERP_model/vendor/laravel/framework/src/Illuminate/Session/Middleware/StartSession.php(63): Illuminate/Session/Middleware/StartSession->handleStatefulRequest(Object(Illuminate/Http/Request), Object(Illuminate/Session/Store), Object(Closure))
#45 C:/xampp/htdocs/ERP_model/vendor/laravel/framework/src/Illuminate/Pipeline/Pipeline.php(219): Illuminate/Session/Middleware/StartSession->handle(Object(Illuminate/Http/Request), Object(Closure))
#46 C:/xampp/htdocs/ERP_model/vendor/laravel/framework/src/Illuminate/Cookie/Middleware/AddQueuedCookiesToResponse.php(36): Illuminate/Pipeline/Pipeline->Illuminate/Pipeline/{closure}(Object(Illuminate/Http/Request))
#47 C:/xampp/htdocs/ERP_model/vendor/laravel/framework/src/Illuminate/Pipeline/Pipeline.php(219): Illuminate/Cookie/Middleware/AddQueuedCookiesToResponse->handle(Object(Illuminate/Http/Request), Object(Closure))
#48 C:/xampp/htdocs/ERP_model/vendor/laravel/framework/src/Illuminate/Cookie/Middleware/EncryptCookies.php(74): Illuminate/Pipeline/Pipeline->Illuminate/Pipeline/{closure}(Object(Illuminate/Http/Request))
#49 C:/xampp/htdocs/ERP_model/vendor/laravel/framework/src/Illuminate/Pipeline/Pipeline.php(219): Illuminate/Cookie/Middleware/EncryptCookies->handle(Object(Illuminate/Http/Request), Object(Closure))
#50 C:/xampp/htdocs/ERP_model/vendor/laravel/framework/src/Illuminate/Pipeline/Pipeline.php(137): Illuminate/Pipeline/Pipeline->Illuminate/Pipeline/{closure}(Object(Illuminate/Http/Request))
#51 C:/xampp/htdocs/ERP_model/vendor/laravel/framework/src/Illuminate/Routing/Router.php(821): Illuminate/Pipeline/Pipeline->then(Object(Closure))
#52 C:/xampp/htdocs/ERP_model/vendor/laravel/framework/src/Illuminate/Routing/Router.php(800): Illuminate/Routing/Router->runRouteWithinStack(Object(Illuminate/Routing/Route), Object(Illuminate/Http/Request))
#53 C:/xampp/htdocs/ERP_model/vendor/laravel/framework/src/Illuminate/Routing/Router.php(764): Illuminate/Routing/Router->runRoute(Object(Illuminate/Http/Request), Object(Illuminate/Routing/Route))
#54 C:/xampp/htdocs/ERP_model/vendor/laravel/framework/src/Illuminate/Routing/Router.php(753): Illuminate/Routing/Router->dispatchToRoute(Object(Illuminate/Http/Request))
#55 C:/xampp/htdocs/ERP_model/vendor/laravel/framework/src/Illuminate/Foundation/Http/Kernel.php(200): Illuminate/Routing/Router->dispatch(Object(Illuminate/Http/Request))
#56 C:/xampp/htdocs/ERP_model/vendor/laravel/framework/src/Illuminate/Pipeline/Pipeline.php(180): Illuminate/Foundation/Http/Kernel->Illuminate/Foundation/Http/{closure}(Object(Illuminate/Http/Request))
#57 C:/xampp/htdocs/ERP_model/vendor/laravel/framework/src/Illuminate/Foundation/Http/Middleware/TransformsRequest.php(21): Illuminate/Pipeline/Pipeline->Illuminate/Pipeline/{closure}(Object(Illuminate/Http/Request))
#58 C:/xampp/htdocs/ERP_model/vendor/laravel/framework/src/Illuminate/Foundation/Http/Middleware/ConvertEmptyStringsToNull.php(31): Illuminate/Foundation/Http/Middleware/TransformsRequest->handle(Object(Illuminate/Http/Request), Object(Closure))
#59 C:/xampp/htdocs/ERP_model/vendor/laravel/framework/src/Illuminate/Pipeline/Pipeline.php(219): Illuminate/Foundation/Http/Middleware/ConvertEmptyStringsToNull->handle(Object(Illuminate/Http/Request), Object(Closure))
#60 C:/xampp/htdocs/ERP_model/vendor/laravel/framework/src/Illuminate/Foundation/Http/Middleware/TransformsRequest.php(21): Illuminate/Pipeline/Pipeline->Illuminate/Pipeline/{closure}(Object(Illuminate/Http/Request))
#61 C:/xampp/htdocs/ERP_model/vendor/laravel/framework/src/Illuminate/Foundation/Http/Middleware/TrimStrings.php(51): Illuminate/Foundation/Http/Middleware/TransformsRequest->handle(Object(Illuminate/Http/Request), Object(Closure))
#62 C:/xampp/htdocs/ERP_model/vendor/laravel/framework/src/Illuminate/Pipeline/Pipeline.php(219): Illuminate/Foundation/Http/Middleware/TrimStrings->handle(Object(Illuminate/Http/Request), Object(Closure))
#63 C:/xampp/htdocs/ERP_model/vendor/laravel/framework/src/Illuminate/Http/Middleware/ValidatePostSize.php(27): Illuminate/Pipeline/Pipeline->Illuminate/Pipeline/{closure}(Object(Illuminate/Http/Request))
#64 C:/xampp/htdocs/ERP_model/vendor/laravel/framework/src/Illuminate/Pipeline/Pipeline.php(219): Illuminate/Http/Middleware/ValidatePostSize->handle(Object(Illuminate/Http/Request), Object(Closure))
#65 C:/xampp/htdocs/ERP_model/vendor/laravel/framework/src/Illuminate/Foundation/Http/Middleware/PreventRequestsDuringMaintenance.php(109): Illuminate/Pipeline/Pipeline->Illuminate/Pipeline/{closure}(Object(Illuminate/Http/Request))
#66 C:/xampp/htdocs/ERP_model/vendor/laravel/framework/src/Illuminate/Pipeline/Pipeline.php(219): Illuminate/Foundation/Http/Middleware/PreventRequestsDuringMaintenance->handle(Object(Illuminate/Http/Request), Object(Closure))
#67 C:/xampp/htdocs/ERP_model/vendor/laravel/framework/src/Illuminate/Http/Middleware/HandleCors.php(61): Illuminate/Pipeline/Pipeline->Illuminate/Pipeline/{closure}(Object(Illuminate/Http/Request))
#68 C:/xampp/htdocs/ERP_model/vendor/laravel/framework/src/Illuminate/Pipeline/Pipeline.php(219): Illuminate/Http/Middleware/HandleCors->handle(Object(Illuminate/Http/Request), Object(Closure))
#69 C:/xampp/htdocs/ERP_model/vendor/laravel/framework/src/Illuminate/Http/Middleware/TrustProxies.php(58): Illuminate/Pipeline/Pipeline->Illuminate/Pipeline/{closure}(Object(Illuminate/Http/Request))
#70 C:/xampp/htdocs/ERP_model/vendor/laravel/framework/src/Illuminate/Pipeline/Pipeline.php(219): Illuminate/Http/Middleware/TrustProxies->handle(Object(Illuminate/Http/Request), Object(Closure))
#71 C:/xampp/htdocs/ERP_model/vendor/laravel/framework/src/Illuminate/Foundation/Http/Middleware/InvokeDeferredCallbacks.php(22): Illuminate/Pipeline/Pipeline->Illuminate/Pipeline/{closure}(Object(Illuminate/Http/Request))
#72 C:/xampp/htdocs/ERP_model/vendor/laravel/framework/src/Illuminate/Pipeline/Pipeline.php(219): Illuminate/Foundation/Http/Middleware/InvokeDeferredCallbacks->handle(Object(Illuminate/Http/Request), Object(Closure))
#73 C:/xampp/htdocs/ERP_model/vendor/laravel/framework/src/Illuminate/Http/Middleware/ValidatePathEncoding.php(26): Illuminate/Pipeline/Pipeline->Illuminate/Pipeline/{closure}(Object(Illuminate/Http/Request))
#74 C:/xampp/htdocs/ERP_model/vendor/laravel/framework/src/Illuminate/Pipeline/Pipeline.php(219): Illuminate/Http/Middleware/ValidatePathEncoding->handle(Object(Illuminate/Http/Request), Object(Closure))
#75 C:/xampp/htdocs/ERP_model/vendor/laravel/framework/src/Illuminate/Pipeline/Pipeline.php(137): Illuminate/Pipeline/Pipeline->Illuminate/Pipeline/{closure}(Object(Illuminate/Http/Request))
#76 C:/xampp/htdocs/ERP_model/vendor/laravel/framework/src/Illuminate/Foundation/Http/Kernel.php(175): Illuminate/Pipeline/Pipeline->then(Object(Closure))
#77 C:/xampp/htdocs/ERP_model/vendor/laravel/framework/src/Illuminate/Foundation/Http/Kernel.php(144): Illuminate/Foundation/Http/Kernel->sendRequestThroughRouter(Object(Illuminate/Http/Request))
#78 C:/xampp/htdocs/ERP_model/vendor/laravel/framework/src/Illuminate/Foundation/Application.php(1220): Illuminate/Foundation/Http/Kernel->handle(Object(Illuminate/Http/Request))
#79 C:/xampp/htdocs/ERP_model/public/index.php(20): Illuminate/Foundation/Application->handleRequest(Object(Illuminate/Http/Request))
#80 C:/xampp/htdocs/ERP_model/vendor/laravel/framework/src/Illuminate/Foundation/resources/server.php(23): require_once('C://xampp//htdocs...')
#81 {main}

[previous exception] [object] (PDOException(code: 42S02): SQLSTATE[42S02]: Base table or view not found: 1146 Table 'erp_model.roles' doesn't exist at C:/xampp/htdocs/ERP_model/vendor/laravel/framework/src/Illuminate/Database/Connection.php:420)
[stacktrace]
#0 C:/xampp/htdocs/ERP_model/vendor/laravel/framework/src/Illuminate/Database/Connection.php(420): PDO->prepare('select `roles`....')
#1 C:/xampp/htdocs/ERP_model/vendor/laravel/framework/src/Illuminate/Database/Connection.php(827): Illuminate/Database/Connection->Illuminate/Database/{closure}('select `roles`....', Array)
#2 C:/xampp/htdocs/ERP_model/vendor/laravel/framework/src/Illuminate/Database/Connection.php(794): Illuminate/Database/Connection->runQueryCallback('select `roles`....', Array, Object(Closure))
#3 C:/xampp/htdocs/ERP_model/vendor/laravel/framework/src/Illuminate/Database/Connection.php(411): Illuminate/Database/Connection->run('select `roles`....', Array, Object(Closure))
#4 C:/xampp/htdocs/ERP_model/vendor/laravel/framework/src/Illuminate/Database/Query/Builder.php(3505): Illuminate/Database/Connection->select('select `roles`....', Array, true)
#5 C:/xampp/htdocs/ERP_model/vendor/laravel/framework/src/Illuminate/Database/Query/Builder.php(3490): Illuminate/Database/Query/Builder->runSelect()
#6 C:/xampp/htdocs/ERP_model/vendor/laravel/framework/src/Illuminate/Database/Query/Builder.php(4080): Illuminate/Database/Query/Builder->Illuminate/Database/Query/{closure}()
#7 C:/xampp/htdocs/ERP_model/vendor/laravel/framework/src/Illuminate/Database/Query/Builder.php(3489): Illuminate/Database/Query/Builder->onceWithColumns(Array, Object(Closure))
#8 C:/xampp/htdocs/ERP_model/vendor/laravel/framework/src/Illuminate/Database/Eloquent/Builder.php(902): Illuminate/Database/Query/Builder->get(Array)
#9 C:/xampp/htdocs/ERP_model/vendor/laravel/framework/src/Illuminate/Database/Eloquent/Relations/BelongsToMany.php(932): Illuminate/Database/Eloquent/Builder->getModels()
#10 C:/xampp/htdocs/ERP_model/vendor/laravel/framework/src/Illuminate/Database/Eloquent/Relations/BelongsToMany.php(916): Illuminate/Database/Eloquent/Relations/BelongsToMany->get()
#11 C:/xampp/htdocs/ERP_model/vendor/laravel/framework/src/Illuminate/Database/Eloquent/Concerns/HasAttributes.php(637): Illuminate/Database/Eloquent/Relations/BelongsToMany->getResults()
#12 C:/xampp/htdocs/ERP_model/vendor/laravel/framework/src/Illuminate/Database/Eloquent/Concerns/HasAttributes.php(575): Illuminate/Database/Eloquent/Model->getRelationshipFromMethod('roles')
#13 C:/xampp/htdocs/ERP_model/vendor/laravel/framework/src/Illuminate/Database/Eloquent/Concerns/HasAttributes.php(494): Illuminate/Database/Eloquent/Model->getRelationValue('roles')
#14 C:/xampp/htdocs/ERP_model/vendor/laravel/framework/src/Illuminate/Database/Eloquent/Model.php(2427): Illuminate/Database/Eloquent/Model->getAttribute('roles')
#15 C:/xampp/htdocs/ERP_model/storage/framework/views/6be3be12a6faaabe658a4c3bf65ad5a9.php(127): Illuminate/Database/Eloquent/Model->__get('roles')
#16 C:/xampp/htdocs/ERP_model/vendor/laravel/framework/src/Illuminate/Filesystem/Filesystem.php(123): require('C://xampp//htdocs...')
#17 C:/xampp/htdocs/ERP_model/vendor/laravel/framework/src/Illuminate/Filesystem/Filesystem.php(124): Illuminate/Filesystem/Filesystem::Illuminate/Filesystem/{closure}()
#18 C:/xampp/htdocs/ERP_model/vendor/laravel/framework/src/Illuminate/View/Engines/PhpEngine.php(57): Illuminate/Filesystem/Filesystem->getRequire('C://xampp//htdocs...', Array)
#19 C:/xampp/htdocs/ERP_model/vendor/laravel/framework/src/Illuminate/View/Engines/CompilerEngine.php(76): Illuminate/View/Engines/PhpEngine->evaluatePath('C://xampp//htdocs...', Array)
#20 C:/xampp/htdocs/ERP_model/vendor/laravel/framework/src/Illuminate/View/View.php(208): Illuminate/View/Engines/CompilerEngine->get('C://xampp//htdocs...', Array)
#21 C:/xampp/htdocs/ERP_model/vendor/laravel/framework/src/Illuminate/View/View.php(191): Illuminate/View/View->getContents()
#22 C:/xampp/htdocs/ERP_model/vendor/laravel/framework/src/Illuminate/View/View.php(160): Illuminate/View/View->renderContents()
#23 C:/xampp/htdocs/ERP_model/storage/framework/views/d6d0a8be75dceb0933c387c3f2d6b014.php(92): Illuminate/View/View->render()
#24 C:/xampp/htdocs/ERP_model/vendor/laravel/framework/src/Illuminate/Filesystem/Filesystem.php(123): require('C://xampp//htdocs...')
#25 C:/xampp/htdocs/ERP_model/vendor/laravel/framework/src/Illuminate/Filesystem/Filesystem.php(124): Illuminate/Filesystem/Filesystem::Illuminate/Filesystem/{closure}()
#26 C:/xampp/htdocs/ERP_model/vendor/laravel/framework/src/Illuminate/View/Engines/PhpEngine.php(57): Illuminate/Filesystem/Filesystem->getRequire('C://xampp//htdocs...', Array)
#27 C:/xampp/htdocs/ERP_model/vendor/laravel/framework/src/Illuminate/View/Engines/CompilerEngine.php(76): Illuminate/View/Engines/PhpEngine->evaluatePath('C://xampp//htdocs...', Array)
#28 C:/xampp/htdocs/ERP_model/vendor/laravel/framework/src/Illuminate/View/View.php(208): Illuminate/View/Engines/CompilerEngine->get('C://xampp//htdocs...', Array)
#29 C:/xampp/htdocs/ERP_model/vendor/laravel/framework/src/Illuminate/View/View.php(191): Illuminate/View/View->getContents()
#30 C:/xampp/htdocs/ERP_model/vendor/laravel/framework/src/Illuminate/View/View.php(160): Illuminate/View/View->renderContents()
#31 C:/xampp/htdocs/ERP_model/vendor/laravel/framework/src/Illuminate/Http/Response.php(78): Illuminate/View/View->render()
#32 C:/xampp/htdocs/ERP_model/vendor/laravel/framework/src/Illuminate/Http/Response.php(34): Illuminate/Http/Response->setContent(Object(Illuminate/View/View))
#33 C:/xampp/htdocs/ERP_model/vendor/laravel/framework/src/Illuminate/Routing/Router.php(939): Illuminate/Http/Response->__construct(Object(Illuminate/View/View), 200, Array)
#34 C:/xampp/htdocs/ERP_model/vendor/laravel/framework/src/Illuminate/Routing/Router.php(906): Illuminate/Routing/Router::toResponse(Object(Illuminate/Http/Request), Object(Illuminate/View/View))
#35 C:/xampp/htdocs/ERP_model/vendor/laravel/framework/src/Illuminate/Routing/Router.php(821): Illuminate/Routing/Router->prepareResponse(Object(Illuminate/Http/Request), Object(Illuminate/View/View))
#36 C:/xampp/htdocs/ERP_model/vendor/laravel/framework/src/Illuminate/Pipeline/Pipeline.php(180): Illuminate/Routing/Router->Illuminate/Routing/{closure}(Object(Illuminate/Http/Request))
#37 C:/xampp/htdocs/ERP_model/vendor/laravel/framework/src/Illuminate/Routing/Middleware/SubstituteBindings.php(50): Illuminate/Pipeline/Pipeline->Illuminate/Pipeline/{closure}(Object(Illuminate/Http/Request))
#38 C:/xampp/htdocs/ERP_model/vendor/laravel/framework/src/Illuminate/Pipeline/Pipeline.php(219): Illuminate/Routing/Middleware/SubstituteBindings->handle(Object(Illuminate/Http/Request), Object(Closure))
#39 C:/xampp/htdocs/ERP_model/vendor/laravel/framework/src/Illuminate/Auth/Middleware/Authenticate.php(63): Illuminate/Pipeline/Pipeline->Illuminate/Pipeline/{closure}(Object(Illuminate/Http/Request))
#40 C:/xampp/htdocs/ERP_model/vendor/laravel/framework/src/Illuminate/Pipeline/Pipeline.php(219): Illuminate/Auth/Middleware/Authenticate->handle(Object(Illuminate/Http/Request), Object(Closure))
#41 C:/xampp/htdocs/ERP_model/vendor/laravel/framework/src/Illuminate/Foundation/Http/Middleware/VerifyCsrfToken.php(87): Illuminate/Pipeline/Pipeline->Illuminate/Pipeline/{closure}(Object(Illuminate/Http/Request))
#42 C:/xampp/htdocs/ERP_model/vendor/laravel/framework/src/Illuminate/Pipeline/Pipeline.php(219): Illuminate/Foundation/Http/Middleware/VerifyCsrfToken->handle(Object(Illuminate/Http/Request), Object(Closure))
#43 C:/xampp/htdocs/ERP_model/vendor/laravel/framework/src/Illuminate/View/Middleware/ShareErrorsFromSession.php(48): Illuminate/Pipeline/Pipeline->Illuminate/Pipeline/{closure}(Object(Illuminate/Http/Request))
#44 C:/xampp/htdocs/ERP_model/vendor/laravel/framework/src/Illuminate/Pipeline/Pipeline.php(219): Illuminate/View/Middleware/ShareErrorsFromSession->handle(Object(Illuminate/Http/Request), Object(Closure))
#45 C:/xampp/htdocs/ERP_model/vendor/laravel/framework/src/Illuminate/Session/Middleware/StartSession.php(120): Illuminate/Pipeline/Pipeline->Illuminate/Pipeline/{closure}(Object(Illuminate/Http/Request))
#46 C:/xampp/htdocs/ERP_model/vendor/laravel/framework/src/Illuminate/Session/Middleware/StartSession.php(63): Illuminate/Session/Middleware/StartSession->handleStatefulRequest(Object(Illuminate/Http/Request), Object(Illuminate/Session/Store), Object(Closure))
#47 C:/xampp/htdocs/ERP_model/vendor/laravel/framework/src/Illuminate/Pipeline/Pipeline.php(219): Illuminate/Session/Middleware/StartSession->handle(Object(Illuminate/Http/Request), Object(Closure))
#48 C:/xampp/htdocs/ERP_model/vendor/laravel/framework/src/Illuminate/Cookie/Middleware/AddQueuedCookiesToResponse.php(36): Illuminate/Pipeline/Pipeline->Illuminate/Pipeline/{closure}(Object(Illuminate/Http/Request))
#49 C:/xampp/htdocs/ERP_model/vendor/laravel/framework/src/Illuminate/Pipeline/Pipeline.php(219): Illuminate/Cookie/Middleware/AddQueuedCookiesToResponse->handle(Object(Illuminate/Http/Request), Object(Closure))
#50 C:/xampp/htdocs/ERP_model/vendor/laravel/framework/src/Illuminate/Cookie/Middleware/EncryptCookies.php(74): Illuminate/Pipeline/Pipeline->Illuminate/Pipeline/{closure}(Object(Illuminate/Http/Request))
#51 C:/xampp/htdocs/ERP_model/vendor/laravel/framework/src/Illuminate/Pipeline/Pipeline.php(219): Illuminate/Cookie/Middleware/EncryptCookies->handle(Object(Illuminate/Http/Request), Object(Closure))
#52 C:/xampp/htdocs/ERP_model/vendor/laravel/framework/src/Illuminate/Pipeline/Pipeline.php(137): Illuminate/Pipeline/Pipeline->Illuminate/Pipeline/{closure}(Object(Illuminate/Http/Request))
#53 C:/xampp/htdocs/ERP_model/vendor/laravel/framework/src/Illuminate/Routing/Router.php(821): Illuminate/Pipeline/Pipeline->then(Object(Closure))
#54 C:/xampp/htdocs/ERP_model/vendor/laravel/framework/src/Illuminate/Routing/Router.php(800): Illuminate/Routing/Router->runRouteWithinStack(Object(Illuminate/Routing/Route), Object(Illuminate/Http/Request))
#55 C:/xampp/htdocs/ERP_model/vendor/laravel/framework/src/Illuminate/Routing/Router.php(764): Illuminate/Routing/Router->runRoute(Object(Illuminate/Http/Request), Object(Illuminate/Routing/Route))
#56 C:/xampp/htdocs/ERP_model/vendor/laravel/framework/src/Illuminate/Routing/Router.php(753): Illuminate/Routing/Router->dispatchToRoute(Object(Illuminate/Http/Request))
#57 C:/xampp/htdocs/ERP_model/vendor/laravel/framework/src/Illuminate/Foundation/Http/Kernel.php(200): Illuminate/Routing/Router->dispatch(Object(Illuminate/Http/Request))
#58 C:/xampp/htdocs/ERP_model/vendor/laravel/framework/src/Illuminate/Pipeline/Pipeline.php(180): Illuminate/Foundation/Http/Kernel->Illuminate/Foundation/Http/{closure}(Object(Illuminate/Http/Request))
#59 C:/xampp/htdocs/ERP_model/vendor/laravel/framework/src/Illuminate/Foundation/Http/Middleware/TransformsRequest.php(21): Illuminate/Pipeline/Pipeline->Illuminate/Pipeline/{closure}(Object(Illuminate/Http/Request))
#60 C:/xampp/htdocs/ERP_model/vendor/laravel/framework/src/Illuminate/Foundation/Http/Middleware/ConvertEmptyStringsToNull.php(31): Illuminate/Foundation/Http/Middleware/TransformsRequest->handle(Object(Illuminate/Http/Request), Object(Closure))
#61 C:/xampp/htdocs/ERP_model/vendor/laravel/framework/src/Illuminate/Pipeline/Pipeline.php(219): Illuminate/Foundation/Http/Middleware/ConvertEmptyStringsToNull->handle(Object(Illuminate/Http/Request), Object(Closure))
#62 C:/xampp/htdocs/ERP_model/vendor/laravel/framework/src/Illuminate/Foundation/Http/Middleware/TransformsRequest.php(21): Illuminate/Pipeline/Pipeline->Illuminate/Pipeline/{closure}(Object(Illuminate/Http/Request))
#63 C:/xampp/htdocs/ERP_model/vendor/laravel/framework/src/Illuminate/Foundation/Http/Middleware/TrimStrings.php(51): Illuminate/Foundation/Http/Middleware/TransformsRequest->handle(Object(Illuminate/Http/Request), Object(Closure))
#64 C:/xampp/htdocs/ERP_model/vendor/laravel/framework/src/Illuminate/Pipeline/Pipeline.php(219): Illuminate/Foundation/Http/Middleware/TrimStrings->handle(Object(Illuminate/Http/Request), Object(Closure))
#65 C:/xampp/htdocs/ERP_model/vendor/laravel/framework/src/Illuminate/Http/Middleware/ValidatePostSize.php(27): Illuminate/Pipeline/Pipeline->Illuminate/Pipeline/{closure}(Object(Illuminate/Http/Request))
#66 C:/xampp/htdocs/ERP_model/vendor/laravel/framework/src/Illuminate/Pipeline/Pipeline.php(219): Illuminate/Http/Middleware/ValidatePostSize->handle(Object(Illuminate/Http/Request), Object(Closure))
#67 C:/xampp/htdocs/ERP_model/vendor/laravel/framework/src/Illuminate/Foundation/Http/Middleware/PreventRequestsDuringMaintenance.php(109): Illuminate/Pipeline/Pipeline->Illuminate/Pipeline/{closure}(Object(Illuminate/Http/Request))
#68 C:/xampp/htdocs/ERP_model/vendor/laravel/framework/src/Illuminate/Pipeline/Pipeline.php(219): Illuminate/Foundation/Http/Middleware/PreventRequestsDuringMaintenance->handle(Object(Illuminate/Http/Request), Object(Closure))
#69 C:/xampp/htdocs/ERP_model/vendor/laravel/framework/src/Illuminate/Http/Middleware/HandleCors.php(61): Illuminate/Pipeline/Pipeline->Illuminate/Pipeline/{closure}(Object(Illuminate/Http/Request))
#70 C:/xampp/htdocs/ERP_model/vendor/laravel/framework/src/Illuminate/Pipeline/Pipeline.php(219): Illuminate/Http/Middleware/HandleCors->handle(Object(Illuminate/Http/Request), Object(Closure))
#71 C:/xampp/htdocs/ERP_model/vendor/laravel/framework/src/Illuminate/Http/Middleware/TrustProxies.php(58): Illuminate/Pipeline/Pipeline->Illuminate/Pipeline/{closure}(Object(Illuminate/Http/Request))
#72 C:/xampp/htdocs/ERP_model/vendor/laravel/framework/src/Illuminate/Pipeline/Pipeline.php(219): Illuminate/Http/Middleware/TrustProxies->handle(Object(Illuminate/Http/Request), Object(Closure))
#73 C:/xampp/htdocs/ERP_model/vendor/laravel/framework/src/Illuminate/Foundation/Http/Middleware/InvokeDeferredCallbacks.php(22): Illuminate/Pipeline/Pipeline->Illuminate/Pipeline/{closure}(Object(Illuminate/Http/Request))
#74 C:/xampp/htdocs/ERP_model/vendor/laravel/framework/src/Illuminate/Pipeline/Pipeline.php(219): Illuminate/Foundation/Http/Middleware/InvokeDeferredCallbacks->handle(Object(Illuminate/Http/Request), Object(Closure))
#75 C:/xampp/htdocs/ERP_model/vendor/laravel/framework/src/Illuminate/Http/Middleware/ValidatePathEncoding.php(26): Illuminate/Pipeline/Pipeline->Illuminate/Pipeline/{closure}(Object(Illuminate/Http/Request))
#76 C:/xampp/htdocs/ERP_model/vendor/laravel/framework/src/Illuminate/Pipeline/Pipeline.php(219): Illuminate/Http/Middleware/ValidatePathEncoding->handle(Object(Illuminate/Http/Request), Object(Closure))
#77 C:/xampp/htdocs/ERP_model/vendor/laravel/framework/src/Illuminate/Pipeline/Pipeline.php(137): Illuminate/Pipeline/Pipeline->Illuminate/Pipeline/{closure}(Object(Illuminate/Http/Request))
#78 C:/xampp/htdocs/ERP_model/vendor/laravel/framework/src/Illuminate/Foundation/Http/Kernel.php(175): Illuminate/Pipeline/Pipeline->then(Object(Closure))
#79 C:/xampp/htdocs/ERP_model/vendor/laravel/framework/src/Illuminate/Foundation/Http/Kernel.php(144): Illuminate/Foundation/Http/Kernel->sendRequestThroughRouter(Object(Illuminate/Http/Request))
#80 C:/xampp/htdocs/ERP_model/vendor/laravel/framework/src/Illuminate/Foundation/Application.php(1220): Illuminate/Foundation/Http/Kernel->handle(Object(Illuminate/Http/Request))
#81 C:/xampp/htdocs/ERP_model/public/index.php(20): Illuminate/Foundation/Application->handleRequest(Object(Illuminate/Http/Request))
#82 C:/xampp/htdocs/ERP_model/vendor/laravel/framework/src/Illuminate/Foundation/resources/server.php(23): require_once('C://xampp//htdocs...')
#83 {main}
"} 
[2026-06-19 06:29:46] local.ERROR: SQLSTATE[42S01]: Base table or view already exists: 1050 Table 'permissions' already exists (Connection: mysql, Host: 127.0.0.1, Port: 3306, Database: erp_model, SQL: create table `permissions` (`id` bigint unsigned not null auto_increment primary key, `name` varchar(255) not null, `guard_name` varchar(255) not null, `created_at` timestamp null, `updated_at` timestamp null) default character set utf8mb4 collate 'utf8mb4_unicode_ci') {"exception":"[object] (Illuminate\\Database\\QueryException(code: 42S01): SQLSTATE[42S01]: Base table or view already exists: 1050 Table 'permissions' already exists (Connection: mysql, Host: 127.0.0.1, Port: 3306, Database: erp_model, SQL: create table `permissions` (`id` bigint unsigned not null auto_increment primary key, `name` varchar(255) not null, `guard_name` varchar(255) not null, `created_at` timestamp null, `updated_at` timestamp null) default character set utf8mb4 collate 'utf8mb4_unicode_ci') at C:/xampp/htdocs/ERP_model/vendor/laravel/framework/src/Illuminate/Database/Connection.php:838)
[stacktrace]
#0 C:/xampp/htdocs/ERP_model/vendor/laravel/framework/src/Illuminate/Database/Connection.php(794): Illuminate/Database/Connection->runQueryCallback('create table `p...', Array, Object(Closure))
#1 C:/xampp/htdocs/ERP_model/vendor/laravel/framework/src/Illuminate/Database/Connection.php(573): Illuminate/Database/Connection->run('create table `p...', Array, Object(Closure))
#2 C:/xampp/htdocs/ERP_model/vendor/laravel/framework/src/Illuminate/Database/Schema/Blueprint.php(121): Illuminate/Database/Connection->statement('create table `p...')
#3 C:/xampp/htdocs/ERP_model/vendor/laravel/framework/src/Illuminate/Database/Schema/Builder.php(686): Illuminate/Database/Schema/Blueprint->build()
#4 C:/xampp/htdocs/ERP_model/vendor/laravel/framework/src/Illuminate/Database/Schema/Builder.php(506): Illuminate/Database/Schema/Builder->build(Object(Illuminate/Database/Schema/Blueprint))
#5 C:/xampp/htdocs/ERP_model/vendor/laravel/framework/src/Illuminate/Support/Facades/Facade.php(363): Illuminate/Database/Schema/Builder->create('permissions', Object(Closure))
#6 C:/xampp/htdocs/ERP_model/database/migrations/2026_06_19_062620_create_permissions_tables.php(12): Illuminate/Support/Facades/Facade::__callStatic('create', Array)
#7 C:/xampp/htdocs/ERP_model/vendor/laravel/framework/src/Illuminate/Database/Migrations/Migrator.php(517): Illuminate/Database/Migrations/Migration@anonymous->up()
#8 C:/xampp/htdocs/ERP_model/vendor/laravel/framework/src/Illuminate/Database/Migrations/Migrator.php(442): Illuminate/Database/Migrations/Migrator->runMethod(Object(Illuminate/Database/MySqlConnection), Object(Illuminate/Database/Migrations/Migration@anonymous), 'up')
#9 C:/xampp/htdocs/ERP_model/vendor/laravel/framework/src/Illuminate/Database/Migrations/Migrator.php(451): Illuminate/Database/Migrations/Migrator->Illuminate/Database/Migrations/{closure}()
#10 C:/xampp/htdocs/ERP_model/vendor/laravel/framework/src/Illuminate/Database/Migrations/Migrator.php(253): Illuminate/Database/Migrations/Migrator->runMigration(Object(Illuminate/Database/Migrations/Migration@anonymous), 'up')
#11 C:/xampp/htdocs/ERP_model/vendor/laravel/framework/src/Illuminate/Console/View/Components/Task.php(41): Illuminate/Database/Migrations/Migrator->Illuminate/Database/Migrations/{closure}()
#12 C:/xampp/htdocs/ERP_model/vendor/laravel/framework/src/Illuminate/Database/Migrations/Migrator.php(814): Illuminate/Console/View/Components/Task->render('2026_06_19_0626...', Object(Closure))
#13 C:/xampp/htdocs/ERP_model/vendor/laravel/framework/src/Illuminate/Database/Migrations/Migrator.php(253): Illuminate/Database/Migrations/Migrator->write('Illuminate//Cons...', '2026_06_19_0626...', Object(Closure))
#14 C:/xampp/htdocs/ERP_model/vendor/laravel/framework/src/Illuminate/Database/Migrations/Migrator.php(211): Illuminate/Database/Migrations/Migrator->runUp('C://xampp//htdocs...', 2, false)
#15 C:/xampp/htdocs/ERP_model/vendor/laravel/framework/src/Illuminate/Database/Migrations/Migrator.php(138): Illuminate/Database/Migrations/Migrator->runPending(Array, Array)
#16 C:/xampp/htdocs/ERP_model/vendor/laravel/framework/src/Illuminate/Database/Console/Migrations/MigrateCommand.php(116): Illuminate/Database/Migrations/Migrator->run(Array, Array)
#17 C:/xampp/htdocs/ERP_model/vendor/laravel/framework/src/Illuminate/Database/Migrations/Migrator.php(671): Illuminate/Database/Console/Migrations/MigrateCommand->Illuminate/Database/Console/Migrations/{closure}()
#18 C:/xampp/htdocs/ERP_model/vendor/laravel/framework/src/Illuminate/Database/Console/Migrations/MigrateCommand.php(109): Illuminate/Database/Migrations/Migrator->usingConnection(NULL, Object(Closure))
#19 C:/xampp/htdocs/ERP_model/vendor/laravel/framework/src/Illuminate/Database/Console/Migrations/MigrateCommand.php(88): Illuminate/Database/Console/Migrations/MigrateCommand->runMigrations()
#20 C:/xampp/htdocs/ERP_model/vendor/laravel/framework/src/Illuminate/Container/BoundMethod.php(36): Illuminate/Database/Console/Migrations/MigrateCommand->handle()
#21 C:/xampp/htdocs/ERP_model/vendor/laravel/framework/src/Illuminate/Container/Util.php(43): Illuminate/Container/BoundMethod::Illuminate/Container/{closure}()
#22 C:/xampp/htdocs/ERP_model/vendor/laravel/framework/src/Illuminate/Container/BoundMethod.php(96): Illuminate/Container/Util::unwrapIfClosure(Object(Closure))
#23 C:/xampp/htdocs/ERP_model/vendor/laravel/framework/src/Illuminate/Container/BoundMethod.php(35): Illuminate/Container/BoundMethod::callBoundMethod(Object(Illuminate/Foundation/Application), Array, Object(Closure))
#24 C:/xampp/htdocs/ERP_model/vendor/laravel/framework/src/Illuminate/Container/Container.php(799): Illuminate/Container/BoundMethod::call(Object(Illuminate/Foundation/Application), Array, Array, NULL)
#25 C:/xampp/htdocs/ERP_model/vendor/laravel/framework/src/Illuminate/Console/Command.php(211): Illuminate/Container/Container->call(Array)
#26 C:/xampp/htdocs/ERP_model/vendor/symfony/console/Command/Command.php(341): Illuminate/Console/Command->execute(Object(Symfony/Component/Console/Input/ArgvInput), Object(Illuminate/Console/OutputStyle))
#27 C:/xampp/htdocs/ERP_model/vendor/laravel/framework/src/Illuminate/Console/Command.php(180): Symfony/Component/Console/Command/Command->run(Object(Symfony/Component/Console/Input/ArgvInput), Object(Illuminate/Console/OutputStyle))
#28 C:/xampp/htdocs/ERP_model/vendor/symfony/console/Application.php(1117): Illuminate/Console/Command->run(Object(Symfony/Component/Console/Input/ArgvInput), Object(Symfony/Component/Console/Output/ConsoleOutput))
#29 C:/xampp/htdocs/ERP_model/vendor/symfony/console/Application.php(356): Symfony/Component/Console/Application->doRunCommand(Object(Illuminate/Database/Console/Migrations/MigrateCommand), Object(Symfony/Component/Console/Input/ArgvInput), Object(Symfony/Component/Console/Output/ConsoleOutput))
#30 C:/xampp/htdocs/ERP_model/vendor/symfony/console/Application.php(195): Symfony/Component/Console/Application->doRun(Object(Symfony/Component/Console/Input/ArgvInput), Object(Symfony/Component/Console/Output/ConsoleOutput))
#31 C:/xampp/htdocs/ERP_model/vendor/laravel/framework/src/Illuminate/Foundation/Console/Kernel.php(198): Symfony/Component/Console/Application->run(Object(Symfony/Component/Console/Input/ArgvInput), Object(Symfony/Component/Console/Output/ConsoleOutput))
#32 C:/xampp/htdocs/ERP_model/vendor/laravel/framework/src/Illuminate/Foundation/Application.php(1235): Illuminate/Foundation/Console/Kernel->handle(Object(Symfony/Component/Console/Input/ArgvInput), Object(Symfony/Component/Console/Output/ConsoleOutput))
#33 C:/xampp/htdocs/ERP_model/artisan(16): Illuminate/Foundation/Application->handleCommand(Object(Symfony/Component/Console/Input/ArgvInput))
#34 {main}

[previous exception] [object] (PDOException(code: 42S01): SQLSTATE[42S01]: Base table or view already exists: 1050 Table 'permissions' already exists at C:/xampp/htdocs/ERP_model/vendor/laravel/framework/src/Illuminate/Database/Connection.php:584)
[stacktrace]
#0 C:/xampp/htdocs/ERP_model/vendor/laravel/framework/src/Illuminate/Database/Connection.php(584): PDOStatement->execute()
#1 C:/xampp/htdocs/ERP_model/vendor/laravel/framework/src/Illuminate/Database/Connection.php(827): Illuminate/Database/Connection->Illuminate/Database/{closure}('create table `p...', Array)
#2 C:/xampp/htdocs/ERP_model/vendor/laravel/framework/src/Illuminate/Database/Connection.php(794): Illuminate/Database/Connection->runQueryCallback('create table `p...', Array, Object(Closure))
#3 C:/xampp/htdocs/ERP_model/vendor/laravel/framework/src/Illuminate/Database/Connection.php(573): Illuminate/Database/Connection->run('create table `p...', Array, Object(Closure))
#4 C:/xampp/htdocs/ERP_model/vendor/laravel/framework/src/Illuminate/Database/Schema/Blueprint.php(121): Illuminate/Database/Connection->statement('create table `p...')
#5 C:/xampp/htdocs/ERP_model/vendor/laravel/framework/src/Illuminate/Database/Schema/Builder.php(686): Illuminate/Database/Schema/Blueprint->build()
#6 C:/xampp/htdocs/ERP_model/vendor/laravel/framework/src/Illuminate/Database/Schema/Builder.php(506): Illuminate/Database/Schema/Builder->build(Object(Illuminate/Database/Schema/Blueprint))
#7 C:/xampp/htdocs/ERP_model/vendor/laravel/framework/src/Illuminate/Support/Facades/Facade.php(363): Illuminate/Database/Schema/Builder->create('permissions', Object(Closure))
#8 C:/xampp/htdocs/ERP_model/database/migrations/2026_06_19_062620_create_permissions_tables.php(12): Illuminate/Support/Facades/Facade::__callStatic('create', Array)
#9 C:/xampp/htdocs/ERP_model/vendor/laravel/framework/src/Illuminate/Database/Migrations/Migrator.php(517): Illuminate/Database/Migrations/Migration@anonymous->up()
#10 C:/xampp/htdocs/ERP_model/vendor/laravel/framework/src/Illuminate/Database/Migrations/Migrator.php(442): Illuminate/Database/Migrations/Migrator->runMethod(Object(Illuminate/Database/MySqlConnection), Object(Illuminate/Database/Migrations/Migration@anonymous), 'up')
#11 C:/xampp/htdocs/ERP_model/vendor/laravel/framework/src/Illuminate/Database/Migrations/Migrator.php(451): Illuminate/Database/Migrations/Migrator->Illuminate/Database/Migrations/{closure}()
#12 C:/xampp/htdocs/ERP_model/vendor/laravel/framework/src/Illuminate/Database/Migrations/Migrator.php(253): Illuminate/Database/Migrations/Migrator->runMigration(Object(Illuminate/Database/Migrations/Migration@anonymous), 'up')
#13 C:/xampp/htdocs/ERP_model/vendor/laravel/framework/src/Illuminate/Console/View/Components/Task.php(41): Illuminate/Database/Migrations/Migrator->Illuminate/Database/Migrations/{closure}()
#14 C:/xampp/htdocs/ERP_model/vendor/laravel/framework/src/Illuminate/Database/Migrations/Migrator.php(814): Illuminate/Console/View/Components/Task->render('2026_06_19_0626...', Object(Closure))
#15 C:/xampp/htdocs/ERP_model/vendor/laravel/framework/src/Illuminate/Database/Migrations/Migrator.php(253): Illuminate/Database/Migrations/Migrator->write('Illuminate//Cons...', '2026_06_19_0626...', Object(Closure))
#16 C:/xampp/htdocs/ERP_model/vendor/laravel/framework/src/Illuminate/Database/Migrations/Migrator.php(211): Illuminate/Database/Migrations/Migrator->runUp('C://xampp//htdocs...', 2, false)
#17 C:/xampp/htdocs/ERP_model/vendor/laravel/framework/src/Illuminate/Database/Migrations/Migrator.php(138): Illuminate/Database/Migrations/Migrator->runPending(Array, Array)
#18 C:/xampp/htdocs/ERP_model/vendor/laravel/framework/src/Illuminate/Database/Console/Migrations/MigrateCommand.php(116): Illuminate/Database/Migrations/Migrator->run(Array, Array)
#19 C:/xampp/htdocs/ERP_model/vendor/laravel/framework/src/Illuminate/Database/Migrations/Migrator.php(671): Illuminate/Database/Console/Migrations/MigrateCommand->Illuminate/Database/Console/Migrations/{closure}()
#20 C:/xampp/htdocs/ERP_model/vendor/laravel/framework/src/Illuminate/Database/Console/Migrations/MigrateCommand.php(109): Illuminate/Database/Migrations/Migrator->usingConnection(NULL, Object(Closure))
#21 C:/xampp/htdocs/ERP_model/vendor/laravel/framework/src/Illuminate/Database/Console/Migrations/MigrateCommand.php(88): Illuminate/Database/Console/Migrations/MigrateCommand->runMigrations()
#22 C:/xampp/htdocs/ERP_model/vendor/laravel/framework/src/Illuminate/Container/BoundMethod.php(36): Illuminate/Database/Console/Migrations/MigrateCommand->handle()
#23 C:/xampp/htdocs/ERP_model/vendor/laravel/framework/src/Illuminate/Container/Util.php(43): Illuminate/Container/BoundMethod::Illuminate/Container/{closure}()
#24 C:/xampp/htdocs/ERP_model/vendor/laravel/framework/src/Illuminate/Container/BoundMethod.php(96): Illuminate/Container/Util::unwrapIfClosure(Object(Closure))
#25 C:/xampp/htdocs/ERP_model/vendor/laravel/framework/src/Illuminate/Container/BoundMethod.php(35): Illuminate/Container/BoundMethod::callBoundMethod(Object(Illuminate/Foundation/Application), Array, Object(Closure))
#26 C:/xampp/htdocs/ERP_model/vendor/laravel/framework/src/Illuminate/Container/Container.php(799): Illuminate/Container/BoundMethod::call(Object(Illuminate/Foundation/Application), Array, Array, NULL)
#27 C:/xampp/htdocs/ERP_model/vendor/laravel/framework/src/Illuminate/Console/Command.php(211): Illuminate/Container/Container->call(Array)
#28 C:/xampp/htdocs/ERP_model/vendor/symfony/console/Command/Command.php(341): Illuminate/Console/Command->execute(Object(Symfony/Component/Console/Input/ArgvInput), Object(Illuminate/Console/OutputStyle))
#29 C:/xampp/htdocs/ERP_model/vendor/laravel/framework/src/Illuminate/Console/Command.php(180): Symfony/Component/Console/Command/Command->run(Object(Symfony/Component/Console/Input/ArgvInput), Object(Illuminate/Console/OutputStyle))
#30 C:/xampp/htdocs/ERP_model/vendor/symfony/console/Application.php(1117): Illuminate/Console/Command->run(Object(Symfony/Component/Console/Input/ArgvInput), Object(Symfony/Component/Console/Output/ConsoleOutput))
#31 C:/xampp/htdocs/ERP_model/vendor/symfony/console/Application.php(356): Symfony/Component/Console/Application->doRunCommand(Object(Illuminate/Database/Console/Migrations/MigrateCommand), Object(Symfony/Component/Console/Input/ArgvInput), Object(Symfony/Component/Console/Output/ConsoleOutput))
#32 C:/xampp/htdocs/ERP_model/vendor/symfony/console/Application.php(195): Symfony/Component/Console/Application->doRun(Object(Symfony/Component/Console/Input/ArgvInput), Object(Symfony/Component/Console/Output/ConsoleOutput))
#33 C:/xampp/htdocs/ERP_model/vendor/laravel/framework/src/Illuminate/Foundation/Console/Kernel.php(198): Symfony/Component/Console/Application->run(Object(Symfony/Component/Console/Input/ArgvInput), Object(Symfony/Component/Console/Output/ConsoleOutput))
#34 C:/xampp/htdocs/ERP_model/vendor/laravel/framework/src/Illuminate/Foundation/Application.php(1235): Illuminate/Foundation/Console/Kernel->handle(Object(Symfony/Component/Console/Input/ArgvInput), Object(Symfony/Component/Console/Output/ConsoleOutput))
#35 C:/xampp/htdocs/ERP_model/artisan(16): Illuminate/Foundation/Application->handleCommand(Object(Symfony/Component/Console/Input/ArgvInput))
#36 {main}
"} 
[2026-06-19 06:30:54] local.ERROR: SQLSTATE[42S01]: Base table or view already exists: 1050 Table 'permissions' already exists (Connection: mysql, Host: 127.0.0.1, Port: 3306, Database: erp_model, SQL: create table `permissions` (`id` bigint unsigned not null auto_increment primary key, `name` varchar(255) not null, `guard_name` varchar(255) not null, `created_at` timestamp null, `updated_at` timestamp null) default character set utf8mb4 collate 'utf8mb4_unicode_ci') {"exception":"[object] (Illuminate\\Database\\QueryException(code: 42S01): SQLSTATE[42S01]: Base table or view already exists: 1050 Table 'permissions' already exists (Connection: mysql, Host: 127.0.0.1, Port: 3306, Database: erp_model, SQL: create table `permissions` (`id` bigint unsigned not null auto_increment primary key, `name` varchar(255) not null, `guard_name` varchar(255) not null, `created_at` timestamp null, `updated_at` timestamp null) default character set utf8mb4 collate 'utf8mb4_unicode_ci') at C:/xampp/htdocs/ERP_model/vendor/laravel/framework/src/Illuminate/Database/Connection.php:838)
[stacktrace]
#0 C:/xampp/htdocs/ERP_model/vendor/laravel/framework/src/Illuminate/Database/Connection.php(794): Illuminate/Database/Connection->runQueryCallback('create table `p...', Array, Object(Closure))
#1 C:/xampp/htdocs/ERP_model/vendor/laravel/framework/src/Illuminate/Database/Connection.php(573): Illuminate/Database/Connection->run('create table `p...', Array, Object(Closure))
#2 C:/xampp/htdocs/ERP_model/vendor/laravel/framework/src/Illuminate/Database/Schema/Blueprint.php(121): Illuminate/Database/Connection->statement('create table `p...')
#3 C:/xampp/htdocs/ERP_model/vendor/laravel/framework/src/Illuminate/Database/Schema/Builder.php(686): Illuminate/Database/Schema/Blueprint->build()
#4 C:/xampp/htdocs/ERP_model/vendor/laravel/framework/src/Illuminate/Database/Schema/Builder.php(506): Illuminate/Database/Schema/Builder->build(Object(Illuminate/Database/Schema/Blueprint))
#5 C:/xampp/htdocs/ERP_model/vendor/laravel/framework/src/Illuminate/Support/Facades/Facade.php(363): Illuminate/Database/Schema/Builder->create('permissions', Object(Closure))
#6 C:/xampp/htdocs/ERP_model/database/migrations/2026_06_19_062620_create_permissions_tables.php(12): Illuminate/Support/Facades/Facade::__callStatic('create', Array)
#7 C:/xampp/htdocs/ERP_model/vendor/laravel/framework/src/Illuminate/Database/Migrations/Migrator.php(517): Illuminate/Database/Migrations/Migration@anonymous->up()
#8 C:/xampp/htdocs/ERP_model/vendor/laravel/framework/src/Illuminate/Database/Migrations/Migrator.php(442): Illuminate/Database/Migrations/Migrator->runMethod(Object(Illuminate/Database/MySqlConnection), Object(Illuminate/Database/Migrations/Migration@anonymous), 'up')
#9 C:/xampp/htdocs/ERP_model/vendor/laravel/framework/src/Illuminate/Database/Migrations/Migrator.php(451): Illuminate/Database/Migrations/Migrator->Illuminate/Database/Migrations/{closure}()
#10 C:/xampp/htdocs/ERP_model/vendor/laravel/framework/src/Illuminate/Database/Migrations/Migrator.php(253): Illuminate/Database/Migrations/Migrator->runMigration(Object(Illuminate/Database/Migrations/Migration@anonymous), 'up')
#11 C:/xampp/htdocs/ERP_model/vendor/laravel/framework/src/Illuminate/Console/View/Components/Task.php(41): Illuminate/Database/Migrations/Migrator->Illuminate/Database/Migrations/{closure}()
#12 C:/xampp/htdocs/ERP_model/vendor/laravel/framework/src/Illuminate/Database/Migrations/Migrator.php(814): Illuminate/Console/View/Components/Task->render('2026_06_19_0626...', Object(Closure))
#13 C:/xampp/htdocs/ERP_model/vendor/laravel/framework/src/Illuminate/Database/Migrations/Migrator.php(253): Illuminate/Database/Migrations/Migrator->write('Illuminate//Cons...', '2026_06_19_0626...', Object(Closure))
#14 C:/xampp/htdocs/ERP_model/vendor/laravel/framework/src/Illuminate/Database/Migrations/Migrator.php(211): Illuminate/Database/Migrations/Migrator->runUp('C://xampp//htdocs...', 2, false)
#15 C:/xampp/htdocs/ERP_model/vendor/laravel/framework/src/Illuminate/Database/Migrations/Migrator.php(138): Illuminate/Database/Migrations/Migrator->runPending(Array, Array)
#16 C:/xampp/htdocs/ERP_model/vendor/laravel/framework/src/Illuminate/Database/Console/Migrations/MigrateCommand.php(116): Illuminate/Database/Migrations/Migrator->run(Array, Array)
#17 C:/xampp/htdocs/ERP_model/vendor/laravel/framework/src/Illuminate/Database/Migrations/Migrator.php(671): Illuminate/Database/Console/Migrations/MigrateCommand->Illuminate/Database/Console/Migrations/{closure}()
#18 C:/xampp/htdocs/ERP_model/vendor/laravel/framework/src/Illuminate/Database/Console/Migrations/MigrateCommand.php(109): Illuminate/Database/Migrations/Migrator->usingConnection(NULL, Object(Closure))
#19 C:/xampp/htdocs/ERP_model/vendor/laravel/framework/src/Illuminate/Database/Console/Migrations/MigrateCommand.php(88): Illuminate/Database/Console/Migrations/MigrateCommand->runMigrations()
#20 C:/xampp/htdocs/ERP_model/vendor/laravel/framework/src/Illuminate/Container/BoundMethod.php(36): Illuminate/Database/Console/Migrations/MigrateCommand->handle()
#21 C:/xampp/htdocs/ERP_model/vendor/laravel/framework/src/Illuminate/Container/Util.php(43): Illuminate/Container/BoundMethod::Illuminate/Container/{closure}()
#22 C:/xampp/htdocs/ERP_model/vendor/laravel/framework/src/Illuminate/Container/BoundMethod.php(96): Illuminate/Container/Util::unwrapIfClosure(Object(Closure))
#23 C:/xampp/htdocs/ERP_model/vendor/laravel/framework/src/Illuminate/Container/BoundMethod.php(35): Illuminate/Container/BoundMethod::callBoundMethod(Object(Illuminate/Foundation/Application), Array, Object(Closure))
#24 C:/xampp/htdocs/ERP_model/vendor/laravel/framework/src/Illuminate/Container/Container.php(799): Illuminate/Container/BoundMethod::call(Object(Illuminate/Foundation/Application), Array, Array, NULL)
#25 C:/xampp/htdocs/ERP_model/vendor/laravel/framework/src/Illuminate/Console/Command.php(211): Illuminate/Container/Container->call(Array)
#26 C:/xampp/htdocs/ERP_model/vendor/symfony/console/Command/Command.php(341): Illuminate/Console/Command->execute(Object(Symfony/Component/Console/Input/ArgvInput), Object(Illuminate/Console/OutputStyle))
#27 C:/xampp/htdocs/ERP_model/vendor/laravel/framework/src/Illuminate/Console/Command.php(180): Symfony/Component/Console/Command/Command->run(Object(Symfony/Component/Console/Input/ArgvInput), Object(Illuminate/Console/OutputStyle))
#28 C:/xampp/htdocs/ERP_model/vendor/symfony/console/Application.php(1117): Illuminate/Console/Command->run(Object(Symfony/Component/Console/Input/ArgvInput), Object(Symfony/Component/Console/Output/ConsoleOutput))
#29 C:/xampp/htdocs/ERP_model/vendor/symfony/console/Application.php(356): Symfony/Component/Console/Application->doRunCommand(Object(Illuminate/Database/Console/Migrations/MigrateCommand), Object(Symfony/Component/Console/Input/ArgvInput), Object(Symfony/Component/Console/Output/ConsoleOutput))
#30 C:/xampp/htdocs/ERP_model/vendor/symfony/console/Application.php(195): Symfony/Component/Console/Application->doRun(Object(Symfony/Component/Console/Input/ArgvInput), Object(Symfony/Component/Console/Output/ConsoleOutput))
#31 C:/xampp/htdocs/ERP_model/vendor/laravel/framework/src/Illuminate/Foundation/Console/Kernel.php(198): Symfony/Component/Console/Application->run(Object(Symfony/Component/Console/Input/ArgvInput), Object(Symfony/Component/Console/Output/ConsoleOutput))
#32 C:/xampp/htdocs/ERP_model/vendor/laravel/framework/src/Illuminate/Foundation/Application.php(1235): Illuminate/Foundation/Console/Kernel->handle(Object(Symfony/Component/Console/Input/ArgvInput), Object(Symfony/Component/Console/Output/ConsoleOutput))
#33 C:/xampp/htdocs/ERP_model/artisan(16): Illuminate/Foundation/Application->handleCommand(Object(Symfony/Component/Console/Input/ArgvInput))
#34 {main}

[previous exception] [object] (PDOException(code: 42S01): SQLSTATE[42S01]: Base table or view already exists: 1050 Table 'permissions' already exists at C:/xampp/htdocs/ERP_model/vendor/laravel/framework/src/Illuminate/Database/Connection.php:584)
[stacktrace]
#0 C:/xampp/htdocs/ERP_model/vendor/laravel/framework/src/Illuminate/Database/Connection.php(584): PDOStatement->execute()
#1 C:/xampp/htdocs/ERP_model/vendor/laravel/framework/src/Illuminate/Database/Connection.php(827): Illuminate/Database/Connection->Illuminate/Database/{closure}('create table `p...', Array)
#2 C:/xampp/htdocs/ERP_model/vendor/laravel/framework/src/Illuminate/Database/Connection.php(794): Illuminate/Database/Connection->runQueryCallback('create table `p...', Array, Object(Closure))
#3 C:/xampp/htdocs/ERP_model/vendor/laravel/framework/src/Illuminate/Database/Connection.php(573): Illuminate/Database/Connection->run('create table `p...', Array, Object(Closure))
#4 C:/xampp/htdocs/ERP_model/vendor/laravel/framework/src/Illuminate/Database/Schema/Blueprint.php(121): Illuminate/Database/Connection->statement('create table `p...')
#5 C:/xampp/htdocs/ERP_model/vendor/laravel/framework/src/Illuminate/Database/Schema/Builder.php(686): Illuminate/Database/Schema/Blueprint->build()
#6 C:/xampp/htdocs/ERP_model/vendor/laravel/framework/src/Illuminate/Database/Schema/Builder.php(506): Illuminate/Database/Schema/Builder->build(Object(Illuminate/Database/Schema/Blueprint))
#7 C:/xampp/htdocs/ERP_model/vendor/laravel/framework/src/Illuminate/Support/Facades/Facade.php(363): Illuminate/Database/Schema/Builder->create('permissions', Object(Closure))
#8 C:/xampp/htdocs/ERP_model/database/migrations/2026_06_19_062620_create_permissions_tables.php(12): Illuminate/Support/Facades/Facade::__callStatic('create', Array)
#9 C:/xampp/htdocs/ERP_model/vendor/laravel/framework/src/Illuminate/Database/Migrations/Migrator.php(517): Illuminate/Database/Migrations/Migration@anonymous->up()
#10 C:/xampp/htdocs/ERP_model/vendor/laravel/framework/src/Illuminate/Database/Migrations/Migrator.php(442): Illuminate/Database/Migrations/Migrator->runMethod(Object(Illuminate/Database/MySqlConnection), Object(Illuminate/Database/Migrations/Migration@anonymous), 'up')
#11 C:/xampp/htdocs/ERP_model/vendor/laravel/framework/src/Illuminate/Database/Migrations/Migrator.php(451): Illuminate/Database/Migrations/Migrator->Illuminate/Database/Migrations/{closure}()
#12 C:/xampp/htdocs/ERP_model/vendor/laravel/framework/src/Illuminate/Database/Migrations/Migrator.php(253): Illuminate/Database/Migrations/Migrator->runMigration(Object(Illuminate/Database/Migrations/Migration@anonymous), 'up')
#13 C:/xampp/htdocs/ERP_model/vendor/laravel/framework/src/Illuminate/Console/View/Components/Task.php(41): Illuminate/Database/Migrations/Migrator->Illuminate/Database/Migrations/{closure}()
#14 C:/xampp/htdocs/ERP_model/vendor/laravel/framework/src/Illuminate/Database/Migrations/Migrator.php(814): Illuminate/Console/View/Components/Task->render('2026_06_19_0626...', Object(Closure))
#15 C:/xampp/htdocs/ERP_model/vendor/laravel/framework/src/Illuminate/Database/Migrations/Migrator.php(253): Illuminate/Database/Migrations/Migrator->write('Illuminate//Cons...', '2026_06_19_0626...', Object(Closure))
#16 C:/xampp/htdocs/ERP_model/vendor/laravel/framework/src/Illuminate/Database/Migrations/Migrator.php(211): Illuminate/Database/Migrations/Migrator->runUp('C://xampp//htdocs...', 2, false)
#17 C:/xampp/htdocs/ERP_model/vendor/laravel/framework/src/Illuminate/Database/Migrations/Migrator.php(138): Illuminate/Database/Migrations/Migrator->runPending(Array, Array)
#18 C:/xampp/htdocs/ERP_model/vendor/laravel/framework/src/Illuminate/Database/Console/Migrations/MigrateCommand.php(116): Illuminate/Database/Migrations/Migrator->run(Array, Array)
#19 C:/xampp/htdocs/ERP_model/vendor/laravel/framework/src/Illuminate/Database/Migrations/Migrator.php(671): Illuminate/Database/Console/Migrations/MigrateCommand->Illuminate/Database/Console/Migrations/{closure}()
#20 C:/xampp/htdocs/ERP_model/vendor/laravel/framework/src/Illuminate/Database/Console/Migrations/MigrateCommand.php(109): Illuminate/Database/Migrations/Migrator->usingConnection(NULL, Object(Closure))
#21 C:/xampp/htdocs/ERP_model/vendor/laravel/framework/src/Illuminate/Database/Console/Migrations/MigrateCommand.php(88): Illuminate/Database/Console/Migrations/MigrateCommand->runMigrations()
#22 C:/xampp/htdocs/ERP_model/vendor/laravel/framework/src/Illuminate/Container/BoundMethod.php(36): Illuminate/Database/Console/Migrations/MigrateCommand->handle()
#23 C:/xampp/htdocs/ERP_model/vendor/laravel/framework/src/Illuminate/Container/Util.php(43): Illuminate/Container/BoundMethod::Illuminate/Container/{closure}()
#24 C:/xampp/htdocs/ERP_model/vendor/laravel/framework/src/Illuminate/Container/BoundMethod.php(96): Illuminate/Container/Util::unwrapIfClosure(Object(Closure))
#25 C:/xampp/htdocs/ERP_model/vendor/laravel/framework/src/Illuminate/Container/BoundMethod.php(35): Illuminate/Container/BoundMethod::callBoundMethod(Object(Illuminate/Foundation/Application), Array, Object(Closure))
#26 C:/xampp/htdocs/ERP_model/vendor/laravel/framework/src/Illuminate/Container/Container.php(799): Illuminate/Container/BoundMethod::call(Object(Illuminate/Foundation/Application), Array, Array, NULL)
#27 C:/xampp/htdocs/ERP_model/vendor/laravel/framework/src/Illuminate/Console/Command.php(211): Illuminate/Container/Container->call(Array)
#28 C:/xampp/htdocs/ERP_model/vendor/symfony/console/Command/Command.php(341): Illuminate/Console/Command->execute(Object(Symfony/Component/Console/Input/ArgvInput), Object(Illuminate/Console/OutputStyle))
#29 C:/xampp/htdocs/ERP_model/vendor/laravel/framework/src/Illuminate/Console/Command.php(180): Symfony/Component/Console/Command/Command->run(Object(Symfony/Component/Console/Input/ArgvInput), Object(Illuminate/Console/OutputStyle))
#30 C:/xampp/htdocs/ERP_model/vendor/symfony/console/Application.php(1117): Illuminate/Console/Command->run(Object(Symfony/Component/Console/Input/ArgvInput), Object(Symfony/Component/Console/Output/ConsoleOutput))
#31 C:/xampp/htdocs/ERP_model/vendor/symfony/console/Application.php(356): Symfony/Component/Console/Application->doRunCommand(Object(Illuminate/Database/Console/Migrations/MigrateCommand), Object(Symfony/Component/Console/Input/ArgvInput), Object(Symfony/Component/Console/Output/ConsoleOutput))
#32 C:/xampp/htdocs/ERP_model/vendor/symfony/console/Application.php(195): Symfony/Component/Console/Application->doRun(Object(Symfony/Component/Console/Input/ArgvInput), Object(Symfony/Component/Console/Output/ConsoleOutput))
#33 C:/xampp/htdocs/ERP_model/vendor/laravel/framework/src/Illuminate/Foundation/Console/Kernel.php(198): Symfony/Component/Console/Application->run(Object(Symfony/Component/Console/Input/ArgvInput), Object(Symfony/Component/Console/Output/ConsoleOutput))
#34 C:/xampp/htdocs/ERP_model/vendor/laravel/framework/src/Illuminate/Foundation/Application.php(1235): Illuminate/Foundation/Console/Kernel->handle(Object(Symfony/Component/Console/Input/ArgvInput), Object(Symfony/Component/Console/Output/ConsoleOutput))
#35 C:/xampp/htdocs/ERP_model/artisan(16): Illuminate/Foundation/Application->handleCommand(Object(Symfony/Component/Console/Input/ArgvInput))
#36 {main}
"} 
[2026-06-19 06:31:51] local.ERROR: SQLSTATE[42S01]: Base table or view already exists: 1050 Table 'categories' already exists (Connection: mysql, Host: 127.0.0.1, Port: 3306, Database: erp_model, SQL: create table `categories` (`id` bigint unsigned not null auto_increment primary key, `name` varchar(255) not null, `slug` varchar(255) not null, `description` text null, `is_active` tinyint(1) not null default '1', `created_at` timestamp null, `updated_at` timestamp null, `deleted_at` timestamp null) default character set utf8mb4 collate 'utf8mb4_unicode_ci') {"exception":"[object] (Illuminate\\Database\\QueryException(code: 42S01): SQLSTATE[42S01]: Base table or view already exists: 1050 Table 'categories' already exists (Connection: mysql, Host: 127.0.0.1, Port: 3306, Database: erp_model, SQL: create table `categories` (`id` bigint unsigned not null auto_increment primary key, `name` varchar(255) not null, `slug` varchar(255) not null, `description` text null, `is_active` tinyint(1) not null default '1', `created_at` timestamp null, `updated_at` timestamp null, `deleted_at` timestamp null) default character set utf8mb4 collate 'utf8mb4_unicode_ci') at C:/xampp/htdocs/ERP_model/vendor/laravel/framework/src/Illuminate/Database/Connection.php:838)
[stacktrace]
#0 C:/xampp/htdocs/ERP_model/vendor/laravel/framework/src/Illuminate/Database/Connection.php(794): Illuminate/Database/Connection->runQueryCallback('create table `c...', Array, Object(Closure))
#1 C:/xampp/htdocs/ERP_model/vendor/laravel/framework/src/Illuminate/Database/Connection.php(573): Illuminate/Database/Connection->run('create table `c...', Array, Object(Closure))
#2 C:/xampp/htdocs/ERP_model/vendor/laravel/framework/src/Illuminate/Database/Schema/Blueprint.php(121): Illuminate/Database/Connection->statement('create table `c...')
#3 C:/xampp/htdocs/ERP_model/vendor/laravel/framework/src/Illuminate/Database/Schema/Builder.php(686): Illuminate/Database/Schema/Blueprint->build()
#4 C:/xampp/htdocs/ERP_model/vendor/laravel/framework/src/Illuminate/Database/Schema/Builder.php(506): Illuminate/Database/Schema/Builder->build(Object(Illuminate/Database/Schema/Blueprint))
#5 C:/xampp/htdocs/ERP_model/vendor/laravel/framework/src/Illuminate/Support/Facades/Facade.php(363): Illuminate/Database/Schema/Builder->create('categories', Object(Closure))
#6 C:/xampp/htdocs/ERP_model/database/migrations/2026_06_19_063037_create_erp_tables.php(12): Illuminate/Support/Facades/Facade::__callStatic('create', Array)
#7 C:/xampp/htdocs/ERP_model/vendor/laravel/framework/src/Illuminate/Database/Migrations/Migrator.php(517): Illuminate/Database/Migrations/Migration@anonymous->up()
#8 C:/xampp/htdocs/ERP_model/vendor/laravel/framework/src/Illuminate/Database/Migrations/Migrator.php(442): Illuminate/Database/Migrations/Migrator->runMethod(Object(Illuminate/Database/MySqlConnection), Object(Illuminate/Database/Migrations/Migration@anonymous), 'up')
#9 C:/xampp/htdocs/ERP_model/vendor/laravel/framework/src/Illuminate/Database/Migrations/Migrator.php(451): Illuminate/Database/Migrations/Migrator->Illuminate/Database/Migrations/{closure}()
#10 C:/xampp/htdocs/ERP_model/vendor/laravel/framework/src/Illuminate/Database/Migrations/Migrator.php(253): Illuminate/Database/Migrations/Migrator->runMigration(Object(Illuminate/Database/Migrations/Migration@anonymous), 'up')
#11 C:/xampp/htdocs/ERP_model/vendor/laravel/framework/src/Illuminate/Console/View/Components/Task.php(41): Illuminate/Database/Migrations/Migrator->Illuminate/Database/Migrations/{closure}()
#12 C:/xampp/htdocs/ERP_model/vendor/laravel/framework/src/Illuminate/Database/Migrations/Migrator.php(814): Illuminate/Console/View/Components/Task->render('2026_06_19_0630...', Object(Closure))
#13 C:/xampp/htdocs/ERP_model/vendor/laravel/framework/src/Illuminate/Database/Migrations/Migrator.php(253): Illuminate/Database/Migrations/Migrator->write('Illuminate//Cons...', '2026_06_19_0630...', Object(Closure))
#14 C:/xampp/htdocs/ERP_model/vendor/laravel/framework/src/Illuminate/Database/Migrations/Migrator.php(211): Illuminate/Database/Migrations/Migrator->runUp('C://xampp//htdocs...', 1, false)
#15 C:/xampp/htdocs/ERP_model/vendor/laravel/framework/src/Illuminate/Database/Migrations/Migrator.php(138): Illuminate/Database/Migrations/Migrator->runPending(Array, Array)
#16 C:/xampp/htdocs/ERP_model/vendor/laravel/framework/src/Illuminate/Database/Console/Migrations/MigrateCommand.php(116): Illuminate/Database/Migrations/Migrator->run(Array, Array)
#17 C:/xampp/htdocs/ERP_model/vendor/laravel/framework/src/Illuminate/Database/Migrations/Migrator.php(671): Illuminate/Database/Console/Migrations/MigrateCommand->Illuminate/Database/Console/Migrations/{closure}()
#18 C:/xampp/htdocs/ERP_model/vendor/laravel/framework/src/Illuminate/Database/Console/Migrations/MigrateCommand.php(109): Illuminate/Database/Migrations/Migrator->usingConnection(NULL, Object(Closure))
#19 C:/xampp/htdocs/ERP_model/vendor/laravel/framework/src/Illuminate/Database/Console/Migrations/MigrateCommand.php(88): Illuminate/Database/Console/Migrations/MigrateCommand->runMigrations()
#20 C:/xampp/htdocs/ERP_model/vendor/laravel/framework/src/Illuminate/Container/BoundMethod.php(36): Illuminate/Database/Console/Migrations/MigrateCommand->handle()
#21 C:/xampp/htdocs/ERP_model/vendor/laravel/framework/src/Illuminate/Container/Util.php(43): Illuminate/Container/BoundMethod::Illuminate/Container/{closure}()
#22 C:/xampp/htdocs/ERP_model/vendor/laravel/framework/src/Illuminate/Container/BoundMethod.php(96): Illuminate/Container/Util::unwrapIfClosure(Object(Closure))
#23 C:/xampp/htdocs/ERP_model/vendor/laravel/framework/src/Illuminate/Container/BoundMethod.php(35): Illuminate/Container/BoundMethod::callBoundMethod(Object(Illuminate/Foundation/Application), Array, Object(Closure))
#24 C:/xampp/htdocs/ERP_model/vendor/laravel/framework/src/Illuminate/Container/Container.php(799): Illuminate/Container/BoundMethod::call(Object(Illuminate/Foundation/Application), Array, Array, NULL)
#25 C:/xampp/htdocs/ERP_model/vendor/laravel/framework/src/Illuminate/Console/Command.php(211): Illuminate/Container/Container->call(Array)
#26 C:/xampp/htdocs/ERP_model/vendor/symfony/console/Command/Command.php(341): Illuminate/Console/Command->execute(Object(Symfony/Component/Console/Input/ArrayInput), Object(Illuminate/Console/OutputStyle))
#27 C:/xampp/htdocs/ERP_model/vendor/laravel/framework/src/Illuminate/Console/Command.php(180): Symfony/Component/Console/Command/Command->run(Object(Symfony/Component/Console/Input/ArrayInput), Object(Illuminate/Console/OutputStyle))
#28 C:/xampp/htdocs/ERP_model/vendor/laravel/framework/src/Illuminate/Console/Concerns/CallsCommands.php(68): Illuminate/Console/Command->run(Object(Symfony/Component/Console/Input/ArrayInput), Object(Illuminate/Console/OutputStyle))
#29 C:/xampp/htdocs/ERP_model/vendor/laravel/framework/src/Illuminate/Console/Concerns/CallsCommands.php(29): Illuminate/Console/Command->runCommand('migrate', Array, Object(Illuminate/Console/OutputStyle))
#30 C:/xampp/htdocs/ERP_model/vendor/laravel/framework/src/Illuminate/Database/Console/Migrations/FreshCommand.php(88): Illuminate/Console/Command->call('migrate', Array)
#31 C:/xampp/htdocs/ERP_model/vendor/laravel/framework/src/Illuminate/Container/BoundMethod.php(36): Illuminate/Database/Console/Migrations/FreshCommand->handle()
#32 C:/xampp/htdocs/ERP_model/vendor/laravel/framework/src/Illuminate/Container/Util.php(43): Illuminate/Container/BoundMethod::Illuminate/Container/{closure}()
#33 C:/xampp/htdocs/ERP_model/vendor/laravel/framework/src/Illuminate/Container/BoundMethod.php(96): Illuminate/Container/Util::unwrapIfClosure(Object(Closure))
#34 C:/xampp/htdocs/ERP_model/vendor/laravel/framework/src/Illuminate/Container/BoundMethod.php(35): Illuminate/Container/BoundMethod::callBoundMethod(Object(Illuminate/Foundation/Application), Array, Object(Closure))
#35 C:/xampp/htdocs/ERP_model/vendor/laravel/framework/src/Illuminate/Container/Container.php(799): Illuminate/Container/BoundMethod::call(Object(Illuminate/Foundation/Application), Array, Array, NULL)
#36 C:/xampp/htdocs/ERP_model/vendor/laravel/framework/src/Illuminate/Console/Command.php(211): Illuminate/Container/Container->call(Array)
#37 C:/xampp/htdocs/ERP_model/vendor/symfony/console/Command/Command.php(341): Illuminate/Console/Command->execute(Object(Symfony/Component/Console/Input/ArgvInput), Object(Illuminate/Console/OutputStyle))
#38 C:/xampp/htdocs/ERP_model/vendor/laravel/framework/src/Illuminate/Console/Command.php(180): Symfony/Component/Console/Command/Command->run(Object(Symfony/Component/Console/Input/ArgvInput), Object(Illuminate/Console/OutputStyle))
#39 C:/xampp/htdocs/ERP_model/vendor/symfony/console/Application.php(1117): Illuminate/Console/Command->run(Object(Symfony/Component/Console/Input/ArgvInput), Object(Symfony/Component/Console/Output/ConsoleOutput))
#40 C:/xampp/htdocs/ERP_model/vendor/symfony/console/Application.php(356): Symfony/Component/Console/Application->doRunCommand(Object(Illuminate/Database/Console/Migrations/FreshCommand), Object(Symfony/Component/Console/Input/ArgvInput), Object(Symfony/Component/Console/Output/ConsoleOutput))
#41 C:/xampp/htdocs/ERP_model/vendor/symfony/console/Application.php(195): Symfony/Component/Console/Application->doRun(Object(Symfony/Component/Console/Input/ArgvInput), Object(Symfony/Component/Console/Output/ConsoleOutput))
#42 C:/xampp/htdocs/ERP_model/vendor/laravel/framework/src/Illuminate/Foundation/Console/Kernel.php(198): Symfony/Component/Console/Application->run(Object(Symfony/Component/Console/Input/ArgvInput), Object(Symfony/Component/Console/Output/ConsoleOutput))
#43 C:/xampp/htdocs/ERP_model/vendor/laravel/framework/src/Illuminate/Foundation/Application.php(1235): Illuminate/Foundation/Console/Kernel->handle(Object(Symfony/Component/Console/Input/ArgvInput), Object(Symfony/Component/Console/Output/ConsoleOutput))
#44 C:/xampp/htdocs/ERP_model/artisan(16): Illuminate/Foundation/Application->handleCommand(Object(Symfony/Component/Console/Input/ArgvInput))
#45 {main}

[previous exception] [object] (PDOException(code: 42S01): SQLSTATE[42S01]: Base table or view already exists: 1050 Table 'categories' already exists at C:/xampp/htdocs/ERP_model/vendor/laravel/framework/src/Illuminate/Database/Connection.php:584)
[stacktrace]
#0 C:/xampp/htdocs/ERP_model/vendor/laravel/framework/src/Illuminate/Database/Connection.php(584): PDOStatement->execute()
#1 C:/xampp/htdocs/ERP_model/vendor/laravel/framework/src/Illuminate/Database/Connection.php(827): Illuminate/Database/Connection->Illuminate/Database/{closure}('create table `c...', Array)
#2 C:/xampp/htdocs/ERP_model/vendor/laravel/framework/src/Illuminate/Database/Connection.php(794): Illuminate/Database/Connection->runQueryCallback('create table `c...', Array, Object(Closure))
#3 C:/xampp/htdocs/ERP_model/vendor/laravel/framework/src/Illuminate/Database/Connection.php(573): Illuminate/Database/Connection->run('create table `c...', Array, Object(Closure))
#4 C:/xampp/htdocs/ERP_model/vendor/laravel/framework/src/Illuminate/Database/Schema/Blueprint.php(121): Illuminate/Database/Connection->statement('create table `c...')
#5 C:/xampp/htdocs/ERP_model/vendor/laravel/framework/src/Illuminate/Database/Schema/Builder.php(686): Illuminate/Database/Schema/Blueprint->build()
#6 C:/xampp/htdocs/ERP_model/vendor/laravel/framework/src/Illuminate/Database/Schema/Builder.php(506): Illuminate/Database/Schema/Builder->build(Object(Illuminate/Database/Schema/Blueprint))
#7 C:/xampp/htdocs/ERP_model/vendor/laravel/framework/src/Illuminate/Support/Facades/Facade.php(363): Illuminate/Database/Schema/Builder->create('categories', Object(Closure))
#8 C:/xampp/htdocs/ERP_model/database/migrations/2026_06_19_063037_create_erp_tables.php(12): Illuminate/Support/Facades/Facade::__callStatic('create', Array)
#9 C:/xampp/htdocs/ERP_model/vendor/laravel/framework/src/Illuminate/Database/Migrations/Migrator.php(517): Illuminate/Database/Migrations/Migration@anonymous->up()
#10 C:/xampp/htdocs/ERP_model/vendor/laravel/framework/src/Illuminate/Database/Migrations/Migrator.php(442): Illuminate/Database/Migrations/Migrator->runMethod(Object(Illuminate/Database/MySqlConnection), Object(Illuminate/Database/Migrations/Migration@anonymous), 'up')
#11 C:/xampp/htdocs/ERP_model/vendor/laravel/framework/src/Illuminate/Database/Migrations/Migrator.php(451): Illuminate/Database/Migrations/Migrator->Illuminate/Database/Migrations/{closure}()
#12 C:/xampp/htdocs/ERP_model/vendor/laravel/framework/src/Illuminate/Database/Migrations/Migrator.php(253): Illuminate/Database/Migrations/Migrator->runMigration(Object(Illuminate/Database/Migrations/Migration@anonymous), 'up')
#13 C:/xampp/htdocs/ERP_model/vendor/laravel/framework/src/Illuminate/Console/View/Components/Task.php(41): Illuminate/Database/Migrations/Migrator->Illuminate/Database/Migrations/{closure}()
#14 C:/xampp/htdocs/ERP_model/vendor/laravel/framework/src/Illuminate/Database/Migrations/Migrator.php(814): Illuminate/Console/View/Components/Task->render('2026_06_19_0630...', Object(Closure))
#15 C:/xampp/htdocs/ERP_model/vendor/laravel/framework/src/Illuminate/Database/Migrations/Migrator.php(253): Illuminate/Database/Migrations/Migrator->write('Illuminate//Cons...', '2026_06_19_0630...', Object(Closure))
#16 C:/xampp/htdocs/ERP_model/vendor/laravel/framework/src/Illuminate/Database/Migrations/Migrator.php(211): Illuminate/Database/Migrations/Migrator->runUp('C://xampp//htdocs...', 1, false)
#17 C:/xampp/htdocs/ERP_model/vendor/laravel/framework/src/Illuminate/Database/Migrations/Migrator.php(138): Illuminate/Database/Migrations/Migrator->runPending(Array, Array)
#18 C:/xampp/htdocs/ERP_model/vendor/laravel/framework/src/Illuminate/Database/Console/Migrations/MigrateCommand.php(116): Illuminate/Database/Migrations/Migrator->run(Array, Array)
#19 C:/xampp/htdocs/ERP_model/vendor/laravel/framework/src/Illuminate/Database/Migrations/Migrator.php(671): Illuminate/Database/Console/Migrations/MigrateCommand->Illuminate/Database/Console/Migrations/{closure}()
#20 C:/xampp/htdocs/ERP_model/vendor/laravel/framework/src/Illuminate/Database/Console/Migrations/MigrateCommand.php(109): Illuminate/Database/Migrations/Migrator->usingConnection(NULL, Object(Closure))
#21 C:/xampp/htdocs/ERP_model/vendor/laravel/framework/src/Illuminate/Database/Console/Migrations/MigrateCommand.php(88): Illuminate/Database/Console/Migrations/MigrateCommand->runMigrations()
#22 C:/xampp/htdocs/ERP_model/vendor/laravel/framework/src/Illuminate/Container/BoundMethod.php(36): Illuminate/Database/Console/Migrations/MigrateCommand->handle()
#23 C:/xampp/htdocs/ERP_model/vendor/laravel/framework/src/Illuminate/Container/Util.php(43): Illuminate/Container/BoundMethod::Illuminate/Container/{closure}()
#24 C:/xampp/htdocs/ERP_model/vendor/laravel/framework/src/Illuminate/Container/BoundMethod.php(96): Illuminate/Container/Util::unwrapIfClosure(Object(Closure))
#25 C:/xampp/htdocs/ERP_model/vendor/laravel/framework/src/Illuminate/Container/BoundMethod.php(35): Illuminate/Container/BoundMethod::callBoundMethod(Object(Illuminate/Foundation/Application), Array, Object(Closure))
#26 C:/xampp/htdocs/ERP_model/vendor/laravel/framework/src/Illuminate/Container/Container.php(799): Illuminate/Container/BoundMethod::call(Object(Illuminate/Foundation/Application), Array, Array, NULL)
#27 C:/xampp/htdocs/ERP_model/vendor/laravel/framework/src/Illuminate/Console/Command.php(211): Illuminate/Container/Container->call(Array)
#28 C:/xampp/htdocs/ERP_model/vendor/symfony/console/Command/Command.php(341): Illuminate/Console/Command->execute(Object(Symfony/Component/Console/Input/ArrayInput), Object(Illuminate/Console/OutputStyle))
#29 C:/xampp/htdocs/ERP_model/vendor/laravel/framework/src/Illuminate/Console/Command.php(180): Symfony/Component/Console/Command/Command->run(Object(Symfony/Component/Console/Input/ArrayInput), Object(Illuminate/Console/OutputStyle))
#30 C:/xampp/htdocs/ERP_model/vendor/laravel/framework/src/Illuminate/Console/Concerns/CallsCommands.php(68): Illuminate/Console/Command->run(Object(Symfony/Component/Console/Input/ArrayInput), Object(Illuminate/Console/OutputStyle))
#31 C:/xampp/htdocs/ERP_model/vendor/laravel/framework/src/Illuminate/Console/Concerns/CallsCommands.php(29): Illuminate/Console/Command->runCommand('migrate', Array, Object(Illuminate/Console/OutputStyle))
#32 C:/xampp/htdocs/ERP_model/vendor/laravel/framework/src/Illuminate/Database/Console/Migrations/FreshCommand.php(88): Illuminate/Console/Command->call('migrate', Array)
#33 C:/xampp/htdocs/ERP_model/vendor/laravel/framework/src/Illuminate/Container/BoundMethod.php(36): Illuminate/Database/Console/Migrations/FreshCommand->handle()
#34 C:/xampp/htdocs/ERP_model/vendor/laravel/framework/src/Illuminate/Container/Util.php(43): Illuminate/Container/BoundMethod::Illuminate/Container/{closure}()
#35 C:/xampp/htdocs/ERP_model/vendor/laravel/framework/src/Illuminate/Container/BoundMethod.php(96): Illuminate/Container/Util::unwrapIfClosure(Object(Closure))
#36 C:/xampp/htdocs/ERP_model/vendor/laravel/framework/src/Illuminate/Container/BoundMethod.php(35): Illuminate/Container/BoundMethod::callBoundMethod(Object(Illuminate/Foundation/Application), Array, Object(Closure))
#37 C:/xampp/htdocs/ERP_model/vendor/laravel/framework/src/Illuminate/Container/Container.php(799): Illuminate/Container/BoundMethod::call(Object(Illuminate/Foundation/Application), Array, Array, NULL)
#38 C:/xampp/htdocs/ERP_model/vendor/laravel/framework/src/Illuminate/Console/Command.php(211): Illuminate/Container/Container->call(Array)
#39 C:/xampp/htdocs/ERP_model/vendor/symfony/console/Command/Command.php(341): Illuminate/Console/Command->execute(Object(Symfony/Component/Console/Input/ArgvInput), Object(Illuminate/Console/OutputStyle))
#40 C:/xampp/htdocs/ERP_model/vendor/laravel/framework/src/Illuminate/Console/Command.php(180): Symfony/Component/Console/Command/Command->run(Object(Symfony/Component/Console/Input/ArgvInput), Object(Illuminate/Console/OutputStyle))
#41 C:/xampp/htdocs/ERP_model/vendor/symfony/console/Application.php(1117): Illuminate/Console/Command->run(Object(Symfony/Component/Console/Input/ArgvInput), Object(Symfony/Component/Console/Output/ConsoleOutput))
#42 C:/xampp/htdocs/ERP_model/vendor/symfony/console/Application.php(356): Symfony/Component/Console/Application->doRunCommand(Object(Illuminate/Database/Console/Migrations/FreshCommand), Object(Symfony/Component/Console/Input/ArgvInput), Object(Symfony/Component/Console/Output/ConsoleOutput))
#43 C:/xampp/htdocs/ERP_model/vendor/symfony/console/Application.php(195): Symfony/Component/Console/Application->doRun(Object(Symfony/Component/Console/Input/ArgvInput), Object(Symfony/Component/Console/Output/ConsoleOutput))
#44 C:/xampp/htdocs/ERP_model/vendor/laravel/framework/src/Illuminate/Foundation/Console/Kernel.php(198): Symfony/Component/Console/Application->run(Object(Symfony/Component/Console/Input/ArgvInput), Object(Symfony/Component/Console/Output/ConsoleOutput))
#45 C:/xampp/htdocs/ERP_model/vendor/laravel/framework/src/Illuminate/Foundation/Application.php(1235): Illuminate/Foundation/Console/Kernel->handle(Object(Symfony/Component/Console/Input/ArgvInput), Object(Symfony/Component/Console/Output/ConsoleOutput))
#46 C:/xampp/htdocs/ERP_model/artisan(16): Illuminate/Foundation/Application->handleCommand(Object(Symfony/Component/Console/Input/ArgvInput))
#47 {main}
"} 
[2026-06-19 06:32:11] local.ERROR: SQLSTATE[42S01]: Base table or view already exists: 1050 Table 'categories' already exists (Connection: mysql, Host: 127.0.0.1, Port: 3306, Database: erp_model, SQL: create table `categories` (`id` bigint unsigned not null auto_increment primary key, `name` varchar(255) not null, `slug` varchar(255) not null, `description` text null, `is_active` tinyint(1) not null default '1', `created_at` timestamp null, `updated_at` timestamp null, `deleted_at` timestamp null) default character set utf8mb4 collate 'utf8mb4_unicode_ci') {"exception":"[object] (Illuminate\\Database\\QueryException(code: 42S01): SQLSTATE[42S01]: Base table or view already exists: 1050 Table 'categories' already exists (Connection: mysql, Host: 127.0.0.1, Port: 3306, Database: erp_model, SQL: create table `categories` (`id` bigint unsigned not null auto_increment primary key, `name` varchar(255) not null, `slug` varchar(255) not null, `description` text null, `is_active` tinyint(1) not null default '1', `created_at` timestamp null, `updated_at` timestamp null, `deleted_at` timestamp null) default character set utf8mb4 collate 'utf8mb4_unicode_ci') at C:/xampp/htdocs/ERP_model/vendor/laravel/framework/src/Illuminate/Database/Connection.php:838)
[stacktrace]
#0 C:/xampp/htdocs/ERP_model/vendor/laravel/framework/src/Illuminate/Database/Connection.php(794): Illuminate/Database/Connection->runQueryCallback('create table `c...', Array, Object(Closure))
#1 C:/xampp/htdocs/ERP_model/vendor/laravel/framework/src/Illuminate/Database/Connection.php(573): Illuminate/Database/Connection->run('create table `c...', Array, Object(Closure))
#2 C:/xampp/htdocs/ERP_model/vendor/laravel/framework/src/Illuminate/Database/Schema/Blueprint.php(121): Illuminate/Database/Connection->statement('create table `c...')
#3 C:/xampp/htdocs/ERP_model/vendor/laravel/framework/src/Illuminate/Database/Schema/Builder.php(686): Illuminate/Database/Schema/Blueprint->build()
#4 C:/xampp/htdocs/ERP_model/vendor/laravel/framework/src/Illuminate/Database/Schema/Builder.php(506): Illuminate/Database/Schema/Builder->build(Object(Illuminate/Database/Schema/Blueprint))
#5 C:/xampp/htdocs/ERP_model/vendor/laravel/framework/src/Illuminate/Support/Facades/Facade.php(363): Illuminate/Database/Schema/Builder->create('categories', Object(Closure))
#6 C:/xampp/htdocs/ERP_model/database/migrations/2026_06_19_063037_create_erp_tables.php(12): Illuminate/Support/Facades/Facade::__callStatic('create', Array)
#7 C:/xampp/htdocs/ERP_model/vendor/laravel/framework/src/Illuminate/Database/Migrations/Migrator.php(517): Illuminate/Database/Migrations/Migration@anonymous->up()
#8 C:/xampp/htdocs/ERP_model/vendor/laravel/framework/src/Illuminate/Database/Migrations/Migrator.php(442): Illuminate/Database/Migrations/Migrator->runMethod(Object(Illuminate/Database/MySqlConnection), Object(Illuminate/Database/Migrations/Migration@anonymous), 'up')
#9 C:/xampp/htdocs/ERP_model/vendor/laravel/framework/src/Illuminate/Database/Migrations/Migrator.php(451): Illuminate/Database/Migrations/Migrator->Illuminate/Database/Migrations/{closure}()
#10 C:/xampp/htdocs/ERP_model/vendor/laravel/framework/src/Illuminate/Database/Migrations/Migrator.php(253): Illuminate/Database/Migrations/Migrator->runMigration(Object(Illuminate/Database/Migrations/Migration@anonymous), 'up')
#11 C:/xampp/htdocs/ERP_model/vendor/laravel/framework/src/Illuminate/Console/View/Components/Task.php(41): Illuminate/Database/Migrations/Migrator->Illuminate/Database/Migrations/{closure}()
#12 C:/xampp/htdocs/ERP_model/vendor/laravel/framework/src/Illuminate/Database/Migrations/Migrator.php(814): Illuminate/Console/View/Components/Task->render('2026_06_19_0630...', Object(Closure))
#13 C:/xampp/htdocs/ERP_model/vendor/laravel/framework/src/Illuminate/Database/Migrations/Migrator.php(253): Illuminate/Database/Migrations/Migrator->write('Illuminate//Cons...', '2026_06_19_0630...', Object(Closure))
#14 C:/xampp/htdocs/ERP_model/vendor/laravel/framework/src/Illuminate/Database/Migrations/Migrator.php(211): Illuminate/Database/Migrations/Migrator->runUp('C://xampp//htdocs...', 1, false)
#15 C:/xampp/htdocs/ERP_model/vendor/laravel/framework/src/Illuminate/Database/Migrations/Migrator.php(138): Illuminate/Database/Migrations/Migrator->runPending(Array, Array)
#16 C:/xampp/htdocs/ERP_model/vendor/laravel/framework/src/Illuminate/Database/Console/Migrations/MigrateCommand.php(116): Illuminate/Database/Migrations/Migrator->run(Array, Array)
#17 C:/xampp/htdocs/ERP_model/vendor/laravel/framework/src/Illuminate/Database/Migrations/Migrator.php(671): Illuminate/Database/Console/Migrations/MigrateCommand->Illuminate/Database/Console/Migrations/{closure}()
#18 C:/xampp/htdocs/ERP_model/vendor/laravel/framework/src/Illuminate/Database/Console/Migrations/MigrateCommand.php(109): Illuminate/Database/Migrations/Migrator->usingConnection(NULL, Object(Closure))
#19 C:/xampp/htdocs/ERP_model/vendor/laravel/framework/src/Illuminate/Database/Console/Migrations/MigrateCommand.php(88): Illuminate/Database/Console/Migrations/MigrateCommand->runMigrations()
#20 C:/xampp/htdocs/ERP_model/vendor/laravel/framework/src/Illuminate/Container/BoundMethod.php(36): Illuminate/Database/Console/Migrations/MigrateCommand->handle()
#21 C:/xampp/htdocs/ERP_model/vendor/laravel/framework/src/Illuminate/Container/Util.php(43): Illuminate/Container/BoundMethod::Illuminate/Container/{closure}()
#22 C:/xampp/htdocs/ERP_model/vendor/laravel/framework/src/Illuminate/Container/BoundMethod.php(96): Illuminate/Container/Util::unwrapIfClosure(Object(Closure))
#23 C:/xampp/htdocs/ERP_model/vendor/laravel/framework/src/Illuminate/Container/BoundMethod.php(35): Illuminate/Container/BoundMethod::callBoundMethod(Object(Illuminate/Foundation/Application), Array, Object(Closure))
#24 C:/xampp/htdocs/ERP_model/vendor/laravel/framework/src/Illuminate/Container/Container.php(799): Illuminate/Container/BoundMethod::call(Object(Illuminate/Foundation/Application), Array, Array, NULL)
#25 C:/xampp/htdocs/ERP_model/vendor/laravel/framework/src/Illuminate/Console/Command.php(211): Illuminate/Container/Container->call(Array)
#26 C:/xampp/htdocs/ERP_model/vendor/symfony/console/Command/Command.php(341): Illuminate/Console/Command->execute(Object(Symfony/Component/Console/Input/ArrayInput), Object(Illuminate/Console/OutputStyle))
#27 C:/xampp/htdocs/ERP_model/vendor/laravel/framework/src/Illuminate/Console/Command.php(180): Symfony/Component/Console/Command/Command->run(Object(Symfony/Component/Console/Input/ArrayInput), Object(Illuminate/Console/OutputStyle))
#28 C:/xampp/htdocs/ERP_model/vendor/laravel/framework/src/Illuminate/Console/Concerns/CallsCommands.php(68): Illuminate/Console/Command->run(Object(Symfony/Component/Console/Input/ArrayInput), Object(Illuminate/Console/OutputStyle))
#29 C:/xampp/htdocs/ERP_model/vendor/laravel/framework/src/Illuminate/Console/Concerns/CallsCommands.php(29): Illuminate/Console/Command->runCommand('migrate', Array, Object(Illuminate/Console/OutputStyle))
#30 C:/xampp/htdocs/ERP_model/vendor/laravel/framework/src/Illuminate/Database/Console/Migrations/FreshCommand.php(88): Illuminate/Console/Command->call('migrate', Array)
#31 C:/xampp/htdocs/ERP_model/vendor/laravel/framework/src/Illuminate/Container/BoundMethod.php(36): Illuminate/Database/Console/Migrations/FreshCommand->handle()
#32 C:/xampp/htdocs/ERP_model/vendor/laravel/framework/src/Illuminate/Container/Util.php(43): Illuminate/Container/BoundMethod::Illuminate/Container/{closure}()
#33 C:/xampp/htdocs/ERP_model/vendor/laravel/framework/src/Illuminate/Container/BoundMethod.php(96): Illuminate/Container/Util::unwrapIfClosure(Object(Closure))
#34 C:/xampp/htdocs/ERP_model/vendor/laravel/framework/src/Illuminate/Container/BoundMethod.php(35): Illuminate/Container/BoundMethod::callBoundMethod(Object(Illuminate/Foundation/Application), Array, Object(Closure))
#35 C:/xampp/htdocs/ERP_model/vendor/laravel/framework/src/Illuminate/Container/Container.php(799): Illuminate/Container/BoundMethod::call(Object(Illuminate/Foundation/Application), Array, Array, NULL)
#36 C:/xampp/htdocs/ERP_model/vendor/laravel/framework/src/Illuminate/Console/Command.php(211): Illuminate/Container/Container->call(Array)
#37 C:/xampp/htdocs/ERP_model/vendor/symfony/console/Command/Command.php(341): Illuminate/Console/Command->execute(Object(Symfony/Component/Console/Input/ArgvInput), Object(Illuminate/Console/OutputStyle))
#38 C:/xampp/htdocs/ERP_model/vendor/laravel/framework/src/Illuminate/Console/Command.php(180): Symfony/Component/Console/Command/Command->run(Object(Symfony/Component/Console/Input/ArgvInput), Object(Illuminate/Console/OutputStyle))
#39 C:/xampp/htdocs/ERP_model/vendor/symfony/console/Application.php(1117): Illuminate/Console/Command->run(Object(Symfony/Component/Console/Input/ArgvInput), Object(Symfony/Component/Console/Output/ConsoleOutput))
#40 C:/xampp/htdocs/ERP_model/vendor/symfony/console/Application.php(356): Symfony/Component/Console/Application->doRunCommand(Object(Illuminate/Database/Console/Migrations/FreshCommand), Object(Symfony/Component/Console/Input/ArgvInput), Object(Symfony/Component/Console/Output/ConsoleOutput))
#41 C:/xampp/htdocs/ERP_model/vendor/symfony/console/Application.php(195): Symfony/Component/Console/Application->doRun(Object(Symfony/Component/Console/Input/ArgvInput), Object(Symfony/Component/Console/Output/ConsoleOutput))
#42 C:/xampp/htdocs/ERP_model/vendor/laravel/framework/src/Illuminate/Foundation/Console/Kernel.php(198): Symfony/Component/Console/Application->run(Object(Symfony/Component/Console/Input/ArgvInput), Object(Symfony/Component/Console/Output/ConsoleOutput))
#43 C:/xampp/htdocs/ERP_model/vendor/laravel/framework/src/Illuminate/Foundation/Application.php(1235): Illuminate/Foundation/Console/Kernel->handle(Object(Symfony/Component/Console/Input/ArgvInput), Object(Symfony/Component/Console/Output/ConsoleOutput))
#44 C:/xampp/htdocs/ERP_model/artisan(16): Illuminate/Foundation/Application->handleCommand(Object(Symfony/Component/Console/Input/ArgvInput))
#45 {main}

[previous exception] [object] (PDOException(code: 42S01): SQLSTATE[42S01]: Base table or view already exists: 1050 Table 'categories' already exists at C:/xampp/htdocs/ERP_model/vendor/laravel/framework/src/Illuminate/Database/Connection.php:584)
[stacktrace]
#0 C:/xampp/htdocs/ERP_model/vendor/laravel/framework/src/Illuminate/Database/Connection.php(584): PDOStatement->execute()
#1 C:/xampp/htdocs/ERP_model/vendor/laravel/framework/src/Illuminate/Database/Connection.php(827): Illuminate/Database/Connection->Illuminate/Database/{closure}('create table `c...', Array)
#2 C:/xampp/htdocs/ERP_model/vendor/laravel/framework/src/Illuminate/Database/Connection.php(794): Illuminate/Database/Connection->runQueryCallback('create table `c...', Array, Object(Closure))
#3 C:/xampp/htdocs/ERP_model/vendor/laravel/framework/src/Illuminate/Database/Connection.php(573): Illuminate/Database/Connection->run('create table `c...', Array, Object(Closure))
#4 C:/xampp/htdocs/ERP_model/vendor/laravel/framework/src/Illuminate/Database/Schema/Blueprint.php(121): Illuminate/Database/Connection->statement('create table `c...')
#5 C:/xampp/htdocs/ERP_model/vendor/laravel/framework/src/Illuminate/Database/Schema/Builder.php(686): Illuminate/Database/Schema/Blueprint->build()
#6 C:/xampp/htdocs/ERP_model/vendor/laravel/framework/src/Illuminate/Database/Schema/Builder.php(506): Illuminate/Database/Schema/Builder->build(Object(Illuminate/Database/Schema/Blueprint))
#7 C:/xampp/htdocs/ERP_model/vendor/laravel/framework/src/Illuminate/Support/Facades/Facade.php(363): Illuminate/Database/Schema/Builder->create('categories', Object(Closure))
#8 C:/xampp/htdocs/ERP_model/database/migrations/2026_06_19_063037_create_erp_tables.php(12): Illuminate/Support/Facades/Facade::__callStatic('create', Array)
#9 C:/xampp/htdocs/ERP_model/vendor/laravel/framework/src/Illuminate/Database/Migrations/Migrator.php(517): Illuminate/Database/Migrations/Migration@anonymous->up()
#10 C:/xampp/htdocs/ERP_model/vendor/laravel/framework/src/Illuminate/Database/Migrations/Migrator.php(442): Illuminate/Database/Migrations/Migrator->runMethod(Object(Illuminate/Database/MySqlConnection), Object(Illuminate/Database/Migrations/Migration@anonymous), 'up')
#11 C:/xampp/htdocs/ERP_model/vendor/laravel/framework/src/Illuminate/Database/Migrations/Migrator.php(451): Illuminate/Database/Migrations/Migrator->Illuminate/Database/Migrations/{closure}()
#12 C:/xampp/htdocs/ERP_model/vendor/laravel/framework/src/Illuminate/Database/Migrations/Migrator.php(253): Illuminate/Database/Migrations/Migrator->runMigration(Object(Illuminate/Database/Migrations/Migration@anonymous), 'up')
#13 C:/xampp/htdocs/ERP_model/vendor/laravel/framework/src/Illuminate/Console/View/Components/Task.php(41): Illuminate/Database/Migrations/Migrator->Illuminate/Database/Migrations/{closure}()
#14 C:/xampp/htdocs/ERP_model/vendor/laravel/framework/src/Illuminate/Database/Migrations/Migrator.php(814): Illuminate/Console/View/Components/Task->render('2026_06_19_0630...', Object(Closure))
#15 C:/xampp/htdocs/ERP_model/vendor/laravel/framework/src/Illuminate/Database/Migrations/Migrator.php(253): Illuminate/Database/Migrations/Migrator->write('Illuminate//Cons...', '2026_06_19_0630...', Object(Closure))
#16 C:/xampp/htdocs/ERP_model/vendor/laravel/framework/src/Illuminate/Database/Migrations/Migrator.php(211): Illuminate/Database/Migrations/Migrator->runUp('C://xampp//htdocs...', 1, false)
#17 C:/xampp/htdocs/ERP_model/vendor/laravel/framework/src/Illuminate/Database/Migrations/Migrator.php(138): Illuminate/Database/Migrations/Migrator->runPending(Array, Array)
#18 C:/xampp/htdocs/ERP_model/vendor/laravel/framework/src/Illuminate/Database/Console/Migrations/MigrateCommand.php(116): Illuminate/Database/Migrations/Migrator->run(Array, Array)
#19 C:/xampp/htdocs/ERP_model/vendor/laravel/framework/src/Illuminate/Database/Migrations/Migrator.php(671): Illuminate/Database/Console/Migrations/MigrateCommand->Illuminate/Database/Console/Migrations/{closure}()
#20 C:/xampp/htdocs/ERP_model/vendor/laravel/framework/src/Illuminate/Database/Console/Migrations/MigrateCommand.php(109): Illuminate/Database/Migrations/Migrator->usingConnection(NULL, Object(Closure))
#21 C:/xampp/htdocs/ERP_model/vendor/laravel/framework/src/Illuminate/Database/Console/Migrations/MigrateCommand.php(88): Illuminate/Database/Console/Migrations/MigrateCommand->runMigrations()
#22 C:/xampp/htdocs/ERP_model/vendor/laravel/framework/src/Illuminate/Container/BoundMethod.php(36): Illuminate/Database/Console/Migrations/MigrateCommand->handle()
#23 C:/xampp/htdocs/ERP_model/vendor/laravel/framework/src/Illuminate/Container/Util.php(43): Illuminate/Container/BoundMethod::Illuminate/Container/{closure}()
#24 C:/xampp/htdocs/ERP_model/vendor/laravel/framework/src/Illuminate/Container/BoundMethod.php(96): Illuminate/Container/Util::unwrapIfClosure(Object(Closure))
#25 C:/xampp/htdocs/ERP_model/vendor/laravel/framework/src/Illuminate/Container/BoundMethod.php(35): Illuminate/Container/BoundMethod::callBoundMethod(Object(Illuminate/Foundation/Application), Array, Object(Closure))
#26 C:/xampp/htdocs/ERP_model/vendor/laravel/framework/src/Illuminate/Container/Container.php(799): Illuminate/Container/BoundMethod::call(Object(Illuminate/Foundation/Application), Array, Array, NULL)
#27 C:/xampp/htdocs/ERP_model/vendor/laravel/framework/src/Illuminate/Console/Command.php(211): Illuminate/Container/Container->call(Array)
#28 C:/xampp/htdocs/ERP_model/vendor/symfony/console/Command/Command.php(341): Illuminate/Console/Command->execute(Object(Symfony/Component/Console/Input/ArrayInput), Object(Illuminate/Console/OutputStyle))
#29 C:/xampp/htdocs/ERP_model/vendor/laravel/framework/src/Illuminate/Console/Command.php(180): Symfony/Component/Console/Command/Command->run(Object(Symfony/Component/Console/Input/ArrayInput), Object(Illuminate/Console/OutputStyle))
#30 C:/xampp/htdocs/ERP_model/vendor/laravel/framework/src/Illuminate/Console/Concerns/CallsCommands.php(68): Illuminate/Console/Command->run(Object(Symfony/Component/Console/Input/ArrayInput), Object(Illuminate/Console/OutputStyle))
#31 C:/xampp/htdocs/ERP_model/vendor/laravel/framework/src/Illuminate/Console/Concerns/CallsCommands.php(29): Illuminate/Console/Command->runCommand('migrate', Array, Object(Illuminate/Console/OutputStyle))
#32 C:/xampp/htdocs/ERP_model/vendor/laravel/framework/src/Illuminate/Database/Console/Migrations/FreshCommand.php(88): Illuminate/Console/Command->call('migrate', Array)
#33 C:/xampp/htdocs/ERP_model/vendor/laravel/framework/src/Illuminate/Container/BoundMethod.php(36): Illuminate/Database/Console/Migrations/FreshCommand->handle()
#34 C:/xampp/htdocs/ERP_model/vendor/laravel/framework/src/Illuminate/Container/Util.php(43): Illuminate/Container/BoundMethod::Illuminate/Container/{closure}()
#35 C:/xampp/htdocs/ERP_model/vendor/laravel/framework/src/Illuminate/Container/BoundMethod.php(96): Illuminate/Container/Util::unwrapIfClosure(Object(Closure))
#36 C:/xampp/htdocs/ERP_model/vendor/laravel/framework/src/Illuminate/Container/BoundMethod.php(35): Illuminate/Container/BoundMethod::callBoundMethod(Object(Illuminate/Foundation/Application), Array, Object(Closure))
#37 C:/xampp/htdocs/ERP_model/vendor/laravel/framework/src/Illuminate/Container/Container.php(799): Illuminate/Container/BoundMethod::call(Object(Illuminate/Foundation/Application), Array, Array, NULL)
#38 C:/xampp/htdocs/ERP_model/vendor/laravel/framework/src/Illuminate/Console/Command.php(211): Illuminate/Container/Container->call(Array)
#39 C:/xampp/htdocs/ERP_model/vendor/symfony/console/Command/Command.php(341): Illuminate/Console/Command->execute(Object(Symfony/Component/Console/Input/ArgvInput), Object(Illuminate/Console/OutputStyle))
#40 C:/xampp/htdocs/ERP_model/vendor/laravel/framework/src/Illuminate/Console/Command.php(180): Symfony/Component/Console/Command/Command->run(Object(Symfony/Component/Console/Input/ArgvInput), Object(Illuminate/Console/OutputStyle))
#41 C:/xampp/htdocs/ERP_model/vendor/symfony/console/Application.php(1117): Illuminate/Console/Command->run(Object(Symfony/Component/Console/Input/ArgvInput), Object(Symfony/Component/Console/Output/ConsoleOutput))
#42 C:/xampp/htdocs/ERP_model/vendor/symfony/console/Application.php(356): Symfony/Component/Console/Application->doRunCommand(Object(Illuminate/Database/Console/Migrations/FreshCommand), Object(Symfony/Component/Console/Input/ArgvInput), Object(Symfony/Component/Console/Output/ConsoleOutput))
#43 C:/xampp/htdocs/ERP_model/vendor/symfony/console/Application.php(195): Symfony/Component/Console/Application->doRun(Object(Symfony/Component/Console/Input/ArgvInput), Object(Symfony/Component/Console/Output/ConsoleOutput))
#44 C:/xampp/htdocs/ERP_model/vendor/laravel/framework/src/Illuminate/Foundation/Console/Kernel.php(198): Symfony/Component/Console/Application->run(Object(Symfony/Component/Console/Input/ArgvInput), Object(Symfony/Component/Console/Output/ConsoleOutput))
#45 C:/xampp/htdocs/ERP_model/vendor/laravel/framework/src/Illuminate/Foundation/Application.php(1235): Illuminate/Foundation/Console/Kernel->handle(Object(Symfony/Component/Console/Input/ArgvInput), Object(Symfony/Component/Console/Output/ConsoleOutput))
#46 C:/xampp/htdocs/ERP_model/artisan(16): Illuminate/Foundation/Application->handleCommand(Object(Symfony/Component/Console/Input/ArgvInput))
#47 {main}
"} 
[2026-06-19 06:32:18] local.ERROR: SQLSTATE[42S01]: Base table or view already exists: 1050 Table 'categories' already exists (Connection: mysql, Host: 127.0.0.1, Port: 3306, Database: erp_model, SQL: create table `categories` (`id` bigint unsigned not null auto_increment primary key, `name` varchar(255) not null, `slug` varchar(255) not null, `description` text null, `is_active` tinyint(1) not null default '1', `created_at` timestamp null, `updated_at` timestamp null, `deleted_at` timestamp null) default character set utf8mb4 collate 'utf8mb4_unicode_ci') {"exception":"[object] (Illuminate\\Database\\QueryException(code: 42S01): SQLSTATE[42S01]: Base table or view already exists: 1050 Table 'categories' already exists (Connection: mysql, Host: 127.0.0.1, Port: 3306, Database: erp_model, SQL: create table `categories` (`id` bigint unsigned not null auto_increment primary key, `name` varchar(255) not null, `slug` varchar(255) not null, `description` text null, `is_active` tinyint(1) not null default '1', `created_at` timestamp null, `updated_at` timestamp null, `deleted_at` timestamp null) default character set utf8mb4 collate 'utf8mb4_unicode_ci') at C:/xampp/htdocs/ERP_model/vendor/laravel/framework/src/Illuminate/Database/Connection.php:838)
[stacktrace]
#0 C:/xampp/htdocs/ERP_model/vendor/laravel/framework/src/Illuminate/Database/Connection.php(794): Illuminate/Database/Connection->runQueryCallback('create table `c...', Array, Object(Closure))
#1 C:/xampp/htdocs/ERP_model/vendor/laravel/framework/src/Illuminate/Database/Connection.php(573): Illuminate/Database/Connection->run('create table `c...', Array, Object(Closure))
#2 C:/xampp/htdocs/ERP_model/vendor/laravel/framework/src/Illuminate/Database/Schema/Blueprint.php(121): Illuminate/Database/Connection->statement('create table `c...')
#3 C:/xampp/htdocs/ERP_model/vendor/laravel/framework/src/Illuminate/Database/Schema/Builder.php(686): Illuminate/Database/Schema/Blueprint->build()
#4 C:/xampp/htdocs/ERP_model/vendor/laravel/framework/src/Illuminate/Database/Schema/Builder.php(506): Illuminate/Database/Schema/Builder->build(Object(Illuminate/Database/Schema/Blueprint))
#5 C:/xampp/htdocs/ERP_model/vendor/laravel/framework/src/Illuminate/Support/Facades/Facade.php(363): Illuminate/Database/Schema/Builder->create('categories', Object(Closure))
#6 C:/xampp/htdocs/ERP_model/database/migrations/2026_06_19_063037_create_erp_tables.php(12): Illuminate/Support/Facades/Facade::__callStatic('create', Array)
#7 C:/xampp/htdocs/ERP_model/vendor/laravel/framework/src/Illuminate/Database/Migrations/Migrator.php(517): Illuminate/Database/Migrations/Migration@anonymous->up()
#8 C:/xampp/htdocs/ERP_model/vendor/laravel/framework/src/Illuminate/Database/Migrations/Migrator.php(442): Illuminate/Database/Migrations/Migrator->runMethod(Object(Illuminate/Database/MySqlConnection), Object(Illuminate/Database/Migrations/Migration@anonymous), 'up')
#9 C:/xampp/htdocs/ERP_model/vendor/laravel/framework/src/Illuminate/Database/Migrations/Migrator.php(451): Illuminate/Database/Migrations/Migrator->Illuminate/Database/Migrations/{closure}()
#10 C:/xampp/htdocs/ERP_model/vendor/laravel/framework/src/Illuminate/Database/Migrations/Migrator.php(253): Illuminate/Database/Migrations/Migrator->runMigration(Object(Illuminate/Database/Migrations/Migration@anonymous), 'up')
#11 C:/xampp/htdocs/ERP_model/vendor/laravel/framework/src/Illuminate/Console/View/Components/Task.php(41): Illuminate/Database/Migrations/Migrator->Illuminate/Database/Migrations/{closure}()
#12 C:/xampp/htdocs/ERP_model/vendor/laravel/framework/src/Illuminate/Database/Migrations/Migrator.php(814): Illuminate/Console/View/Components/Task->render('2026_06_19_0630...', Object(Closure))
#13 C:/xampp/htdocs/ERP_model/vendor/laravel/framework/src/Illuminate/Database/Migrations/Migrator.php(253): Illuminate/Database/Migrations/Migrator->write('Illuminate//Cons...', '2026_06_19_0630...', Object(Closure))
#14 C:/xampp/htdocs/ERP_model/vendor/laravel/framework/src/Illuminate/Database/Migrations/Migrator.php(211): Illuminate/Database/Migrations/Migrator->runUp('C://xampp//htdocs...', 1, false)
#15 C:/xampp/htdocs/ERP_model/vendor/laravel/framework/src/Illuminate/Database/Migrations/Migrator.php(138): Illuminate/Database/Migrations/Migrator->runPending(Array, Array)
#16 C:/xampp/htdocs/ERP_model/vendor/laravel/framework/src/Illuminate/Database/Console/Migrations/MigrateCommand.php(116): Illuminate/Database/Migrations/Migrator->run(Array, Array)
#17 C:/xampp/htdocs/ERP_model/vendor/laravel/framework/src/Illuminate/Database/Migrations/Migrator.php(671): Illuminate/Database/Console/Migrations/MigrateCommand->Illuminate/Database/Console/Migrations/{closure}()
#18 C:/xampp/htdocs/ERP_model/vendor/laravel/framework/src/Illuminate/Database/Console/Migrations/MigrateCommand.php(109): Illuminate/Database/Migrations/Migrator->usingConnection(NULL, Object(Closure))
#19 C:/xampp/htdocs/ERP_model/vendor/laravel/framework/src/Illuminate/Database/Console/Migrations/MigrateCommand.php(88): Illuminate/Database/Console/Migrations/MigrateCommand->runMigrations()
#20 C:/xampp/htdocs/ERP_model/vendor/laravel/framework/src/Illuminate/Container/BoundMethod.php(36): Illuminate/Database/Console/Migrations/MigrateCommand->handle()
#21 C:/xampp/htdocs/ERP_model/vendor/laravel/framework/src/Illuminate/Container/Util.php(43): Illuminate/Container/BoundMethod::Illuminate/Container/{closure}()
#22 C:/xampp/htdocs/ERP_model/vendor/laravel/framework/src/Illuminate/Container/BoundMethod.php(96): Illuminate/Container/Util::unwrapIfClosure(Object(Closure))
#23 C:/xampp/htdocs/ERP_model/vendor/laravel/framework/src/Illuminate/Container/BoundMethod.php(35): Illuminate/Container/BoundMethod::callBoundMethod(Object(Illuminate/Foundation/Application), Array, Object(Closure))
#24 C:/xampp/htdocs/ERP_model/vendor/laravel/framework/src/Illuminate/Container/Container.php(799): Illuminate/Container/BoundMethod::call(Object(Illuminate/Foundation/Application), Array, Array, NULL)
#25 C:/xampp/htdocs/ERP_model/vendor/laravel/framework/src/Illuminate/Console/Command.php(211): Illuminate/Container/Container->call(Array)
#26 C:/xampp/htdocs/ERP_model/vendor/symfony/console/Command/Command.php(341): Illuminate/Console/Command->execute(Object(Symfony/Component/Console/Input/ArrayInput), Object(Illuminate/Console/OutputStyle))
#27 C:/xampp/htdocs/ERP_model/vendor/laravel/framework/src/Illuminate/Console/Command.php(180): Symfony/Component/Console/Command/Command->run(Object(Symfony/Component/Console/Input/ArrayInput), Object(Illuminate/Console/OutputStyle))
#28 C:/xampp/htdocs/ERP_model/vendor/laravel/framework/src/Illuminate/Console/Concerns/CallsCommands.php(68): Illuminate/Console/Command->run(Object(Symfony/Component/Console/Input/ArrayInput), Object(Illuminate/Console/OutputStyle))
#29 C:/xampp/htdocs/ERP_model/vendor/laravel/framework/src/Illuminate/Console/Concerns/CallsCommands.php(29): Illuminate/Console/Command->runCommand('migrate', Array, Object(Illuminate/Console/OutputStyle))
#30 C:/xampp/htdocs/ERP_model/vendor/laravel/framework/src/Illuminate/Database/Console/Migrations/FreshCommand.php(88): Illuminate/Console/Command->call('migrate', Array)
#31 C:/xampp/htdocs/ERP_model/vendor/laravel/framework/src/Illuminate/Container/BoundMethod.php(36): Illuminate/Database/Console/Migrations/FreshCommand->handle()
#32 C:/xampp/htdocs/ERP_model/vendor/laravel/framework/src/Illuminate/Container/Util.php(43): Illuminate/Container/BoundMethod::Illuminate/Container/{closure}()
#33 C:/xampp/htdocs/ERP_model/vendor/laravel/framework/src/Illuminate/Container/BoundMethod.php(96): Illuminate/Container/Util::unwrapIfClosure(Object(Closure))
#34 C:/xampp/htdocs/ERP_model/vendor/laravel/framework/src/Illuminate/Container/BoundMethod.php(35): Illuminate/Container/BoundMethod::callBoundMethod(Object(Illuminate/Foundation/Application), Array, Object(Closure))
#35 C:/xampp/htdocs/ERP_model/vendor/laravel/framework/src/Illuminate/Container/Container.php(799): Illuminate/Container/BoundMethod::call(Object(Illuminate/Foundation/Application), Array, Array, NULL)
#36 C:/xampp/htdocs/ERP_model/vendor/laravel/framework/src/Illuminate/Console/Command.php(211): Illuminate/Container/Container->call(Array)
#37 C:/xampp/htdocs/ERP_model/vendor/symfony/console/Command/Command.php(341): Illuminate/Console/Command->execute(Object(Symfony/Component/Console/Input/ArgvInput), Object(Illuminate/Console/OutputStyle))
#38 C:/xampp/htdocs/ERP_model/vendor/laravel/framework/src/Illuminate/Console/Command.php(180): Symfony/Component/Console/Command/Command->run(Object(Symfony/Component/Console/Input/ArgvInput), Object(Illuminate/Console/OutputStyle))
#39 C:/xampp/htdocs/ERP_model/vendor/symfony/console/Application.php(1117): Illuminate/Console/Command->run(Object(Symfony/Component/Console/Input/ArgvInput), Object(Symfony/Component/Console/Output/ConsoleOutput))
#40 C:/xampp/htdocs/ERP_model/vendor/symfony/console/Application.php(356): Symfony/Component/Console/Application->doRunCommand(Object(Illuminate/Database/Console/Migrations/FreshCommand), Object(Symfony/Component/Console/Input/ArgvInput), Object(Symfony/Component/Console/Output/ConsoleOutput))
#41 C:/xampp/htdocs/ERP_model/vendor/symfony/console/Application.php(195): Symfony/Component/Console/Application->doRun(Object(Symfony/Component/Console/Input/ArgvInput), Object(Symfony/Component/Console/Output/ConsoleOutput))
#42 C:/xampp/htdocs/ERP_model/vendor/laravel/framework/src/Illuminate/Foundation/Console/Kernel.php(198): Symfony/Component/Console/Application->run(Object(Symfony/Component/Console/Input/ArgvInput), Object(Symfony/Component/Console/Output/ConsoleOutput))
#43 C:/xampp/htdocs/ERP_model/vendor/laravel/framework/src/Illuminate/Foundation/Application.php(1235): Illuminate/Foundation/Console/Kernel->handle(Object(Symfony/Component/Console/Input/ArgvInput), Object(Symfony/Component/Console/Output/ConsoleOutput))
#44 C:/xampp/htdocs/ERP_model/artisan(16): Illuminate/Foundation/Application->handleCommand(Object(Symfony/Component/Console/Input/ArgvInput))
#45 {main}

[previous exception] [object] (PDOException(code: 42S01): SQLSTATE[42S01]: Base table or view already exists: 1050 Table 'categories' already exists at C:/xampp/htdocs/ERP_model/vendor/laravel/framework/src/Illuminate/Database/Connection.php:584)
[stacktrace]
#0 C:/xampp/htdocs/ERP_model/vendor/laravel/framework/src/Illuminate/Database/Connection.php(584): PDOStatement->execute()
#1 C:/xampp/htdocs/ERP_model/vendor/laravel/framework/src/Illuminate/Database/Connection.php(827): Illuminate/Database/Connection->Illuminate/Database/{closure}('create table `c...', Array)
#2 C:/xampp/htdocs/ERP_model/vendor/laravel/framework/src/Illuminate/Database/Connection.php(794): Illuminate/Database/Connection->runQueryCallback('create table `c...', Array, Object(Closure))
#3 C:/xampp/htdocs/ERP_model/vendor/laravel/framework/src/Illuminate/Database/Connection.php(573): Illuminate/Database/Connection->run('create table `c...', Array, Object(Closure))
#4 C:/xampp/htdocs/ERP_model/vendor/laravel/framework/src/Illuminate/Database/Schema/Blueprint.php(121): Illuminate/Database/Connection->statement('create table `c...')
#5 C:/xampp/htdocs/ERP_model/vendor/laravel/framework/src/Illuminate/Database/Schema/Builder.php(686): Illuminate/Database/Schema/Blueprint->build()
#6 C:/xampp/htdocs/ERP_model/vendor/laravel/framework/src/Illuminate/Database/Schema/Builder.php(506): Illuminate/Database/Schema/Builder->build(Object(Illuminate/Database/Schema/Blueprint))
#7 C:/xampp/htdocs/ERP_model/vendor/laravel/framework/src/Illuminate/Support/Facades/Facade.php(363): Illuminate/Database/Schema/Builder->create('categories', Object(Closure))
#8 C:/xampp/htdocs/ERP_model/database/migrations/2026_06_19_063037_create_erp_tables.php(12): Illuminate/Support/Facades/Facade::__callStatic('create', Array)
#9 C:/xampp/htdocs/ERP_model/vendor/laravel/framework/src/Illuminate/Database/Migrations/Migrator.php(517): Illuminate/Database/Migrations/Migration@anonymous->up()
#10 C:/xampp/htdocs/ERP_model/vendor/laravel/framework/src/Illuminate/Database/Migrations/Migrator.php(442): Illuminate/Database/Migrations/Migrator->runMethod(Object(Illuminate/Database/MySqlConnection), Object(Illuminate/Database/Migrations/Migration@anonymous), 'up')
#11 C:/xampp/htdocs/ERP_model/vendor/laravel/framework/src/Illuminate/Database/Migrations/Migrator.php(451): Illuminate/Database/Migrations/Migrator->Illuminate/Database/Migrations/{closure}()
#12 C:/xampp/htdocs/ERP_model/vendor/laravel/framework/src/Illuminate/Database/Migrations/Migrator.php(253): Illuminate/Database/Migrations/Migrator->runMigration(Object(Illuminate/Database/Migrations/Migration@anonymous), 'up')
#13 C:/xampp/htdocs/ERP_model/vendor/laravel/framework/src/Illuminate/Console/View/Components/Task.php(41): Illuminate/Database/Migrations/Migrator->Illuminate/Database/Migrations/{closure}()
#14 C:/xampp/htdocs/ERP_model/vendor/laravel/framework/src/Illuminate/Database/Migrations/Migrator.php(814): Illuminate/Console/View/Components/Task->render('2026_06_19_0630...', Object(Closure))
#15 C:/xampp/htdocs/ERP_model/vendor/laravel/framework/src/Illuminate/Database/Migrations/Migrator.php(253): Illuminate/Database/Migrations/Migrator->write('Illuminate//Cons...', '2026_06_19_0630...', Object(Closure))
#16 C:/xampp/htdocs/ERP_model/vendor/laravel/framework/src/Illuminate/Database/Migrations/Migrator.php(211): Illuminate/Database/Migrations/Migrator->runUp('C://xampp//htdocs...', 1, false)
#17 C:/xampp/htdocs/ERP_model/vendor/laravel/framework/src/Illuminate/Database/Migrations/Migrator.php(138): Illuminate/Database/Migrations/Migrator->runPending(Array, Array)
#18 C:/xampp/htdocs/ERP_model/vendor/laravel/framework/src/Illuminate/Database/Console/Migrations/MigrateCommand.php(116): Illuminate/Database/Migrations/Migrator->run(Array, Array)
#19 C:/xampp/htdocs/ERP_model/vendor/laravel/framework/src/Illuminate/Database/Migrations/Migrator.php(671): Illuminate/Database/Console/Migrations/MigrateCommand->Illuminate/Database/Console/Migrations/{closure}()
#20 C:/xampp/htdocs/ERP_model/vendor/laravel/framework/src/Illuminate/Database/Console/Migrations/MigrateCommand.php(109): Illuminate/Database/Migrations/Migrator->usingConnection(NULL, Object(Closure))
#21 C:/xampp/htdocs/ERP_model/vendor/laravel/framework/src/Illuminate/Database/Console/Migrations/MigrateCommand.php(88): Illuminate/Database/Console/Migrations/MigrateCommand->runMigrations()
#22 C:/xampp/htdocs/ERP_model/vendor/laravel/framework/src/Illuminate/Container/BoundMethod.php(36): Illuminate/Database/Console/Migrations/MigrateCommand->handle()
#23 C:/xampp/htdocs/ERP_model/vendor/laravel/framework/src/Illuminate/Container/Util.php(43): Illuminate/Container/BoundMethod::Illuminate/Container/{closure}()
#24 C:/xampp/htdocs/ERP_model/vendor/laravel/framework/src/Illuminate/Container/BoundMethod.php(96): Illuminate/Container/Util::unwrapIfClosure(Object(Closure))
#25 C:/xampp/htdocs/ERP_model/vendor/laravel/framework/src/Illuminate/Container/BoundMethod.php(35): Illuminate/Container/BoundMethod::callBoundMethod(Object(Illuminate/Foundation/Application), Array, Object(Closure))
#26 C:/xampp/htdocs/ERP_model/vendor/laravel/framework/src/Illuminate/Container/Container.php(799): Illuminate/Container/BoundMethod::call(Object(Illuminate/Foundation/Application), Array, Array, NULL)
#27 C:/xampp/htdocs/ERP_model/vendor/laravel/framework/src/Illuminate/Console/Command.php(211): Illuminate/Container/Container->call(Array)
#28 C:/xampp/htdocs/ERP_model/vendor/symfony/console/Command/Command.php(341): Illuminate/Console/Command->execute(Object(Symfony/Component/Console/Input/ArrayInput), Object(Illuminate/Console/OutputStyle))
#29 C:/xampp/htdocs/ERP_model/vendor/laravel/framework/src/Illuminate/Console/Command.php(180): Symfony/Component/Console/Command/Command->run(Object(Symfony/Component/Console/Input/ArrayInput), Object(Illuminate/Console/OutputStyle))
#30 C:/xampp/htdocs/ERP_model/vendor/laravel/framework/src/Illuminate/Console/Concerns/CallsCommands.php(68): Illuminate/Console/Command->run(Object(Symfony/Component/Console/Input/ArrayInput), Object(Illuminate/Console/OutputStyle))
#31 C:/xampp/htdocs/ERP_model/vendor/laravel/framework/src/Illuminate/Console/Concerns/CallsCommands.php(29): Illuminate/Console/Command->runCommand('migrate', Array, Object(Illuminate/Console/OutputStyle))
#32 C:/xampp/htdocs/ERP_model/vendor/laravel/framework/src/Illuminate/Database/Console/Migrations/FreshCommand.php(88): Illuminate/Console/Command->call('migrate', Array)
#33 C:/xampp/htdocs/ERP_model/vendor/laravel/framework/src/Illuminate/Container/BoundMethod.php(36): Illuminate/Database/Console/Migrations/FreshCommand->handle()
#34 C:/xampp/htdocs/ERP_model/vendor/laravel/framework/src/Illuminate/Container/Util.php(43): Illuminate/Container/BoundMethod::Illuminate/Container/{closure}()
#35 C:/xampp/htdocs/ERP_model/vendor/laravel/framework/src/Illuminate/Container/BoundMethod.php(96): Illuminate/Container/Util::unwrapIfClosure(Object(Closure))
#36 C:/xampp/htdocs/ERP_model/vendor/laravel/framework/src/Illuminate/Container/BoundMethod.php(35): Illuminate/Container/BoundMethod::callBoundMethod(Object(Illuminate/Foundation/Application), Array, Object(Closure))
#37 C:/xampp/htdocs/ERP_model/vendor/laravel/framework/src/Illuminate/Container/Container.php(799): Illuminate/Container/BoundMethod::call(Object(Illuminate/Foundation/Application), Array, Array, NULL)
#38 C:/xampp/htdocs/ERP_model/vendor/laravel/framework/src/Illuminate/Console/Command.php(211): Illuminate/Container/Container->call(Array)
#39 C:/xampp/htdocs/ERP_model/vendor/symfony/console/Command/Command.php(341): Illuminate/Console/Command->execute(Object(Symfony/Component/Console/Input/ArgvInput), Object(Illuminate/Console/OutputStyle))
#40 C:/xampp/htdocs/ERP_model/vendor/laravel/framework/src/Illuminate/Console/Command.php(180): Symfony/Component/Console/Command/Command->run(Object(Symfony/Component/Console/Input/ArgvInput), Object(Illuminate/Console/OutputStyle))
#41 C:/xampp/htdocs/ERP_model/vendor/symfony/console/Application.php(1117): Illuminate/Console/Command->run(Object(Symfony/Component/Console/Input/ArgvInput), Object(Symfony/Component/Console/Output/ConsoleOutput))
#42 C:/xampp/htdocs/ERP_model/vendor/symfony/console/Application.php(356): Symfony/Component/Console/Application->doRunCommand(Object(Illuminate/Database/Console/Migrations/FreshCommand), Object(Symfony/Component/Console/Input/ArgvInput), Object(Symfony/Component/Console/Output/ConsoleOutput))
#43 C:/xampp/htdocs/ERP_model/vendor/symfony/console/Application.php(195): Symfony/Component/Console/Application->doRun(Object(Symfony/Component/Console/Input/ArgvInput), Object(Symfony/Component/Console/Output/ConsoleOutput))
#44 C:/xampp/htdocs/ERP_model/vendor/laravel/framework/src/Illuminate/Foundation/Console/Kernel.php(198): Symfony/Component/Console/Application->run(Object(Symfony/Component/Console/Input/ArgvInput), Object(Symfony/Component/Console/Output/ConsoleOutput))
#45 C:/xampp/htdocs/ERP_model/vendor/laravel/framework/src/Illuminate/Foundation/Application.php(1235): Illuminate/Foundation/Console/Kernel->handle(Object(Symfony/Component/Console/Input/ArgvInput), Object(Symfony/Component/Console/Output/ConsoleOutput))
#46 C:/xampp/htdocs/ERP_model/artisan(16): Illuminate/Foundation/Application->handleCommand(Object(Symfony/Component/Console/Input/ArgvInput))
#47 {main}
"} 
[2026-06-19 06:41:27] local.ERROR: Class "Yajra\DataTables\Services\DataTable" not found {"userId":1,"exception":"[object] (Error(code: 0): Class \"Yajra\\DataTables\\Services\\DataTable\" not found at C:/xampp/htdocs/ERP_model/app/DataTables/ProductDataTable.php:11)
[stacktrace]
#0 C:/xampp/htdocs/ERP_model/vendor/composer/ClassLoader.php(576): include()
#1 C:/xampp/htdocs/ERP_model/vendor/composer/ClassLoader.php(427): Composer/Autoload/{closure}('C://xampp//htdocs...')
#2 [internal function]: Composer/Autoload/ClassLoader->loadClass('App//DataTables//...')
#3 C:/xampp/htdocs/ERP_model/vendor/laravel/framework/src/Illuminate/Reflection/Reflector.php(204): enum_exists('App//DataTables//...')
#4 C:/xampp/htdocs/ERP_model/vendor/laravel/framework/src/Illuminate/Routing/RouteSignatureParameters.php(31): Illuminate/Support/Reflector::isParameterBackedEnumWithStringBackingType(Object(ReflectionParameter))
#5 [internal function]: Illuminate/Routing/RouteSignatureParameters::Illuminate/Routing/{closure}(Object(ReflectionParameter))
#6 C:/xampp/htdocs/ERP_model/vendor/laravel/framework/src/Illuminate/Routing/RouteSignatureParameters.php(31): array_filter(Array, Object(Closure))
#7 C:/xampp/htdocs/ERP_model/vendor/laravel/framework/src/Illuminate/Routing/Route.php(545): Illuminate/Routing/RouteSignatureParameters::fromAction(Array, Array)
#8 C:/xampp/htdocs/ERP_model/vendor/laravel/framework/src/Illuminate/Routing/ImplicitRouteBinding.php(79): Illuminate/Routing/Route->signatureParameters(Array)
#9 C:/xampp/htdocs/ERP_model/vendor/laravel/framework/src/Illuminate/Routing/ImplicitRouteBinding.php(27): Illuminate/Routing/ImplicitRouteBinding::resolveBackedEnumsForRoute(Object(Illuminate/Routing/Route), Array)
#10 C:/xampp/htdocs/ERP_model/vendor/laravel/framework/src/Illuminate/Routing/Router.php(980): Illuminate/Routing/ImplicitRouteBinding::resolveForRoute(Object(Illuminate/Foundation/Application), Object(Illuminate/Routing/Route))
#11 [internal function]: Illuminate/Routing/Router->Illuminate/Routing/{closure}(Object(Illuminate/Foundation/Application), Object(Illuminate/Routing/Route), Object(Closure))
#12 C:/xampp/htdocs/ERP_model/vendor/laravel/framework/src/Illuminate/Routing/Router.php(982): call_user_func(Object(Closure), Object(Illuminate/Foundation/Application), Object(Illuminate/Routing/Route), Object(Closure))
#13 C:/xampp/htdocs/ERP_model/vendor/laravel/framework/src/Illuminate/Routing/Middleware/SubstituteBindings.php(41): Illuminate/Routing/Router->substituteImplicitBindings(Object(Illuminate/Routing/Route))
#14 C:/xampp/htdocs/ERP_model/vendor/laravel/framework/src/Illuminate/Pipeline/Pipeline.php(219): Illuminate/Routing/Middleware/SubstituteBindings->handle(Object(Illuminate/Http/Request), Object(Closure))
#15 C:/xampp/htdocs/ERP_model/vendor/laravel/framework/src/Illuminate/Auth/Middleware/Authenticate.php(63): Illuminate/Pipeline/Pipeline->Illuminate/Pipeline/{closure}(Object(Illuminate/Http/Request))
#16 C:/xampp/htdocs/ERP_model/vendor/laravel/framework/src/Illuminate/Pipeline/Pipeline.php(219): Illuminate/Auth/Middleware/Authenticate->handle(Object(Illuminate/Http/Request), Object(Closure))
#17 C:/xampp/htdocs/ERP_model/vendor/laravel/framework/src/Illuminate/Foundation/Http/Middleware/VerifyCsrfToken.php(87): Illuminate/Pipeline/Pipeline->Illuminate/Pipeline/{closure}(Object(Illuminate/Http/Request))
#18 C:/xampp/htdocs/ERP_model/vendor/laravel/framework/src/Illuminate/Pipeline/Pipeline.php(219): Illuminate/Foundation/Http/Middleware/VerifyCsrfToken->handle(Object(Illuminate/Http/Request), Object(Closure))
#19 C:/xampp/htdocs/ERP_model/vendor/laravel/framework/src/Illuminate/View/Middleware/ShareErrorsFromSession.php(48): Illuminate/Pipeline/Pipeline->Illuminate/Pipeline/{closure}(Object(Illuminate/Http/Request))
#20 C:/xampp/htdocs/ERP_model/vendor/laravel/framework/src/Illuminate/Pipeline/Pipeline.php(219): Illuminate/View/Middleware/ShareErrorsFromSession->handle(Object(Illuminate/Http/Request), Object(Closure))
#21 C:/xampp/htdocs/ERP_model/vendor/laravel/framework/src/Illuminate/Session/Middleware/StartSession.php(120): Illuminate/Pipeline/Pipeline->Illuminate/Pipeline/{closure}(Object(Illuminate/Http/Request))
#22 C:/xampp/htdocs/ERP_model/vendor/laravel/framework/src/Illuminate/Session/Middleware/StartSession.php(63): Illuminate/Session/Middleware/StartSession->handleStatefulRequest(Object(Illuminate/Http/Request), Object(Illuminate/Session/Store), Object(Closure))
#23 C:/xampp/htdocs/ERP_model/vendor/laravel/framework/src/Illuminate/Pipeline/Pipeline.php(219): Illuminate/Session/Middleware/StartSession->handle(Object(Illuminate/Http/Request), Object(Closure))
#24 C:/xampp/htdocs/ERP_model/vendor/laravel/framework/src/Illuminate/Cookie/Middleware/AddQueuedCookiesToResponse.php(36): Illuminate/Pipeline/Pipeline->Illuminate/Pipeline/{closure}(Object(Illuminate/Http/Request))
#25 C:/xampp/htdocs/ERP_model/vendor/laravel/framework/src/Illuminate/Pipeline/Pipeline.php(219): Illuminate/Cookie/Middleware/AddQueuedCookiesToResponse->handle(Object(Illuminate/Http/Request), Object(Closure))
#26 C:/xampp/htdocs/ERP_model/vendor/laravel/framework/src/Illuminate/Cookie/Middleware/EncryptCookies.php(74): Illuminate/Pipeline/Pipeline->Illuminate/Pipeline/{closure}(Object(Illuminate/Http/Request))
#27 C:/xampp/htdocs/ERP_model/vendor/laravel/framework/src/Illuminate/Pipeline/Pipeline.php(219): Illuminate/Cookie/Middleware/EncryptCookies->handle(Object(Illuminate/Http/Request), Object(Closure))
#28 C:/xampp/htdocs/ERP_model/vendor/laravel/framework/src/Illuminate/Pipeline/Pipeline.php(137): Illuminate/Pipeline/Pipeline->Illuminate/Pipeline/{closure}(Object(Illuminate/Http/Request))
#29 C:/xampp/htdocs/ERP_model/vendor/laravel/framework/src/Illuminate/Routing/Router.php(821): Illuminate/Pipeline/Pipeline->then(Object(Closure))
#30 C:/xampp/htdocs/ERP_model/vendor/laravel/framework/src/Illuminate/Routing/Router.php(800): Illuminate/Routing/Router->runRouteWithinStack(Object(Illuminate/Routing/Route), Object(Illuminate/Http/Request))
#31 C:/xampp/htdocs/ERP_model/vendor/laravel/framework/src/Illuminate/Routing/Router.php(764): Illuminate/Routing/Router->runRoute(Object(Illuminate/Http/Request), Object(Illuminate/Routing/Route))
#32 C:/xampp/htdocs/ERP_model/vendor/laravel/framework/src/Illuminate/Routing/Router.php(753): Illuminate/Routing/Router->dispatchToRoute(Object(Illuminate/Http/Request))
#33 C:/xampp/htdocs/ERP_model/vendor/laravel/framework/src/Illuminate/Foundation/Http/Kernel.php(200): Illuminate/Routing/Router->dispatch(Object(Illuminate/Http/Request))
#34 C:/xampp/htdocs/ERP_model/vendor/laravel/framework/src/Illuminate/Pipeline/Pipeline.php(180): Illuminate/Foundation/Http/Kernel->Illuminate/Foundation/Http/{closure}(Object(Illuminate/Http/Request))
#35 C:/xampp/htdocs/ERP_model/vendor/laravel/framework/src/Illuminate/Foundation/Http/Middleware/TransformsRequest.php(21): Illuminate/Pipeline/Pipeline->Illuminate/Pipeline/{closure}(Object(Illuminate/Http/Request))
#36 C:/xampp/htdocs/ERP_model/vendor/laravel/framework/src/Illuminate/Foundation/Http/Middleware/ConvertEmptyStringsToNull.php(31): Illuminate/Foundation/Http/Middleware/TransformsRequest->handle(Object(Illuminate/Http/Request), Object(Closure))
#37 C:/xampp/htdocs/ERP_model/vendor/laravel/framework/src/Illuminate/Pipeline/Pipeline.php(219): Illuminate/Foundation/Http/Middleware/ConvertEmptyStringsToNull->handle(Object(Illuminate/Http/Request), Object(Closure))
#38 C:/xampp/htdocs/ERP_model/vendor/laravel/framework/src/Illuminate/Foundation/Http/Middleware/TransformsRequest.php(21): Illuminate/Pipeline/Pipeline->Illuminate/Pipeline/{closure}(Object(Illuminate/Http/Request))
#39 C:/xampp/htdocs/ERP_model/vendor/laravel/framework/src/Illuminate/Foundation/Http/Middleware/TrimStrings.php(51): Illuminate/Foundation/Http/Middleware/TransformsRequest->handle(Object(Illuminate/Http/Request), Object(Closure))
#40 C:/xampp/htdocs/ERP_model/vendor/laravel/framework/src/Illuminate/Pipeline/Pipeline.php(219): Illuminate/Foundation/Http/Middleware/TrimStrings->handle(Object(Illuminate/Http/Request), Object(Closure))
#41 C:/xampp/htdocs/ERP_model/vendor/laravel/framework/src/Illuminate/Http/Middleware/ValidatePostSize.php(27): Illuminate/Pipeline/Pipeline->Illuminate/Pipeline/{closure}(Object(Illuminate/Http/Request))
#42 C:/xampp/htdocs/ERP_model/vendor/laravel/framework/src/Illuminate/Pipeline/Pipeline.php(219): Illuminate/Http/Middleware/ValidatePostSize->handle(Object(Illuminate/Http/Request), Object(Closure))
#43 C:/xampp/htdocs/ERP_model/vendor/laravel/framework/src/Illuminate/Foundation/Http/Middleware/PreventRequestsDuringMaintenance.php(109): Illuminate/Pipeline/Pipeline->Illuminate/Pipeline/{closure}(Object(Illuminate/Http/Request))
#44 C:/xampp/htdocs/ERP_model/vendor/laravel/framework/src/Illuminate/Pipeline/Pipeline.php(219): Illuminate/Foundation/Http/Middleware/PreventRequestsDuringMaintenance->handle(Object(Illuminate/Http/Request), Object(Closure))
#45 C:/xampp/htdocs/ERP_model/vendor/laravel/framework/src/Illuminate/Http/Middleware/HandleCors.php(61): Illuminate/Pipeline/Pipeline->Illuminate/Pipeline/{closure}(Object(Illuminate/Http/Request))
#46 C:/xampp/htdocs/ERP_model/vendor/laravel/framework/src/Illuminate/Pipeline/Pipeline.php(219): Illuminate/Http/Middleware/HandleCors->handle(Object(Illuminate/Http/Request), Object(Closure))
#47 C:/xampp/htdocs/ERP_model/vendor/laravel/framework/src/Illuminate/Http/Middleware/TrustProxies.php(58): Illuminate/Pipeline/Pipeline->Illuminate/Pipeline/{closure}(Object(Illuminate/Http/Request))
#48 C:/xampp/htdocs/ERP_model/vendor/laravel/framework/src/Illuminate/Pipeline/Pipeline.php(219): Illuminate/Http/Middleware/TrustProxies->handle(Object(Illuminate/Http/Request), Object(Closure))
#49 C:/xampp/htdocs/ERP_model/vendor/laravel/framework/src/Illuminate/Foundation/Http/Middleware/InvokeDeferredCallbacks.php(22): Illuminate/Pipeline/Pipeline->Illuminate/Pipeline/{closure}(Object(Illuminate/Http/Request))
#50 C:/xampp/htdocs/ERP_model/vendor/laravel/framework/src/Illuminate/Pipeline/Pipeline.php(219): Illuminate/Foundation/Http/Middleware/InvokeDeferredCallbacks->handle(Object(Illuminate/Http/Request), Object(Closure))
#51 C:/xampp/htdocs/ERP_model/vendor/laravel/framework/src/Illuminate/Http/Middleware/ValidatePathEncoding.php(26): Illuminate/Pipeline/Pipeline->Illuminate/Pipeline/{closure}(Object(Illuminate/Http/Request))
#52 C:/xampp/htdocs/ERP_model/vendor/laravel/framework/src/Illuminate/Pipeline/Pipeline.php(219): Illuminate/Http/Middleware/ValidatePathEncoding->handle(Object(Illuminate/Http/Request), Object(Closure))
#53 C:/xampp/htdocs/ERP_model/vendor/laravel/framework/src/Illuminate/Pipeline/Pipeline.php(137): Illuminate/Pipeline/Pipeline->Illuminate/Pipeline/{closure}(Object(Illuminate/Http/Request))
#54 C:/xampp/htdocs/ERP_model/vendor/laravel/framework/src/Illuminate/Foundation/Http/Kernel.php(175): Illuminate/Pipeline/Pipeline->then(Object(Closure))
#55 C:/xampp/htdocs/ERP_model/vendor/laravel/framework/src/Illuminate/Foundation/Http/Kernel.php(144): Illuminate/Foundation/Http/Kernel->sendRequestThroughRouter(Object(Illuminate/Http/Request))
#56 C:/xampp/htdocs/ERP_model/vendor/laravel/framework/src/Illuminate/Foundation/Application.php(1220): Illuminate/Foundation/Http/Kernel->handle(Object(Illuminate/Http/Request))
#57 C:/xampp/htdocs/ERP_model/public/index.php(20): Illuminate/Foundation/Application->handleRequest(Object(Illuminate/Http/Request))
#58 C:/xampp/htdocs/ERP_model/vendor/laravel/framework/src/Illuminate/Foundation/resources/server.php(23): require_once('C://xampp//htdocs...')
#59 {main}
"} 
[2026-06-19 06:47:51] local.ERROR: Target class [files] does not exist. {"exception":"[object] (Illuminate\\Contracts\\Container\\BindingResolutionException(code: 0): Target class [files] does not exist. at C:/xampp/htdocs/ERP_model/vendor/laravel/framework/src/Illuminate/Container/Container.php:1124)
[stacktrace]
#0 C:/xampp/htdocs/ERP_model/vendor/laravel/framework/src/Illuminate/Container/Container.php(933): Illuminate/Container/Container->build('files')
#1 C:/xampp/htdocs/ERP_model/vendor/laravel/framework/src/Illuminate/Foundation/Application.php(1078): Illuminate/Container/Container->resolve('files', Array, true)
#2 C:/xampp/htdocs/ERP_model/vendor/laravel/framework/src/Illuminate/Container/Container.php(864): Illuminate/Foundation/Application->resolve('files', Array)
#3 C:/xampp/htdocs/ERP_model/vendor/laravel/framework/src/Illuminate/Foundation/Application.php(1058): Illuminate/Container/Container->make('files', Array)
#4 C:/xampp/htdocs/ERP_model/vendor/laravel/framework/src/Illuminate/Container/Container.php(1805): Illuminate/Foundation/Application->make('files')
#5 C:/xampp/htdocs/ERP_model/vendor/laravel/framework/src/Illuminate/Foundation/Application.php(1358): Illuminate/Container/Container->offsetGet('files')
#6 C:/xampp/htdocs/ERP_model/vendor/laravel/framework/src/Illuminate/Foundation/Support/Providers/EventServiceProvider.php(107): Illuminate/Foundation/Application->eventsAreCached()
#7 C:/xampp/htdocs/ERP_model/vendor/laravel/framework/src/Illuminate/Foundation/Support/Providers/EventServiceProvider.php(58): Illuminate/Foundation/Support/Providers/EventServiceProvider->getEvents()
#8 C:/xampp/htdocs/ERP_model/vendor/laravel/framework/src/Illuminate/Container/BoundMethod.php(36): Illuminate/Foundation/Support/Providers/EventServiceProvider->Illuminate/Foundation/Support/Providers/{closure}()
#9 C:/xampp/htdocs/ERP_model/vendor/laravel/framework/src/Illuminate/Container/Util.php(43): Illuminate/Container/BoundMethod::Illuminate/Container/{closure}()
#10 C:/xampp/htdocs/ERP_model/vendor/laravel/framework/src/Illuminate/Container/BoundMethod.php(84): Illuminate/Container/Util::unwrapIfClosure(Object(Closure))
#11 C:/xampp/htdocs/ERP_model/vendor/laravel/framework/src/Illuminate/Container/BoundMethod.php(35): Illuminate/Container/BoundMethod::callBoundMethod(Object(Illuminate/Foundation/Application), Object(Closure), Object(Closure))
#12 C:/xampp/htdocs/ERP_model/vendor/laravel/framework/src/Illuminate/Container/Container.php(799): Illuminate/Container/BoundMethod::call(Object(Illuminate/Foundation/Application), Object(Closure), Array, NULL)
#13 C:/xampp/htdocs/ERP_model/vendor/laravel/framework/src/Illuminate/Support/ServiceProvider.php(134): Illuminate/Container/Container->call(Object(Closure))
#14 C:/xampp/htdocs/ERP_model/vendor/laravel/framework/src/Illuminate/Foundation/Application.php(1148): Illuminate/Support/ServiceProvider->callBootingCallbacks()
#15 C:/xampp/htdocs/ERP_model/vendor/laravel/framework/src/Illuminate/Foundation/Application.php(1132): Illuminate/Foundation/Application->bootProvider(Object(Illuminate/Foundation/Support/Providers/EventServiceProvider))
#16 [internal function]: Illuminate/Foundation/Application->Illuminate/Foundation/{closure}(Object(Illuminate/Foundation/Support/Providers/EventServiceProvider), 'Illuminate//Foun...')
#17 C:/xampp/htdocs/ERP_model/vendor/laravel/framework/src/Illuminate/Foundation/Application.php(1131): array_walk(Array, Object(Closure))
#18 C:/xampp/htdocs/ERP_model/vendor/laravel/framework/src/Illuminate/Foundation/Bootstrap/BootProviders.php(17): Illuminate/Foundation/Application->boot()
#19 C:/xampp/htdocs/ERP_model/vendor/laravel/framework/src/Illuminate/Foundation/Application.php(342): Illuminate/Foundation/Bootstrap/BootProviders->bootstrap(Object(Illuminate/Foundation/Application))
#20 C:/xampp/htdocs/ERP_model/vendor/laravel/framework/src/Illuminate/Foundation/Http/Kernel.php(186): Illuminate/Foundation/Application->bootstrapWith(Array)
#21 C:/xampp/htdocs/ERP_model/vendor/laravel/framework/src/Illuminate/Foundation/Http/Kernel.php(170): Illuminate/Foundation/Http/Kernel->bootstrap()
#22 C:/xampp/htdocs/ERP_model/vendor/laravel/framework/src/Illuminate/Foundation/Http/Kernel.php(144): Illuminate/Foundation/Http/Kernel->sendRequestThroughRouter(Object(Illuminate/Http/Request))
#23 C:/xampp/htdocs/ERP_model/vendor/laravel/framework/src/Illuminate/Foundation/Application.php(1220): Illuminate/Foundation/Http/Kernel->handle(Object(Illuminate/Http/Request))
#24 C:/xampp/htdocs/ERP_model/public/index.php(20): Illuminate/Foundation/Application->handleRequest(Object(Illuminate/Http/Request))
#25 C:/xampp/htdocs/ERP_model/vendor/laravel/framework/src/Illuminate/Foundation/resources/server.php(23): require_once('C://xampp//htdocs...')
#26 {main}

[previous exception] [object] (ReflectionException(code: -1): Class \"files\" does not exist at C:/xampp/htdocs/ERP_model/vendor/laravel/framework/src/Illuminate/Container/Container.php:1122)
[stacktrace]
#0 C:/xampp/htdocs/ERP_model/vendor/laravel/framework/src/Illuminate/Container/Container.php(1122): ReflectionClass->__construct('files')
#1 C:/xampp/htdocs/ERP_model/vendor/laravel/framework/src/Illuminate/Container/Container.php(933): Illuminate/Container/Container->build('files')
#2 C:/xampp/htdocs/ERP_model/vendor/laravel/framework/src/Illuminate/Foundation/Application.php(1078): Illuminate/Container/Container->resolve('files', Array, true)
#3 C:/xampp/htdocs/ERP_model/vendor/laravel/framework/src/Illuminate/Container/Container.php(864): Illuminate/Foundation/Application->resolve('files', Array)
#4 C:/xampp/htdocs/ERP_model/vendor/laravel/framework/src/Illuminate/Foundation/Application.php(1058): Illuminate/Container/Container->make('files', Array)
#5 C:/xampp/htdocs/ERP_model/vendor/laravel/framework/src/Illuminate/Container/Container.php(1805): Illuminate/Foundation/Application->make('files')
#6 C:/xampp/htdocs/ERP_model/vendor/laravel/framework/src/Illuminate/Foundation/Application.php(1358): Illuminate/Container/Container->offsetGet('files')
#7 C:/xampp/htdocs/ERP_model/vendor/laravel/framework/src/Illuminate/Foundation/Support/Providers/EventServiceProvider.php(107): Illuminate/Foundation/Application->eventsAreCached()
#8 C:/xampp/htdocs/ERP_model/vendor/laravel/framework/src/Illuminate/Foundation/Support/Providers/EventServiceProvider.php(58): Illuminate/Foundation/Support/Providers/EventServiceProvider->getEvents()
#9 C:/xampp/htdocs/ERP_model/vendor/laravel/framework/src/Illuminate/Container/BoundMethod.php(36): Illuminate/Foundation/Support/Providers/EventServiceProvider->Illuminate/Foundation/Support/Providers/{closure}()
#10 C:/xampp/htdocs/ERP_model/vendor/laravel/framework/src/Illuminate/Container/Util.php(43): Illuminate/Container/BoundMethod::Illuminate/Container/{closure}()
#11 C:/xampp/htdocs/ERP_model/vendor/laravel/framework/src/Illuminate/Container/BoundMethod.php(84): Illuminate/Container/Util::unwrapIfClosure(Object(Closure))
#12 C:/xampp/htdocs/ERP_model/vendor/laravel/framework/src/Illuminate/Container/BoundMethod.php(35): Illuminate/Container/BoundMethod::callBoundMethod(Object(Illuminate/Foundation/Application), Object(Closure), Object(Closure))
#13 C:/xampp/htdocs/ERP_model/vendor/laravel/framework/src/Illuminate/Container/Container.php(799): Illuminate/Container/BoundMethod::call(Object(Illuminate/Foundation/Application), Object(Closure), Array, NULL)
#14 C:/xampp/htdocs/ERP_model/vendor/laravel/framework/src/Illuminate/Support/ServiceProvider.php(134): Illuminate/Container/Container->call(Object(Closure))
#15 C:/xampp/htdocs/ERP_model/vendor/laravel/framework/src/Illuminate/Foundation/Application.php(1148): Illuminate/Support/ServiceProvider->callBootingCallbacks()
#16 C:/xampp/htdocs/ERP_model/vendor/laravel/framework/src/Illuminate/Foundation/Application.php(1132): Illuminate/Foundation/Application->bootProvider(Object(Illuminate/Foundation/Support/Providers/EventServiceProvider))
#17 [internal function]: Illuminate/Foundation/Application->Illuminate/Foundation/{closure}(Object(Illuminate/Foundation/Support/Providers/EventServiceProvider), 'Illuminate//Foun...')
#18 C:/xampp/htdocs/ERP_model/vendor/laravel/framework/src/Illuminate/Foundation/Application.php(1131): array_walk(Array, Object(Closure))
#19 C:/xampp/htdocs/ERP_model/vendor/laravel/framework/src/Illuminate/Foundation/Bootstrap/BootProviders.php(17): Illuminate/Foundation/Application->boot()
#20 C:/xampp/htdocs/ERP_model/vendor/laravel/framework/src/Illuminate/Foundation/Application.php(342): Illuminate/Foundation/Bootstrap/BootProviders->bootstrap(Object(Illuminate/Foundation/Application))
#21 C:/xampp/htdocs/ERP_model/vendor/laravel/framework/src/Illuminate/Foundation/Http/Kernel.php(186): Illuminate/Foundation/Application->bootstrapWith(Array)
#22 C:/xampp/htdocs/ERP_model/vendor/laravel/framework/src/Illuminate/Foundation/Http/Kernel.php(170): Illuminate/Foundation/Http/Kernel->bootstrap()
#23 C:/xampp/htdocs/ERP_model/vendor/laravel/framework/src/Illuminate/Foundation/Http/Kernel.php(144): Illuminate/Foundation/Http/Kernel->sendRequestThroughRouter(Object(Illuminate/Http/Request))
#24 C:/xampp/htdocs/ERP_model/vendor/laravel/framework/src/Illuminate/Foundation/Application.php(1220): Illuminate/Foundation/Http/Kernel->handle(Object(Illuminate/Http/Request))
#25 C:/xampp/htdocs/ERP_model/public/index.php(20): Illuminate/Foundation/Application->handleRequest(Object(Illuminate/Http/Request))
#26 C:/xampp/htdocs/ERP_model/vendor/laravel/framework/src/Illuminate/Foundation/resources/server.php(23): require_once('C://xampp//htdocs...')
#27 {main}
"} 
[2026-06-19 06:47:52] local.ERROR: Target class [view] does not exist. {"exception":"[object] (Illuminate\\Contracts\\Container\\BindingResolutionException(code: 0): Target class [view] does not exist. at C:/xampp/htdocs/ERP_model/vendor/laravel/framework/src/Illuminate/Container/Container.php:1124)
[stacktrace]
#0 C:/xampp/htdocs/ERP_model/vendor/laravel/framework/src/Illuminate/Container/Container.php(933): Illuminate/Container/Container->build('view')
#1 C:/xampp/htdocs/ERP_model/vendor/laravel/framework/src/Illuminate/Foundation/Application.php(1078): Illuminate/Container/Container->resolve('view', Array, true)
#2 C:/xampp/htdocs/ERP_model/vendor/laravel/framework/src/Illuminate/Container/Container.php(864): Illuminate/Foundation/Application->resolve('view', Array)
#3 C:/xampp/htdocs/ERP_model/vendor/laravel/framework/src/Illuminate/Foundation/Application.php(1058): Illuminate/Container/Container->make('view', Array)
#4 C:/xampp/htdocs/ERP_model/vendor/laravel/framework/src/Illuminate/Container/Container.php(1805): Illuminate/Foundation/Application->make('view')
#5 C:/xampp/htdocs/ERP_model/vendor/laravel/framework/src/Illuminate/Routing/RoutingServiceProvider.php(177): Illuminate/Container/Container->offsetGet('Illuminate//Cont...')
#6 C:/xampp/htdocs/ERP_model/vendor/laravel/framework/src/Illuminate/Container/Container.php(1115): Illuminate/Routing/RoutingServiceProvider->Illuminate/Routing/{closure}(Object(Illuminate/Foundation/Application), Array)
#7 C:/xampp/htdocs/ERP_model/vendor/laravel/framework/src/Illuminate/Container/Container.php(933): Illuminate/Container/Container->build(Object(Closure))
#8 C:/xampp/htdocs/ERP_model/vendor/laravel/framework/src/Illuminate/Foundation/Application.php(1078): Illuminate/Container/Container->resolve('Illuminate//Cont...', Array, true)
#9 C:/xampp/htdocs/ERP_model/vendor/laravel/framework/src/Illuminate/Container/Container.php(864): Illuminate/Foundation/Application->resolve('Illuminate//Cont...', Array)
#10 C:/xampp/htdocs/ERP_model/vendor/laravel/framework/src/Illuminate/Foundation/Application.php(1058): Illuminate/Container/Container->make('Illuminate//Cont...', Array)
#11 C:/xampp/htdocs/ERP_model/vendor/laravel/framework/src/Illuminate/Foundation/helpers.php(138): Illuminate/Foundation/Application->make('Illuminate//Cont...', Array)
#12 C:/xampp/htdocs/ERP_model/vendor/laravel/framework/src/Illuminate/Foundation/helpers.php(850): app('Illuminate//Cont...')
#13 C:/xampp/htdocs/ERP_model/vendor/laravel/framework/src/Illuminate/Foundation/Exceptions/Handler.php(987): response('<!-- Target cla...', 500, Array)
#14 C:/xampp/htdocs/ERP_model/vendor/laravel/framework/src/Illuminate/Foundation/Exceptions/Handler.php(839): Illuminate/Foundation/Exceptions/Handler->toIlluminateResponse(Object(Symfony/Component/HttpFoundation/Response), Object(Illuminate/Contracts/Container/BindingResolutionException))
#15 C:/xampp/htdocs/ERP_model/vendor/laravel/framework/src/Illuminate/Foundation/Exceptions/Handler.php(738): Illuminate/Foundation/Exceptions/Handler->prepareResponse(Object(Illuminate/Http/Request), Object(Illuminate/Contracts/Container/BindingResolutionException))
#16 C:/xampp/htdocs/ERP_model/vendor/laravel/framework/src/Illuminate/Foundation/Exceptions/Handler.php(626): Illuminate/Foundation/Exceptions/Handler->renderExceptionResponse(Object(Illuminate/Http/Request), Object(Illuminate/Contracts/Container/BindingResolutionException))
#17 C:/xampp/htdocs/ERP_model/vendor/laravel/framework/src/Illuminate/Foundation/Http/Kernel.php(574): Illuminate/Foundation/Exceptions/Handler->render(Object(Illuminate/Http/Request), Object(Illuminate/Contracts/Container/BindingResolutionException))
#18 C:/xampp/htdocs/ERP_model/vendor/laravel/framework/src/Illuminate/Foundation/Http/Kernel.php(148): Illuminate/Foundation/Http/Kernel->renderException(Object(Illuminate/Http/Request), Object(Illuminate/Contracts/Container/BindingResolutionException))
#19 C:/xampp/htdocs/ERP_model/vendor/laravel/framework/src/Illuminate/Foundation/Application.php(1220): Illuminate/Foundation/Http/Kernel->handle(Object(Illuminate/Http/Request))
#20 C:/xampp/htdocs/ERP_model/public/index.php(20): Illuminate/Foundation/Application->handleRequest(Object(Illuminate/Http/Request))
#21 C:/xampp/htdocs/ERP_model/vendor/laravel/framework/src/Illuminate/Foundation/resources/server.php(23): require_once('C://xampp//htdocs...')
#22 {main}

[previous exception] [object] (ReflectionException(code: -1): Class \"view\" does not exist at C:/xampp/htdocs/ERP_model/vendor/laravel/framework/src/Illuminate/Container/Container.php:1122)
[stacktrace]
#0 C:/xampp/htdocs/ERP_model/vendor/laravel/framework/src/Illuminate/Container/Container.php(1122): ReflectionClass->__construct('view')
#1 C:/xampp/htdocs/ERP_model/vendor/laravel/framework/src/Illuminate/Container/Container.php(933): Illuminate/Container/Container->build('view')
#2 C:/xampp/htdocs/ERP_model/vendor/laravel/framework/src/Illuminate/Foundation/Application.php(1078): Illuminate/Container/Container->resolve('view', Array, true)
#3 C:/xampp/htdocs/ERP_model/vendor/laravel/framework/src/Illuminate/Container/Container.php(864): Illuminate/Foundation/Application->resolve('view', Array)
#4 C:/xampp/htdocs/ERP_model/vendor/laravel/framework/src/Illuminate/Foundation/Application.php(1058): Illuminate/Container/Container->make('view', Array)
#5 C:/xampp/htdocs/ERP_model/vendor/laravel/framework/src/Illuminate/Container/Container.php(1805): Illuminate/Foundation/Application->make('view')
#6 C:/xampp/htdocs/ERP_model/vendor/laravel/framework/src/Illuminate/Routing/RoutingServiceProvider.php(177): Illuminate/Container/Container->offsetGet('Illuminate//Cont...')
#7 C:/xampp/htdocs/ERP_model/vendor/laravel/framework/src/Illuminate/Container/Container.php(1115): Illuminate/Routing/RoutingServiceProvider->Illuminate/Routing/{closure}(Object(Illuminate/Foundation/Application), Array)
#8 C:/xampp/htdocs/ERP_model/vendor/laravel/framework/src/Illuminate/Container/Container.php(933): Illuminate/Container/Container->build(Object(Closure))
#9 C:/xampp/htdocs/ERP_model/vendor/laravel/framework/src/Illuminate/Foundation/Application.php(1078): Illuminate/Container/Container->resolve('Illuminate//Cont...', Array, true)
#10 C:/xampp/htdocs/ERP_model/vendor/laravel/framework/src/Illuminate/Container/Container.php(864): Illuminate/Foundation/Application->resolve('Illuminate//Cont...', Array)
#11 C:/xampp/htdocs/ERP_model/vendor/laravel/framework/src/Illuminate/Foundation/Application.php(1058): Illuminate/Container/Container->make('Illuminate//Cont...', Array)
#12 C:/xampp/htdocs/ERP_model/vendor/laravel/framework/src/Illuminate/Foundation/helpers.php(138): Illuminate/Foundation/Application->make('Illuminate//Cont...', Array)
#13 C:/xampp/htdocs/ERP_model/vendor/laravel/framework/src/Illuminate/Foundation/helpers.php(850): app('Illuminate//Cont...')
#14 C:/xampp/htdocs/ERP_model/vendor/laravel/framework/src/Illuminate/Foundation/Exceptions/Handler.php(987): response('<!-- Target cla...', 500, Array)
#15 C:/xampp/htdocs/ERP_model/vendor/laravel/framework/src/Illuminate/Foundation/Exceptions/Handler.php(839): Illuminate/Foundation/Exceptions/Handler->toIlluminateResponse(Object(Symfony/Component/HttpFoundation/Response), Object(Illuminate/Contracts/Container/BindingResolutionException))
#16 C:/xampp/htdocs/ERP_model/vendor/laravel/framework/src/Illuminate/Foundation/Exceptions/Handler.php(738): Illuminate/Foundation/Exceptions/Handler->prepareResponse(Object(Illuminate/Http/Request), Object(Illuminate/Contracts/Container/BindingResolutionException))
#17 C:/xampp/htdocs/ERP_model/vendor/laravel/framework/src/Illuminate/Foundation/Exceptions/Handler.php(626): Illuminate/Foundation/Exceptions/Handler->renderExceptionResponse(Object(Illuminate/Http/Request), Object(Illuminate/Contracts/Container/BindingResolutionException))
#18 C:/xampp/htdocs/ERP_model/vendor/laravel/framework/src/Illuminate/Foundation/Http/Kernel.php(574): Illuminate/Foundation/Exceptions/Handler->render(Object(Illuminate/Http/Request), Object(Illuminate/Contracts/Container/BindingResolutionException))
#19 C:/xampp/htdocs/ERP_model/vendor/laravel/framework/src/Illuminate/Foundation/Http/Kernel.php(148): Illuminate/Foundation/Http/Kernel->renderException(Object(Illuminate/Http/Request), Object(Illuminate/Contracts/Container/BindingResolutionException))
#20 C:/xampp/htdocs/ERP_model/vendor/laravel/framework/src/Illuminate/Foundation/Application.php(1220): Illuminate/Foundation/Http/Kernel->handle(Object(Illuminate/Http/Request))
#21 C:/xampp/htdocs/ERP_model/public/index.php(20): Illuminate/Foundation/Application->handleRequest(Object(Illuminate/Http/Request))
#22 C:/xampp/htdocs/ERP_model/vendor/laravel/framework/src/Illuminate/Foundation/resources/server.php(23): require_once('C://xampp//htdocs...')
#23 {main}
"} 
[2026-06-19 06:47:52] local.ERROR: Uncaught ReflectionException: Class "view" does not exist in C:\xampp\htdocs\ERP_model\vendor\laravel\framework\src\Illuminate\Container\Container.php:1122
Stack trace:
#0 C:\xampp\htdocs\ERP_model\vendor\laravel\framework\src\Illuminate\Container\Container.php(1122): ReflectionClass->__construct('view')
#1 C:\xampp\htdocs\ERP_model\vendor\laravel\framework\src\Illuminate\Container\Container.php(933): Illuminate\Container\Container->build('view')
#2 C:\xampp\htdocs\ERP_model\vendor\laravel\framework\src\Illuminate\Foundation\Application.php(1078): Illuminate\Container\Container->resolve('view', Array, true)
#3 C:\xampp\htdocs\ERP_model\vendor\laravel\framework\src\Illuminate\Container\Container.php(864): Illuminate\Foundation\Application->resolve('view', Array)
#4 C:\xampp\htdocs\ERP_model\vendor\laravel\framework\src\Illuminate\Foundation\Application.php(1058): Illuminate\Container\Container->make('view', Array)
#5 C:\xampp\htdocs\ERP_model\vendor\laravel\framework\src\Illuminate\Container\Container.php(1805): Illuminate\Foundation\Application->make('view')
#6 C:\xampp\htdocs\ERP_model\vendor\laravel\framework\src\Illuminate\Routing\RoutingServiceProvider.php(177): Illuminate\Container\Container->offsetGet('Illuminate\\Cont...')
#7 C:\xampp\htdocs\ERP_model\vendor\laravel\framework\src\Illuminate\Container\Container.php(1115): Illuminate\Routing\RoutingServiceProvider->Illuminate\Routing\{closure}(Object(Illuminate\Foundation\Application), Array)
#8 C:\xampp\htdocs\ERP_model\vendor\laravel\framework\src\Illuminate\Container\Container.php(933): Illuminate\Container\Container->build(Object(Closure))
#9 C:\xampp\htdocs\ERP_model\vendor\laravel\framework\src\Illuminate\Foundation\Application.php(1078): Illuminate\Container\Container->resolve('Illuminate\\Cont...', Array, true)
#10 C:\xampp\htdocs\ERP_model\vendor\laravel\framework\src\Illuminate\Container\Container.php(864): Illuminate\Foundation\Application->resolve('Illuminate\\Cont...', Array)
#11 C:\xampp\htdocs\ERP_model\vendor\laravel\framework\src\Illuminate\Foundation\Application.php(1058): Illuminate\Container\Container->make('Illuminate\\Cont...', Array)
#12 C:\xampp\htdocs\ERP_model\vendor\laravel\framework\src\Illuminate\Foundation\helpers.php(138): Illuminate\Foundation\Application->make('Illuminate\\Cont...', Array)
#13 C:\xampp\htdocs\ERP_model\vendor\laravel\framework\src\Illuminate\Foundation\helpers.php(850): app('Illuminate\\Cont...')
#14 C:\xampp\htdocs\ERP_model\vendor\laravel\framework\src\Illuminate\Foundation\Exceptions\Handler.php(987): response('<!-- Target cla...', 500, Array)
#15 C:\xampp\htdocs\ERP_model\vendor\laravel\framework\src\Illuminate\Foundation\Exceptions\Handler.php(839): Illuminate\Foundation\Exceptions\Handler->toIlluminateResponse(Object(Symfony\Component\HttpFoundation\Response), Object(Illuminate\Contracts\Container\BindingResolutionException))
#16 C:\xampp\htdocs\ERP_model\vendor\laravel\framework\src\Illuminate\Foundation\Exceptions\Handler.php(738): Illuminate\Foundation\Exceptions\Handler->prepareResponse(Object(Illuminate\Http\Request), Object(Illuminate\Contracts\Container\BindingResolutionException))
#17 C:\xampp\htdocs\ERP_model\vendor\laravel\framework\src\Illuminate\Foundation\Exceptions\Handler.php(626): Illuminate\Foundation\Exceptions\Handler->renderExceptionResponse(Object(Illuminate\Http\Request), Object(Illuminate\Contracts\Container\BindingResolutionException))
#18 C:\xampp\htdocs\ERP_model\vendor\laravel\framework\src\Illuminate\Foundation\Bootstrap\HandleExceptions.php(225): Illuminate\Foundation\Exceptions\Handler->render(Object(Illuminate\Http\Request), Object(Illuminate\Contracts\Container\BindingResolutionException))
#19 C:\xampp\htdocs\ERP_model\vendor\laravel\framework\src\Illuminate\Foundation\Bootstrap\HandleExceptions.php(202): Illuminate\Foundation\Bootstrap\HandleExceptions->renderHttpResponse(Object(Illuminate\Contracts\Container\BindingResolutionException))
#20 C:\xampp\htdocs\ERP_model\vendor\laravel\framework\src\Illuminate\Foundation\Bootstrap\HandleExceptions.php(262): Illuminate\Foundation\Bootstrap\HandleExceptions->handleException(Object(Illuminate\Contracts\Container\BindingResolutionException))
#21 [internal function]: Illuminate\Foundation\Bootstrap\HandleExceptions->Illuminate\Foundation\Bootstrap\{closure}(Object(Illuminate\Contracts\Container\BindingResolutionException))
#22 {main}

Next Illuminate\Contracts\Container\BindingResolutionException: Target class [view] does not exist. in C:\xampp\htdocs\ERP_model\vendor\laravel\framework\src\Illuminate\Container\Container.php:1124
Stack trace:
#0 C:\xampp\htdocs\ERP_model\vendor\laravel\framework\src\Illuminate\Container\Container.php(933): Illuminate\Container\Container->build('view')
#1 C:\xampp\htdocs\ERP_model\vendor\laravel\framework\src\Illuminate\Foundation\Application.php(1078): Illuminate\Container\Container->resolve('view', Array, true)
#2 C:\xampp\htdocs\ERP_model\vendor\laravel\framework\src\Illuminate\Container\Container.php(864): Illuminate\Foundation\Application->resolve('view', Array)
#3 C:\xampp\htdocs\ERP_model\vendor\laravel\framework\src\Illuminate\Foundation\Application.php(1058): Illuminate\Container\Container->make('view', Array)
#4 C:\xampp\htdocs\ERP_model\vendor\laravel\framework\src\Illuminate\Container\Container.php(1805): Illuminate\Foundation\Application->make('view')
#5 C:\xampp\htdocs\ERP_model\vendor\laravel\framework\src\Illuminate\Routing\RoutingServiceProvider.php(177): Illuminate\Container\Container->offsetGet('Illuminate\\Cont...')
#6 C:\xampp\htdocs\ERP_model\vendor\laravel\framework\src\Illuminate\Container\Container.php(1115): Illuminate\Routing\RoutingServiceProvider->Illuminate\Routing\{closure}(Object(Illuminate\Foundation\Application), Array)
#7 C:\xampp\htdocs\ERP_model\vendor\laravel\framework\src\Illuminate\Container\Container.php(933): Illuminate\Container\Container->build(Object(Closure))
#8 C:\xampp\htdocs\ERP_model\vendor\laravel\framework\src\Illuminate\Foundation\Application.php(1078): Illuminate\Container\Container->resolve('Illuminate\\Cont...', Array, true)
#9 C:\xampp\htdocs\ERP_model\vendor\laravel\framework\src\Illuminate\Container\Container.php(864): Illuminate\Foundation\Application->resolve('Illuminate\\Cont...', Array)
#10 C:\xampp\htdocs\ERP_model\vendor\laravel\framework\src\Illuminate\Foundation\Application.php(1058): Illuminate\Container\Container->make('Illuminate\\Cont...', Array)
#11 C:\xampp\htdocs\ERP_model\vendor\laravel\framework\src\Illuminate\Foundation\helpers.php(138): Illuminate\Foundation\Application->make('Illuminate\\Cont...', Array)
#12 C:\xampp\htdocs\ERP_model\vendor\laravel\framework\src\Illuminate\Foundation\helpers.php(850): app('Illuminate\\Cont...')
#13 C:\xampp\htdocs\ERP_model\vendor\laravel\framework\src\Illuminate\Foundation\Exceptions\Handler.php(987): response('<!-- Target cla...', 500, Array)
#14 C:\xampp\htdocs\ERP_model\vendor\laravel\framework\src\Illuminate\Foundation\Exceptions\Handler.php(839): Illuminate\Foundation\Exceptions\Handler->toIlluminateResponse(Object(Symfony\Component\HttpFoundation\Response), Object(Illuminate\Contracts\Container\BindingResolutionException))
#15 C:\xampp\htdocs\ERP_model\vendor\laravel\framework\src\Illuminate\Foundation\Exceptions\Handler.php(738): Illuminate\Foundation\Exceptions\Handler->prepareResponse(Object(Illuminate\Http\Request), Object(Illuminate\Contracts\Container\BindingResolutionException))
#16 C:\xampp\htdocs\ERP_model\vendor\laravel\framework\src\Illuminate\Foundation\Exceptions\Handler.php(626): Illuminate\Foundation\Exceptions\Handler->renderExceptionResponse(Object(Illuminate\Http\Request), Object(Illuminate\Contracts\Container\BindingResolutionException))
#17 C:\xampp\htdocs\ERP_model\vendor\laravel\framework\src\Illuminate\Foundation\Bootstrap\HandleExceptions.php(225): Illuminate\Foundation\Exceptions\Handler->render(Object(Illuminate\Http\Request), Object(Illuminate\Contracts\Container\BindingResolutionException))
#18 C:\xampp\htdocs\ERP_model\vendor\laravel\framework\src\Illuminate\Foundation\Bootstrap\HandleExceptions.php(202): Illuminate\Foundation\Bootstrap\HandleExceptions->renderHttpResponse(Object(Illuminate\Contracts\Container\BindingResolutionException))
#19 C:\xampp\htdocs\ERP_model\vendor\laravel\framework\src\Illuminate\Foundation\Bootstrap\HandleExceptions.php(262): Illuminate\Foundation\Bootstrap\HandleExceptions->handleException(Object(Illuminate\Contracts\Container\BindingResolutionException))
#20 [internal function]: Illuminate\Foundation\Bootstrap\HandleExceptions->Illuminate\Foundation\Bootstrap\{closure}(Object(Illuminate\Contracts\Container\BindingResolutionException))
#21 {main}
  thrown {"exception":"[object] (Symfony\\Component\\ErrorHandler\\Error\\FatalError(code: 0): Uncaught ReflectionException: Class \"view\" does not exist in C:\\xampp\\htdocs\\ERP_model\\vendor\\laravel\\framework\\src\\Illuminate\\Container\\Container.php:1122
Stack trace:
#0 C:\\xampp\\htdocs\\ERP_model\\vendor\\laravel\\framework\\src\\Illuminate\\Container\\Container.php(1122): ReflectionClass->__construct('view')
#1 C:\\xampp\\htdocs\\ERP_model\\vendor\\laravel\\framework\\src\\Illuminate\\Container\\Container.php(933): Illuminate\\Container\\Container->build('view')
#2 C:\\xampp\\htdocs\\ERP_model\\vendor\\laravel\\framework\\src\\Illuminate\\Foundation\\Application.php(1078): Illuminate\\Container\\Container->resolve('view', Array, true)
#3 C:\\xampp\\htdocs\\ERP_model\\vendor\\laravel\\framework\\src\\Illuminate\\Container\\Container.php(864): Illuminate\\Foundation\\Application->resolve('view', Array)
#4 C:\\xampp\\htdocs\\ERP_model\\vendor\\laravel\\framework\\src\\Illuminate\\Foundation\\Application.php(1058): Illuminate\\Container\\Container->make('view', Array)
#5 C:\\xampp\\htdocs\\ERP_model\\vendor\\laravel\\framework\\src\\Illuminate\\Container\\Container.php(1805): Illuminate\\Foundation\\Application->make('view')
#6 C:\\xampp\\htdocs\\ERP_model\\vendor\\laravel\\framework\\src\\Illuminate\\Routing\\RoutingServiceProvider.php(177): Illuminate\\Container\\Container->offsetGet('Illuminate\\\\Cont...')
#7 C:\\xampp\\htdocs\\ERP_model\\vendor\\laravel\\framework\\src\\Illuminate\\Container\\Container.php(1115): Illuminate\\Routing\\RoutingServiceProvider->Illuminate\\Routing\\{closure}(Object(Illuminate\\Foundation\\Application), Array)
#8 C:\\xampp\\htdocs\\ERP_model\\vendor\\laravel\\framework\\src\\Illuminate\\Container\\Container.php(933): Illuminate\\Container\\Container->build(Object(Closure))
#9 C:\\xampp\\htdocs\\ERP_model\\vendor\\laravel\\framework\\src\\Illuminate\\Foundation\\Application.php(1078): Illuminate\\Container\\Container->resolve('Illuminate\\\\Cont...', Array, true)
#10 C:\\xampp\\htdocs\\ERP_model\\vendor\\laravel\\framework\\src\\Illuminate\\Container\\Container.php(864): Illuminate\\Foundation\\Application->resolve('Illuminate\\\\Cont...', Array)
#11 C:\\xampp\\htdocs\\ERP_model\\vendor\\laravel\\framework\\src\\Illuminate\\Foundation\\Application.php(1058): Illuminate\\Container\\Container->make('Illuminate\\\\Cont...', Array)
#12 C:\\xampp\\htdocs\\ERP_model\\vendor\\laravel\\framework\\src\\Illuminate\\Foundation\\helpers.php(138): Illuminate\\Foundation\\Application->make('Illuminate\\\\Cont...', Array)
#13 C:\\xampp\\htdocs\\ERP_model\\vendor\\laravel\\framework\\src\\Illuminate\\Foundation\\helpers.php(850): app('Illuminate\\\\Cont...')
#14 C:\\xampp\\htdocs\\ERP_model\\vendor\\laravel\\framework\\src\\Illuminate\\Foundation\\Exceptions\\Handler.php(987): response('<!-- Target cla...', 500, Array)
#15 C:\\xampp\\htdocs\\ERP_model\\vendor\\laravel\\framework\\src\\Illuminate\\Foundation\\Exceptions\\Handler.php(839): Illuminate\\Foundation\\Exceptions\\Handler->toIlluminateResponse(Object(Symfony\\Component\\HttpFoundation\\Response), Object(Illuminate\\Contracts\\Container\\BindingResolutionException))
#16 C:\\xampp\\htdocs\\ERP_model\\vendor\\laravel\\framework\\src\\Illuminate\\Foundation\\Exceptions\\Handler.php(738): Illuminate\\Foundation\\Exceptions\\Handler->prepareResponse(Object(Illuminate\\Http\\Request), Object(Illuminate\\Contracts\\Container\\BindingResolutionException))
#17 C:\\xampp\\htdocs\\ERP_model\\vendor\\laravel\\framework\\src\\Illuminate\\Foundation\\Exceptions\\Handler.php(626): Illuminate\\Foundation\\Exceptions\\Handler->renderExceptionResponse(Object(Illuminate\\Http\\Request), Object(Illuminate\\Contracts\\Container\\BindingResolutionException))
#18 C:\\xampp\\htdocs\\ERP_model\\vendor\\laravel\\framework\\src\\Illuminate\\Foundation\\Bootstrap\\HandleExceptions.php(225): Illuminate\\Foundation\\Exceptions\\Handler->render(Object(Illuminate\\Http\\Request), Object(Illuminate\\Contracts\\Container\\BindingResolutionException))
#19 C:\\xampp\\htdocs\\ERP_model\\vendor\\laravel\\framework\\src\\Illuminate\\Foundation\\Bootstrap\\HandleExceptions.php(202): Illuminate\\Foundation\\Bootstrap\\HandleExceptions->renderHttpResponse(Object(Illuminate\\Contracts\\Container\\BindingResolutionException))
#20 C:\\xampp\\htdocs\\ERP_model\\vendor\\laravel\\framework\\src\\Illuminate\\Foundation\\Bootstrap\\HandleExceptions.php(262): Illuminate\\Foundation\\Bootstrap\\HandleExceptions->handleException(Object(Illuminate\\Contracts\\Container\\BindingResolutionException))
#21 [internal function]: Illuminate\\Foundation\\Bootstrap\\HandleExceptions->Illuminate\\Foundation\\Bootstrap\\{closure}(Object(Illuminate\\Contracts\\Container\\BindingResolutionException))
#22 {main}

Next Illuminate\\Contracts\\Container\\BindingResolutionException: Target class [view] does not exist. in C:\\xampp\\htdocs\\ERP_model\\vendor\\laravel\\framework\\src\\Illuminate\\Container\\Container.php:1124
Stack trace:
#0 C:\\xampp\\htdocs\\ERP_model\\vendor\\laravel\\framework\\src\\Illuminate\\Container\\Container.php(933): Illuminate\\Container\\Container->build('view')
#1 C:\\xampp\\htdocs\\ERP_model\\vendor\\laravel\\framework\\src\\Illuminate\\Foundation\\Application.php(1078): Illuminate\\Container\\Container->resolve('view', Array, true)
#2 C:\\xampp\\htdocs\\ERP_model\\vendor\\laravel\\framework\\src\\Illuminate\\Container\\Container.php(864): Illuminate\\Foundation\\Application->resolve('view', Array)
#3 C:\\xampp\\htdocs\\ERP_model\\vendor\\laravel\\framework\\src\\Illuminate\\Foundation\\Application.php(1058): Illuminate\\Container\\Container->make('view', Array)
#4 C:\\xampp\\htdocs\\ERP_model\\vendor\\laravel\\framework\\src\\Illuminate\\Container\\Container.php(1805): Illuminate\\Foundation\\Application->make('view')
#5 C:\\xampp\\htdocs\\ERP_model\\vendor\\laravel\\framework\\src\\Illuminate\\Routing\\RoutingServiceProvider.php(177): Illuminate\\Container\\Container->offsetGet('Illuminate\\\\Cont...')
#6 C:\\xampp\\htdocs\\ERP_model\\vendor\\laravel\\framework\\src\\Illuminate\\Container\\Container.php(1115): Illuminate\\Routing\\RoutingServiceProvider->Illuminate\\Routing\\{closure}(Object(Illuminate\\Foundation\\Application), Array)
#7 C:\\xampp\\htdocs\\ERP_model\\vendor\\laravel\\framework\\src\\Illuminate\\Container\\Container.php(933): Illuminate\\Container\\Container->build(Object(Closure))
#8 C:\\xampp\\htdocs\\ERP_model\\vendor\\laravel\\framework\\src\\Illuminate\\Foundation\\Application.php(1078): Illuminate\\Container\\Container->resolve('Illuminate\\\\Cont...', Array, true)
#9 C:\\xampp\\htdocs\\ERP_model\\vendor\\laravel\\framework\\src\\Illuminate\\Container\\Container.php(864): Illuminate\\Foundation\\Application->resolve('Illuminate\\\\Cont...', Array)
#10 C:\\xampp\\htdocs\\ERP_model\\vendor\\laravel\\framework\\src\\Illuminate\\Foundation\\Application.php(1058): Illuminate\\Container\\Container->make('Illuminate\\\\Cont...', Array)
#11 C:\\xampp\\htdocs\\ERP_model\\vendor\\laravel\\framework\\src\\Illuminate\\Foundation\\helpers.php(138): Illuminate\\Foundation\\Application->make('Illuminate\\\\Cont...', Array)
#12 C:\\xampp\\htdocs\\ERP_model\\vendor\\laravel\\framework\\src\\Illuminate\\Foundation\\helpers.php(850): app('Illuminate\\\\Cont...')
#13 C:\\xampp\\htdocs\\ERP_model\\vendor\\laravel\\framework\\src\\Illuminate\\Foundation\\Exceptions\\Handler.php(987): response('<!-- Target cla...', 500, Array)
#14 C:\\xampp\\htdocs\\ERP_model\\vendor\\laravel\\framework\\src\\Illuminate\\Foundation\\Exceptions\\Handler.php(839): Illuminate\\Foundation\\Exceptions\\Handler->toIlluminateResponse(Object(Symfony\\Component\\HttpFoundation\\Response), Object(Illuminate\\Contracts\\Container\\BindingResolutionException))
#15 C:\\xampp\\htdocs\\ERP_model\\vendor\\laravel\\framework\\src\\Illuminate\\Foundation\\Exceptions\\Handler.php(738): Illuminate\\Foundation\\Exceptions\\Handler->prepareResponse(Object(Illuminate\\Http\\Request), Object(Illuminate\\Contracts\\Container\\BindingResolutionException))
#16 C:\\xampp\\htdocs\\ERP_model\\vendor\\laravel\\framework\\src\\Illuminate\\Foundation\\Exceptions\\Handler.php(626): Illuminate\\Foundation\\Exceptions\\Handler->renderExceptionResponse(Object(Illuminate\\Http\\Request), Object(Illuminate\\Contracts\\Container\\BindingResolutionException))
#17 C:\\xampp\\htdocs\\ERP_model\\vendor\\laravel\\framework\\src\\Illuminate\\Foundation\\Bootstrap\\HandleExceptions.php(225): Illuminate\\Foundation\\Exceptions\\Handler->render(Object(Illuminate\\Http\\Request), Object(Illuminate\\Contracts\\Container\\BindingResolutionException))
#18 C:\\xampp\\htdocs\\ERP_model\\vendor\\laravel\\framework\\src\\Illuminate\\Foundation\\Bootstrap\\HandleExceptions.php(202): Illuminate\\Foundation\\Bootstrap\\HandleExceptions->renderHttpResponse(Object(Illuminate\\Contracts\\Container\\BindingResolutionException))
#19 C:\\xampp\\htdocs\\ERP_model\\vendor\\laravel\\framework\\src\\Illuminate\\Foundation\\Bootstrap\\HandleExceptions.php(262): Illuminate\\Foundation\\Bootstrap\\HandleExceptions->handleException(Object(Illuminate\\Contracts\\Container\\BindingResolutionException))
#20 [internal function]: Illuminate\\Foundation\\Bootstrap\\HandleExceptions->Illuminate\\Foundation\\Bootstrap\\{closure}(Object(Illuminate\\Contracts\\Container\\BindingResolutionException))
#21 {main}
  thrown at C:/xampp/htdocs/ERP_model/vendor/laravel/framework/src/Illuminate/Container/Container.php:1124)
[stacktrace]
#0 {main}
"} 
[2026-06-19 06:47:59] local.ERROR: Target class [files] does not exist. {"exception":"[object] (Illuminate\\Contracts\\Container\\BindingResolutionException(code: 0): Target class [files] does not exist. at C:/xampp/htdocs/ERP_model/vendor/laravel/framework/src/Illuminate/Container/Container.php:1124)
[stacktrace]
#0 C:/xampp/htdocs/ERP_model/vendor/laravel/framework/src/Illuminate/Container/Container.php(933): Illuminate/Container/Container->build('files')
#1 C:/xampp/htdocs/ERP_model/vendor/laravel/framework/src/Illuminate/Foundation/Application.php(1078): Illuminate/Container/Container->resolve('files', Array, true)
#2 C:/xampp/htdocs/ERP_model/vendor/laravel/framework/src/Illuminate/Container/Container.php(864): Illuminate/Foundation/Application->resolve('files', Array)
#3 C:/xampp/htdocs/ERP_model/vendor/laravel/framework/src/Illuminate/Foundation/Application.php(1058): Illuminate/Container/Container->make('files', Array)
#4 C:/xampp/htdocs/ERP_model/vendor/laravel/framework/src/Illuminate/Container/Container.php(1805): Illuminate/Foundation/Application->make('files')
#5 C:/xampp/htdocs/ERP_model/vendor/laravel/framework/src/Illuminate/Foundation/Application.php(1358): Illuminate/Container/Container->offsetGet('files')
#6 C:/xampp/htdocs/ERP_model/vendor/laravel/framework/src/Illuminate/Foundation/Support/Providers/EventServiceProvider.php(107): Illuminate/Foundation/Application->eventsAreCached()
#7 C:/xampp/htdocs/ERP_model/vendor/laravel/framework/src/Illuminate/Foundation/Support/Providers/EventServiceProvider.php(58): Illuminate/Foundation/Support/Providers/EventServiceProvider->getEvents()
#8 C:/xampp/htdocs/ERP_model/vendor/laravel/framework/src/Illuminate/Container/BoundMethod.php(36): Illuminate/Foundation/Support/Providers/EventServiceProvider->Illuminate/Foundation/Support/Providers/{closure}()
#9 C:/xampp/htdocs/ERP_model/vendor/laravel/framework/src/Illuminate/Container/Util.php(43): Illuminate/Container/BoundMethod::Illuminate/Container/{closure}()
#10 C:/xampp/htdocs/ERP_model/vendor/laravel/framework/src/Illuminate/Container/BoundMethod.php(84): Illuminate/Container/Util::unwrapIfClosure(Object(Closure))
#11 C:/xampp/htdocs/ERP_model/vendor/laravel/framework/src/Illuminate/Container/BoundMethod.php(35): Illuminate/Container/BoundMethod::callBoundMethod(Object(Illuminate/Foundation/Application), Object(Closure), Object(Closure))
#12 C:/xampp/htdocs/ERP_model/vendor/laravel/framework/src/Illuminate/Container/Container.php(799): Illuminate/Container/BoundMethod::call(Object(Illuminate/Foundation/Application), Object(Closure), Array, NULL)
#13 C:/xampp/htdocs/ERP_model/vendor/laravel/framework/src/Illuminate/Support/ServiceProvider.php(134): Illuminate/Container/Container->call(Object(Closure))
#14 C:/xampp/htdocs/ERP_model/vendor/laravel/framework/src/Illuminate/Foundation/Application.php(1148): Illuminate/Support/ServiceProvider->callBootingCallbacks()
#15 C:/xampp/htdocs/ERP_model/vendor/laravel/framework/src/Illuminate/Foundation/Application.php(1132): Illuminate/Foundation/Application->bootProvider(Object(Illuminate/Foundation/Support/Providers/EventServiceProvider))
#16 [internal function]: Illuminate/Foundation/Application->Illuminate/Foundation/{closure}(Object(Illuminate/Foundation/Support/Providers/EventServiceProvider), 'Illuminate//Foun...')
#17 C:/xampp/htdocs/ERP_model/vendor/laravel/framework/src/Illuminate/Foundation/Application.php(1131): array_walk(Array, Object(Closure))
#18 C:/xampp/htdocs/ERP_model/vendor/laravel/framework/src/Illuminate/Foundation/Bootstrap/BootProviders.php(17): Illuminate/Foundation/Application->boot()
#19 C:/xampp/htdocs/ERP_model/vendor/laravel/framework/src/Illuminate/Foundation/Application.php(342): Illuminate/Foundation/Bootstrap/BootProviders->bootstrap(Object(Illuminate/Foundation/Application))
#20 C:/xampp/htdocs/ERP_model/vendor/laravel/framework/src/Illuminate/Foundation/Http/Kernel.php(186): Illuminate/Foundation/Application->bootstrapWith(Array)
#21 C:/xampp/htdocs/ERP_model/vendor/laravel/framework/src/Illuminate/Foundation/Http/Kernel.php(170): Illuminate/Foundation/Http/Kernel->bootstrap()
#22 C:/xampp/htdocs/ERP_model/vendor/laravel/framework/src/Illuminate/Foundation/Http/Kernel.php(144): Illuminate/Foundation/Http/Kernel->sendRequestThroughRouter(Object(Illuminate/Http/Request))
#23 C:/xampp/htdocs/ERP_model/vendor/laravel/framework/src/Illuminate/Foundation/Application.php(1220): Illuminate/Foundation/Http/Kernel->handle(Object(Illuminate/Http/Request))
#24 C:/xampp/htdocs/ERP_model/public/index.php(20): Illuminate/Foundation/Application->handleRequest(Object(Illuminate/Http/Request))
#25 C:/xampp/htdocs/ERP_model/vendor/laravel/framework/src/Illuminate/Foundation/resources/server.php(23): require_once('C://xampp//htdocs...')
#26 {main}

[previous exception] [object] (ReflectionException(code: -1): Class \"files\" does not exist at C:/xampp/htdocs/ERP_model/vendor/laravel/framework/src/Illuminate/Container/Container.php:1122)
[stacktrace]
#0 C:/xampp/htdocs/ERP_model/vendor/laravel/framework/src/Illuminate/Container/Container.php(1122): ReflectionClass->__construct('files')
#1 C:/xampp/htdocs/ERP_model/vendor/laravel/framework/src/Illuminate/Container/Container.php(933): Illuminate/Container/Container->build('files')
#2 C:/xampp/htdocs/ERP_model/vendor/laravel/framework/src/Illuminate/Foundation/Application.php(1078): Illuminate/Container/Container->resolve('files', Array, true)
#3 C:/xampp/htdocs/ERP_model/vendor/laravel/framework/src/Illuminate/Container/Container.php(864): Illuminate/Foundation/Application->resolve('files', Array)
#4 C:/xampp/htdocs/ERP_model/vendor/laravel/framework/src/Illuminate/Foundation/Application.php(1058): Illuminate/Container/Container->make('files', Array)
#5 C:/xampp/htdocs/ERP_model/vendor/laravel/framework/src/Illuminate/Container/Container.php(1805): Illuminate/Foundation/Application->make('files')
#6 C:/xampp/htdocs/ERP_model/vendor/laravel/framework/src/Illuminate/Foundation/Application.php(1358): Illuminate/Container/Container->offsetGet('files')
#7 C:/xampp/htdocs/ERP_model/vendor/laravel/framework/src/Illuminate/Foundation/Support/Providers/EventServiceProvider.php(107): Illuminate/Foundation/Application->eventsAreCached()
#8 C:/xampp/htdocs/ERP_model/vendor/laravel/framework/src/Illuminate/Foundation/Support/Providers/EventServiceProvider.php(58): Illuminate/Foundation/Support/Providers/EventServiceProvider->getEvents()
#9 C:/xampp/htdocs/ERP_model/vendor/laravel/framework/src/Illuminate/Container/BoundMethod.php(36): Illuminate/Foundation/Support/Providers/EventServiceProvider->Illuminate/Foundation/Support/Providers/{closure}()
#10 C:/xampp/htdocs/ERP_model/vendor/laravel/framework/src/Illuminate/Container/Util.php(43): Illuminate/Container/BoundMethod::Illuminate/Container/{closure}()
#11 C:/xampp/htdocs/ERP_model/vendor/laravel/framework/src/Illuminate/Container/BoundMethod.php(84): Illuminate/Container/Util::unwrapIfClosure(Object(Closure))
#12 C:/xampp/htdocs/ERP_model/vendor/laravel/framework/src/Illuminate/Container/BoundMethod.php(35): Illuminate/Container/BoundMethod::callBoundMethod(Object(Illuminate/Foundation/Application), Object(Closure), Object(Closure))
#13 C:/xampp/htdocs/ERP_model/vendor/laravel/framework/src/Illuminate/Container/Container.php(799): Illuminate/Container/BoundMethod::call(Object(Illuminate/Foundation/Application), Object(Closure), Array, NULL)
#14 C:/xampp/htdocs/ERP_model/vendor/laravel/framework/src/Illuminate/Support/ServiceProvider.php(134): Illuminate/Container/Container->call(Object(Closure))
#15 C:/xampp/htdocs/ERP_model/vendor/laravel/framework/src/Illuminate/Foundation/Application.php(1148): Illuminate/Support/ServiceProvider->callBootingCallbacks()
#16 C:/xampp/htdocs/ERP_model/vendor/laravel/framework/src/Illuminate/Foundation/Application.php(1132): Illuminate/Foundation/Application->bootProvider(Object(Illuminate/Foundation/Support/Providers/EventServiceProvider))
#17 [internal function]: Illuminate/Foundation/Application->Illuminate/Foundation/{closure}(Object(Illuminate/Foundation/Support/Providers/EventServiceProvider), 'Illuminate//Foun...')
#18 C:/xampp/htdocs/ERP_model/vendor/laravel/framework/src/Illuminate/Foundation/Application.php(1131): array_walk(Array, Object(Closure))
#19 C:/xampp/htdocs/ERP_model/vendor/laravel/framework/src/Illuminate/Foundation/Bootstrap/BootProviders.php(17): Illuminate/Foundation/Application->boot()
#20 C:/xampp/htdocs/ERP_model/vendor/laravel/framework/src/Illuminate/Foundation/Application.php(342): Illuminate/Foundation/Bootstrap/BootProviders->bootstrap(Object(Illuminate/Foundation/Application))
#21 C:/xampp/htdocs/ERP_model/vendor/laravel/framework/src/Illuminate/Foundation/Http/Kernel.php(186): Illuminate/Foundation/Application->bootstrapWith(Array)
#22 C:/xampp/htdocs/ERP_model/vendor/laravel/framework/src/Illuminate/Foundation/Http/Kernel.php(170): Illuminate/Foundation/Http/Kernel->bootstrap()
#23 C:/xampp/htdocs/ERP_model/vendor/laravel/framework/src/Illuminate/Foundation/Http/Kernel.php(144): Illuminate/Foundation/Http/Kernel->sendRequestThroughRouter(Object(Illuminate/Http/Request))
#24 C:/xampp/htdocs/ERP_model/vendor/laravel/framework/src/Illuminate/Foundation/Application.php(1220): Illuminate/Foundation/Http/Kernel->handle(Object(Illuminate/Http/Request))
#25 C:/xampp/htdocs/ERP_model/public/index.php(20): Illuminate/Foundation/Application->handleRequest(Object(Illuminate/Http/Request))
#26 C:/xampp/htdocs/ERP_model/vendor/laravel/framework/src/Illuminate/Foundation/resources/server.php(23): require_once('C://xampp//htdocs...')
#27 {main}
"} 
[2026-06-19 06:47:59] local.ERROR: Target class [view] does not exist. {"exception":"[object] (Illuminate\\Contracts\\Container\\BindingResolutionException(code: 0): Target class [view] does not exist. at C:/xampp/htdocs/ERP_model/vendor/laravel/framework/src/Illuminate/Container/Container.php:1124)
[stacktrace]
#0 C:/xampp/htdocs/ERP_model/vendor/laravel/framework/src/Illuminate/Container/Container.php(933): Illuminate/Container/Container->build('view')
#1 C:/xampp/htdocs/ERP_model/vendor/laravel/framework/src/Illuminate/Foundation/Application.php(1078): Illuminate/Container/Container->resolve('view', Array, true)
#2 C:/xampp/htdocs/ERP_model/vendor/laravel/framework/src/Illuminate/Container/Container.php(864): Illuminate/Foundation/Application->resolve('view', Array)
#3 C:/xampp/htdocs/ERP_model/vendor/laravel/framework/src/Illuminate/Foundation/Application.php(1058): Illuminate/Container/Container->make('view', Array)
#4 C:/xampp/htdocs/ERP_model/vendor/laravel/framework/src/Illuminate/Container/Container.php(1805): Illuminate/Foundation/Application->make('view')
#5 C:/xampp/htdocs/ERP_model/vendor/laravel/framework/src/Illuminate/Routing/RoutingServiceProvider.php(177): Illuminate/Container/Container->offsetGet('Illuminate//Cont...')
#6 C:/xampp/htdocs/ERP_model/vendor/laravel/framework/src/Illuminate/Container/Container.php(1115): Illuminate/Routing/RoutingServiceProvider->Illuminate/Routing/{closure}(Object(Illuminate/Foundation/Application), Array)
#7 C:/xampp/htdocs/ERP_model/vendor/laravel/framework/src/Illuminate/Container/Container.php(933): Illuminate/Container/Container->build(Object(Closure))
#8 C:/xampp/htdocs/ERP_model/vendor/laravel/framework/src/Illuminate/Foundation/Application.php(1078): Illuminate/Container/Container->resolve('Illuminate//Cont...', Array, true)
#9 C:/xampp/htdocs/ERP_model/vendor/laravel/framework/src/Illuminate/Container/Container.php(864): Illuminate/Foundation/Application->resolve('Illuminate//Cont...', Array)
#10 C:/xampp/htdocs/ERP_model/vendor/laravel/framework/src/Illuminate/Foundation/Application.php(1058): Illuminate/Container/Container->make('Illuminate//Cont...', Array)
#11 C:/xampp/htdocs/ERP_model/vendor/laravel/framework/src/Illuminate/Foundation/helpers.php(138): Illuminate/Foundation/Application->make('Illuminate//Cont...', Array)
#12 C:/xampp/htdocs/ERP_model/vendor/laravel/framework/src/Illuminate/Foundation/helpers.php(850): app('Illuminate//Cont...')
#13 C:/xampp/htdocs/ERP_model/vendor/laravel/framework/src/Illuminate/Foundation/Exceptions/Handler.php(987): response('<!-- Target cla...', 500, Array)
#14 C:/xampp/htdocs/ERP_model/vendor/laravel/framework/src/Illuminate/Foundation/Exceptions/Handler.php(839): Illuminate/Foundation/Exceptions/Handler->toIlluminateResponse(Object(Symfony/Component/HttpFoundation/Response), Object(Illuminate/Contracts/Container/BindingResolutionException))
#15 C:/xampp/htdocs/ERP_model/vendor/laravel/framework/src/Illuminate/Foundation/Exceptions/Handler.php(738): Illuminate/Foundation/Exceptions/Handler->prepareResponse(Object(Illuminate/Http/Request), Object(Illuminate/Contracts/Container/BindingResolutionException))
#16 C:/xampp/htdocs/ERP_model/vendor/laravel/framework/src/Illuminate/Foundation/Exceptions/Handler.php(626): Illuminate/Foundation/Exceptions/Handler->renderExceptionResponse(Object(Illuminate/Http/Request), Object(Illuminate/Contracts/Container/BindingResolutionException))
#17 C:/xampp/htdocs/ERP_model/vendor/laravel/framework/src/Illuminate/Foundation/Http/Kernel.php(574): Illuminate/Foundation/Exceptions/Handler->render(Object(Illuminate/Http/Request), Object(Illuminate/Contracts/Container/BindingResolutionException))
#18 C:/xampp/htdocs/ERP_model/vendor/laravel/framework/src/Illuminate/Foundation/Http/Kernel.php(148): Illuminate/Foundation/Http/Kernel->renderException(Object(Illuminate/Http/Request), Object(Illuminate/Contracts/Container/BindingResolutionException))
#19 C:/xampp/htdocs/ERP_model/vendor/laravel/framework/src/Illuminate/Foundation/Application.php(1220): Illuminate/Foundation/Http/Kernel->handle(Object(Illuminate/Http/Request))
#20 C:/xampp/htdocs/ERP_model/public/index.php(20): Illuminate/Foundation/Application->handleRequest(Object(Illuminate/Http/Request))
#21 C:/xampp/htdocs/ERP_model/vendor/laravel/framework/src/Illuminate/Foundation/resources/server.php(23): require_once('C://xampp//htdocs...')
#22 {main}

[previous exception] [object] (ReflectionException(code: -1): Class \"view\" does not exist at C:/xampp/htdocs/ERP_model/vendor/laravel/framework/src/Illuminate/Container/Container.php:1122)
[stacktrace]
#0 C:/xampp/htdocs/ERP_model/vendor/laravel/framework/src/Illuminate/Container/Container.php(1122): ReflectionClass->__construct('view')
#1 C:/xampp/htdocs/ERP_model/vendor/laravel/framework/src/Illuminate/Container/Container.php(933): Illuminate/Container/Container->build('view')
#2 C:/xampp/htdocs/ERP_model/vendor/laravel/framework/src/Illuminate/Foundation/Application.php(1078): Illuminate/Container/Container->resolve('view', Array, true)
#3 C:/xampp/htdocs/ERP_model/vendor/laravel/framework/src/Illuminate/Container/Container.php(864): Illuminate/Foundation/Application->resolve('view', Array)
#4 C:/xampp/htdocs/ERP_model/vendor/laravel/framework/src/Illuminate/Foundation/Application.php(1058): Illuminate/Container/Container->make('view', Array)
#5 C:/xampp/htdocs/ERP_model/vendor/laravel/framework/src/Illuminate/Container/Container.php(1805): Illuminate/Foundation/Application->make('view')
#6 C:/xampp/htdocs/ERP_model/vendor/laravel/framework/src/Illuminate/Routing/RoutingServiceProvider.php(177): Illuminate/Container/Container->offsetGet('Illuminate//Cont...')
#7 C:/xampp/htdocs/ERP_model/vendor/laravel/framework/src/Illuminate/Container/Container.php(1115): Illuminate/Routing/RoutingServiceProvider->Illuminate/Routing/{closure}(Object(Illuminate/Foundation/Application), Array)
#8 C:/xampp/htdocs/ERP_model/vendor/laravel/framework/src/Illuminate/Container/Container.php(933): Illuminate/Container/Container->build(Object(Closure))
#9 C:/xampp/htdocs/ERP_model/vendor/laravel/framework/src/Illuminate/Foundation/Application.php(1078): Illuminate/Container/Container->resolve('Illuminate//Cont...', Array, true)
#10 C:/xampp/htdocs/ERP_model/vendor/laravel/framework/src/Illuminate/Container/Container.php(864): Illuminate/Foundation/Application->resolve('Illuminate//Cont...', Array)
#11 C:/xampp/htdocs/ERP_model/vendor/laravel/framework/src/Illuminate/Foundation/Application.php(1058): Illuminate/Container/Container->make('Illuminate//Cont...', Array)
#12 C:/xampp/htdocs/ERP_model/vendor/laravel/framework/src/Illuminate/Foundation/helpers.php(138): Illuminate/Foundation/Application->make('Illuminate//Cont...', Array)
#13 C:/xampp/htdocs/ERP_model/vendor/laravel/framework/src/Illuminate/Foundation/helpers.php(850): app('Illuminate//Cont...')
#14 C:/xampp/htdocs/ERP_model/vendor/laravel/framework/src/Illuminate/Foundation/Exceptions/Handler.php(987): response('<!-- Target cla...', 500, Array)
#15 C:/xampp/htdocs/ERP_model/vendor/laravel/framework/src/Illuminate/Foundation/Exceptions/Handler.php(839): Illuminate/Foundation/Exceptions/Handler->toIlluminateResponse(Object(Symfony/Component/HttpFoundation/Response), Object(Illuminate/Contracts/Container/BindingResolutionException))
#16 C:/xampp/htdocs/ERP_model/vendor/laravel/framework/src/Illuminate/Foundation/Exceptions/Handler.php(738): Illuminate/Foundation/Exceptions/Handler->prepareResponse(Object(Illuminate/Http/Request), Object(Illuminate/Contracts/Container/BindingResolutionException))
#17 C:/xampp/htdocs/ERP_model/vendor/laravel/framework/src/Illuminate/Foundation/Exceptions/Handler.php(626): Illuminate/Foundation/Exceptions/Handler->renderExceptionResponse(Object(Illuminate/Http/Request), Object(Illuminate/Contracts/Container/BindingResolutionException))
#18 C:/xampp/htdocs/ERP_model/vendor/laravel/framework/src/Illuminate/Foundation/Http/Kernel.php(574): Illuminate/Foundation/Exceptions/Handler->render(Object(Illuminate/Http/Request), Object(Illuminate/Contracts/Container/BindingResolutionException))
#19 C:/xampp/htdocs/ERP_model/vendor/laravel/framework/src/Illuminate/Foundation/Http/Kernel.php(148): Illuminate/Foundation/Http/Kernel->renderException(Object(Illuminate/Http/Request), Object(Illuminate/Contracts/Container/BindingResolutionException))
#20 C:/xampp/htdocs/ERP_model/vendor/laravel/framework/src/Illuminate/Foundation/Application.php(1220): Illuminate/Foundation/Http/Kernel->handle(Object(Illuminate/Http/Request))
#21 C:/xampp/htdocs/ERP_model/public/index.php(20): Illuminate/Foundation/Application->handleRequest(Object(Illuminate/Http/Request))
#22 C:/xampp/htdocs/ERP_model/vendor/laravel/framework/src/Illuminate/Foundation/resources/server.php(23): require_once('C://xampp//htdocs...')
#23 {main}
"} 
[2026-06-19 06:47:59] local.ERROR: Uncaught ReflectionException: Class "view" does not exist in C:\xampp\htdocs\ERP_model\vendor\laravel\framework\src\Illuminate\Container\Container.php:1122
Stack trace:
#0 C:\xampp\htdocs\ERP_model\vendor\laravel\framework\src\Illuminate\Container\Container.php(1122): ReflectionClass->__construct('view')
#1 C:\xampp\htdocs\ERP_model\vendor\laravel\framework\src\Illuminate\Container\Container.php(933): Illuminate\Container\Container->build('view')
#2 C:\xampp\htdocs\ERP_model\vendor\laravel\framework\src\Illuminate\Foundation\Application.php(1078): Illuminate\Container\Container->resolve('view', Array, true)
#3 C:\xampp\htdocs\ERP_model\vendor\laravel\framework\src\Illuminate\Container\Container.php(864): Illuminate\Foundation\Application->resolve('view', Array)
#4 C:\xampp\htdocs\ERP_model\vendor\laravel\framework\src\Illuminate\Foundation\Application.php(1058): Illuminate\Container\Container->make('view', Array)
#5 C:\xampp\htdocs\ERP_model\vendor\laravel\framework\src\Illuminate\Container\Container.php(1805): Illuminate\Foundation\Application->make('view')
#6 C:\xampp\htdocs\ERP_model\vendor\laravel\framework\src\Illuminate\Routing\RoutingServiceProvider.php(177): Illuminate\Container\Container->offsetGet('Illuminate\\Cont...')
#7 C:\xampp\htdocs\ERP_model\vendor\laravel\framework\src\Illuminate\Container\Container.php(1115): Illuminate\Routing\RoutingServiceProvider->Illuminate\Routing\{closure}(Object(Illuminate\Foundation\Application), Array)
#8 C:\xampp\htdocs\ERP_model\vendor\laravel\framework\src\Illuminate\Container\Container.php(933): Illuminate\Container\Container->build(Object(Closure))
#9 C:\xampp\htdocs\ERP_model\vendor\laravel\framework\src\Illuminate\Foundation\Application.php(1078): Illuminate\Container\Container->resolve('Illuminate\\Cont...', Array, true)
#10 C:\xampp\htdocs\ERP_model\vendor\laravel\framework\src\Illuminate\Container\Container.php(864): Illuminate\Foundation\Application->resolve('Illuminate\\Cont...', Array)
#11 C:\xampp\htdocs\ERP_model\vendor\laravel\framework\src\Illuminate\Foundation\Application.php(1058): Illuminate\Container\Container->make('Illuminate\\Cont...', Array)
#12 C:\xampp\htdocs\ERP_model\vendor\laravel\framework\src\Illuminate\Foundation\helpers.php(138): Illuminate\Foundation\Application->make('Illuminate\\Cont...', Array)
#13 C:\xampp\htdocs\ERP_model\vendor\laravel\framework\src\Illuminate\Foundation\helpers.php(850): app('Illuminate\\Cont...')
#14 C:\xampp\htdocs\ERP_model\vendor\laravel\framework\src\Illuminate\Foundation\Exceptions\Handler.php(987): response('<!-- Target cla...', 500, Array)
#15 C:\xampp\htdocs\ERP_model\vendor\laravel\framework\src\Illuminate\Foundation\Exceptions\Handler.php(839): Illuminate\Foundation\Exceptions\Handler->toIlluminateResponse(Object(Symfony\Component\HttpFoundation\Response), Object(Illuminate\Contracts\Container\BindingResolutionException))
#16 C:\xampp\htdocs\ERP_model\vendor\laravel\framework\src\Illuminate\Foundation\Exceptions\Handler.php(738): Illuminate\Foundation\Exceptions\Handler->prepareResponse(Object(Illuminate\Http\Request), Object(Illuminate\Contracts\Container\BindingResolutionException))
#17 C:\xampp\htdocs\ERP_model\vendor\laravel\framework\src\Illuminate\Foundation\Exceptions\Handler.php(626): Illuminate\Foundation\Exceptions\Handler->renderExceptionResponse(Object(Illuminate\Http\Request), Object(Illuminate\Contracts\Container\BindingResolutionException))
#18 C:\xampp\htdocs\ERP_model\vendor\laravel\framework\src\Illuminate\Foundation\Bootstrap\HandleExceptions.php(225): Illuminate\Foundation\Exceptions\Handler->render(Object(Illuminate\Http\Request), Object(Illuminate\Contracts\Container\BindingResolutionException))
#19 C:\xampp\htdocs\ERP_model\vendor\laravel\framework\src\Illuminate\Foundation\Bootstrap\HandleExceptions.php(202): Illuminate\Foundation\Bootstrap\HandleExceptions->renderHttpResponse(Object(Illuminate\Contracts\Container\BindingResolutionException))
#20 C:\xampp\htdocs\ERP_model\vendor\laravel\framework\src\Illuminate\Foundation\Bootstrap\HandleExceptions.php(262): Illuminate\Foundation\Bootstrap\HandleExceptions->handleException(Object(Illuminate\Contracts\Container\BindingResolutionException))
#21 [internal function]: Illuminate\Foundation\Bootstrap\HandleExceptions->Illuminate\Foundation\Bootstrap\{closure}(Object(Illuminate\Contracts\Container\BindingResolutionException))
#22 {main}

Next Illuminate\Contracts\Container\BindingResolutionException: Target class [view] does not exist. in C:\xampp\htdocs\ERP_model\vendor\laravel\framework\src\Illuminate\Container\Container.php:1124
Stack trace:
#0 C:\xampp\htdocs\ERP_model\vendor\laravel\framework\src\Illuminate\Container\Container.php(933): Illuminate\Container\Container->build('view')
#1 C:\xampp\htdocs\ERP_model\vendor\laravel\framework\src\Illuminate\Foundation\Application.php(1078): Illuminate\Container\Container->resolve('view', Array, true)
#2 C:\xampp\htdocs\ERP_model\vendor\laravel\framework\src\Illuminate\Container\Container.php(864): Illuminate\Foundation\Application->resolve('view', Array)
#3 C:\xampp\htdocs\ERP_model\vendor\laravel\framework\src\Illuminate\Foundation\Application.php(1058): Illuminate\Container\Container->make('view', Array)
#4 C:\xampp\htdocs\ERP_model\vendor\laravel\framework\src\Illuminate\Container\Container.php(1805): Illuminate\Foundation\Application->make('view')
#5 C:\xampp\htdocs\ERP_model\vendor\laravel\framework\src\Illuminate\Routing\RoutingServiceProvider.php(177): Illuminate\Container\Container->offsetGet('Illuminate\\Cont...')
#6 C:\xampp\htdocs\ERP_model\vendor\laravel\framework\src\Illuminate\Container\Container.php(1115): Illuminate\Routing\RoutingServiceProvider->Illuminate\Routing\{closure}(Object(Illuminate\Foundation\Application), Array)
#7 C:\xampp\htdocs\ERP_model\vendor\laravel\framework\src\Illuminate\Container\Container.php(933): Illuminate\Container\Container->build(Object(Closure))
#8 C:\xampp\htdocs\ERP_model\vendor\laravel\framework\src\Illuminate\Foundation\Application.php(1078): Illuminate\Container\Container->resolve('Illuminate\\Cont...', Array, true)
#9 C:\xampp\htdocs\ERP_model\vendor\laravel\framework\src\Illuminate\Container\Container.php(864): Illuminate\Foundation\Application->resolve('Illuminate\\Cont...', Array)
#10 C:\xampp\htdocs\ERP_model\vendor\laravel\framework\src\Illuminate\Foundation\Application.php(1058): Illuminate\Container\Container->make('Illuminate\\Cont...', Array)
#11 C:\xampp\htdocs\ERP_model\vendor\laravel\framework\src\Illuminate\Foundation\helpers.php(138): Illuminate\Foundation\Application->make('Illuminate\\Cont...', Array)
#12 C:\xampp\htdocs\ERP_model\vendor\laravel\framework\src\Illuminate\Foundation\helpers.php(850): app('Illuminate\\Cont...')
#13 C:\xampp\htdocs\ERP_model\vendor\laravel\framework\src\Illuminate\Foundation\Exceptions\Handler.php(987): response('<!-- Target cla...', 500, Array)
#14 C:\xampp\htdocs\ERP_model\vendor\laravel\framework\src\Illuminate\Foundation\Exceptions\Handler.php(839): Illuminate\Foundation\Exceptions\Handler->toIlluminateResponse(Object(Symfony\Component\HttpFoundation\Response), Object(Illuminate\Contracts\Container\BindingResolutionException))
#15 C:\xampp\htdocs\ERP_model\vendor\laravel\framework\src\Illuminate\Foundation\Exceptions\Handler.php(738): Illuminate\Foundation\Exceptions\Handler->prepareResponse(Object(Illuminate\Http\Request), Object(Illuminate\Contracts\Container\BindingResolutionException))
#16 C:\xampp\htdocs\ERP_model\vendor\laravel\framework\src\Illuminate\Foundation\Exceptions\Handler.php(626): Illuminate\Foundation\Exceptions\Handler->renderExceptionResponse(Object(Illuminate\Http\Request), Object(Illuminate\Contracts\Container\BindingResolutionException))
#17 C:\xampp\htdocs\ERP_model\vendor\laravel\framework\src\Illuminate\Foundation\Bootstrap\HandleExceptions.php(225): Illuminate\Foundation\Exceptions\Handler->render(Object(Illuminate\Http\Request), Object(Illuminate\Contracts\Container\BindingResolutionException))
#18 C:\xampp\htdocs\ERP_model\vendor\laravel\framework\src\Illuminate\Foundation\Bootstrap\HandleExceptions.php(202): Illuminate\Foundation\Bootstrap\HandleExceptions->renderHttpResponse(Object(Illuminate\Contracts\Container\BindingResolutionException))
#19 C:\xampp\htdocs\ERP_model\vendor\laravel\framework\src\Illuminate\Foundation\Bootstrap\HandleExceptions.php(262): Illuminate\Foundation\Bootstrap\HandleExceptions->handleException(Object(Illuminate\Contracts\Container\BindingResolutionException))
#20 [internal function]: Illuminate\Foundation\Bootstrap\HandleExceptions->Illuminate\Foundation\Bootstrap\{closure}(Object(Illuminate\Contracts\Container\BindingResolutionException))
#21 {main}
  thrown {"exception":"[object] (Symfony\\Component\\ErrorHandler\\Error\\FatalError(code: 0): Uncaught ReflectionException: Class \"view\" does not exist in C:\\xampp\\htdocs\\ERP_model\\vendor\\laravel\\framework\\src\\Illuminate\\Container\\Container.php:1122
Stack trace:
#0 C:\\xampp\\htdocs\\ERP_model\\vendor\\laravel\\framework\\src\\Illuminate\\Container\\Container.php(1122): ReflectionClass->__construct('view')
#1 C:\\xampp\\htdocs\\ERP_model\\vendor\\laravel\\framework\\src\\Illuminate\\Container\\Container.php(933): Illuminate\\Container\\Container->build('view')
#2 C:\\xampp\\htdocs\\ERP_model\\vendor\\laravel\\framework\\src\\Illuminate\\Foundation\\Application.php(1078): Illuminate\\Container\\Container->resolve('view', Array, true)
#3 C:\\xampp\\htdocs\\ERP_model\\vendor\\laravel\\framework\\src\\Illuminate\\Container\\Container.php(864): Illuminate\\Foundation\\Application->resolve('view', Array)
#4 C:\\xampp\\htdocs\\ERP_model\\vendor\\laravel\\framework\\src\\Illuminate\\Foundation\\Application.php(1058): Illuminate\\Container\\Container->make('view', Array)
#5 C:\\xampp\\htdocs\\ERP_model\\vendor\\laravel\\framework\\src\\Illuminate\\Container\\Container.php(1805): Illuminate\\Foundation\\Application->make('view')
#6 C:\\xampp\\htdocs\\ERP_model\\vendor\\laravel\\framework\\src\\Illuminate\\Routing\\RoutingServiceProvider.php(177): Illuminate\\Container\\Container->offsetGet('Illuminate\\\\Cont...')
#7 C:\\xampp\\htdocs\\ERP_model\\vendor\\laravel\\framework\\src\\Illuminate\\Container\\Container.php(1115): Illuminate\\Routing\\RoutingServiceProvider->Illuminate\\Routing\\{closure}(Object(Illuminate\\Foundation\\Application), Array)
#8 C:\\xampp\\htdocs\\ERP_model\\vendor\\laravel\\framework\\src\\Illuminate\\Container\\Container.php(933): Illuminate\\Container\\Container->build(Object(Closure))
#9 C:\\xampp\\htdocs\\ERP_model\\vendor\\laravel\\framework\\src\\Illuminate\\Foundation\\Application.php(1078): Illuminate\\Container\\Container->resolve('Illuminate\\\\Cont...', Array, true)
#10 C:\\xampp\\htdocs\\ERP_model\\vendor\\laravel\\framework\\src\\Illuminate\\Container\\Container.php(864): Illuminate\\Foundation\\Application->resolve('Illuminate\\\\Cont...', Array)
#11 C:\\xampp\\htdocs\\ERP_model\\vendor\\laravel\\framework\\src\\Illuminate\\Foundation\\Application.php(1058): Illuminate\\Container\\Container->make('Illuminate\\\\Cont...', Array)
#12 C:\\xampp\\htdocs\\ERP_model\\vendor\\laravel\\framework\\src\\Illuminate\\Foundation\\helpers.php(138): Illuminate\\Foundation\\Application->make('Illuminate\\\\Cont...', Array)
#13 C:\\xampp\\htdocs\\ERP_model\\vendor\\laravel\\framework\\src\\Illuminate\\Foundation\\helpers.php(850): app('Illuminate\\\\Cont...')
#14 C:\\xampp\\htdocs\\ERP_model\\vendor\\laravel\\framework\\src\\Illuminate\\Foundation\\Exceptions\\Handler.php(987): response('<!-- Target cla...', 500, Array)
#15 C:\\xampp\\htdocs\\ERP_model\\vendor\\laravel\\framework\\src\\Illuminate\\Foundation\\Exceptions\\Handler.php(839): Illuminate\\Foundation\\Exceptions\\Handler->toIlluminateResponse(Object(Symfony\\Component\\HttpFoundation\\Response), Object(Illuminate\\Contracts\\Container\\BindingResolutionException))
#16 C:\\xampp\\htdocs\\ERP_model\\vendor\\laravel\\framework\\src\\Illuminate\\Foundation\\Exceptions\\Handler.php(738): Illuminate\\Foundation\\Exceptions\\Handler->prepareResponse(Object(Illuminate\\Http\\Request), Object(Illuminate\\Contracts\\Container\\BindingResolutionException))
#17 C:\\xampp\\htdocs\\ERP_model\\vendor\\laravel\\framework\\src\\Illuminate\\Foundation\\Exceptions\\Handler.php(626): Illuminate\\Foundation\\Exceptions\\Handler->renderExceptionResponse(Object(Illuminate\\Http\\Request), Object(Illuminate\\Contracts\\Container\\BindingResolutionException))
#18 C:\\xampp\\htdocs\\ERP_model\\vendor\\laravel\\framework\\src\\Illuminate\\Foundation\\Bootstrap\\HandleExceptions.php(225): Illuminate\\Foundation\\Exceptions\\Handler->render(Object(Illuminate\\Http\\Request), Object(Illuminate\\Contracts\\Container\\BindingResolutionException))
#19 C:\\xampp\\htdocs\\ERP_model\\vendor\\laravel\\framework\\src\\Illuminate\\Foundation\\Bootstrap\\HandleExceptions.php(202): Illuminate\\Foundation\\Bootstrap\\HandleExceptions->renderHttpResponse(Object(Illuminate\\Contracts\\Container\\BindingResolutionException))
#20 C:\\xampp\\htdocs\\ERP_model\\vendor\\laravel\\framework\\src\\Illuminate\\Foundation\\Bootstrap\\HandleExceptions.php(262): Illuminate\\Foundation\\Bootstrap\\HandleExceptions->handleException(Object(Illuminate\\Contracts\\Container\\BindingResolutionException))
#21 [internal function]: Illuminate\\Foundation\\Bootstrap\\HandleExceptions->Illuminate\\Foundation\\Bootstrap\\{closure}(Object(Illuminate\\Contracts\\Container\\BindingResolutionException))
#22 {main}

Next Illuminate\\Contracts\\Container\\BindingResolutionException: Target class [view] does not exist. in C:\\xampp\\htdocs\\ERP_model\\vendor\\laravel\\framework\\src\\Illuminate\\Container\\Container.php:1124
Stack trace:
#0 C:\\xampp\\htdocs\\ERP_model\\vendor\\laravel\\framework\\src\\Illuminate\\Container\\Container.php(933): Illuminate\\Container\\Container->build('view')
#1 C:\\xampp\\htdocs\\ERP_model\\vendor\\laravel\\framework\\src\\Illuminate\\Foundation\\Application.php(1078): Illuminate\\Container\\Container->resolve('view', Array, true)
#2 C:\\xampp\\htdocs\\ERP_model\\vendor\\laravel\\framework\\src\\Illuminate\\Container\\Container.php(864): Illuminate\\Foundation\\Application->resolve('view', Array)
#3 C:\\xampp\\htdocs\\ERP_model\\vendor\\laravel\\framework\\src\\Illuminate\\Foundation\\Application.php(1058): Illuminate\\Container\\Container->make('view', Array)
#4 C:\\xampp\\htdocs\\ERP_model\\vendor\\laravel\\framework\\src\\Illuminate\\Container\\Container.php(1805): Illuminate\\Foundation\\Application->make('view')
#5 C:\\xampp\\htdocs\\ERP_model\\vendor\\laravel\\framework\\src\\Illuminate\\Routing\\RoutingServiceProvider.php(177): Illuminate\\Container\\Container->offsetGet('Illuminate\\\\Cont...')
#6 C:\\xampp\\htdocs\\ERP_model\\vendor\\laravel\\framework\\src\\Illuminate\\Container\\Container.php(1115): Illuminate\\Routing\\RoutingServiceProvider->Illuminate\\Routing\\{closure}(Object(Illuminate\\Foundation\\Application), Array)
#7 C:\\xampp\\htdocs\\ERP_model\\vendor\\laravel\\framework\\src\\Illuminate\\Container\\Container.php(933): Illuminate\\Container\\Container->build(Object(Closure))
#8 C:\\xampp\\htdocs\\ERP_model\\vendor\\laravel\\framework\\src\\Illuminate\\Foundation\\Application.php(1078): Illuminate\\Container\\Container->resolve('Illuminate\\\\Cont...', Array, true)
#9 C:\\xampp\\htdocs\\ERP_model\\vendor\\laravel\\framework\\src\\Illuminate\\Container\\Container.php(864): Illuminate\\Foundation\\Application->resolve('Illuminate\\\\Cont...', Array)
#10 C:\\xampp\\htdocs\\ERP_model\\vendor\\laravel\\framework\\src\\Illuminate\\Foundation\\Application.php(1058): Illuminate\\Container\\Container->make('Illuminate\\\\Cont...', Array)
#11 C:\\xampp\\htdocs\\ERP_model\\vendor\\laravel\\framework\\src\\Illuminate\\Foundation\\helpers.php(138): Illuminate\\Foundation\\Application->make('Illuminate\\\\Cont...', Array)
#12 C:\\xampp\\htdocs\\ERP_model\\vendor\\laravel\\framework\\src\\Illuminate\\Foundation\\helpers.php(850): app('Illuminate\\\\Cont...')
#13 C:\\xampp\\htdocs\\ERP_model\\vendor\\laravel\\framework\\src\\Illuminate\\Foundation\\Exceptions\\Handler.php(987): response('<!-- Target cla...', 500, Array)
#14 C:\\xampp\\htdocs\\ERP_model\\vendor\\laravel\\framework\\src\\Illuminate\\Foundation\\Exceptions\\Handler.php(839): Illuminate\\Foundation\\Exceptions\\Handler->toIlluminateResponse(Object(Symfony\\Component\\HttpFoundation\\Response), Object(Illuminate\\Contracts\\Container\\BindingResolutionException))
#15 C:\\xampp\\htdocs\\ERP_model\\vendor\\laravel\\framework\\src\\Illuminate\\Foundation\\Exceptions\\Handler.php(738): Illuminate\\Foundation\\Exceptions\\Handler->prepareResponse(Object(Illuminate\\Http\\Request), Object(Illuminate\\Contracts\\Container\\BindingResolutionException))
#16 C:\\xampp\\htdocs\\ERP_model\\vendor\\laravel\\framework\\src\\Illuminate\\Foundation\\Exceptions\\Handler.php(626): Illuminate\\Foundation\\Exceptions\\Handler->renderExceptionResponse(Object(Illuminate\\Http\\Request), Object(Illuminate\\Contracts\\Container\\BindingResolutionException))
#17 C:\\xampp\\htdocs\\ERP_model\\vendor\\laravel\\framework\\src\\Illuminate\\Foundation\\Bootstrap\\HandleExceptions.php(225): Illuminate\\Foundation\\Exceptions\\Handler->render(Object(Illuminate\\Http\\Request), Object(Illuminate\\Contracts\\Container\\BindingResolutionException))
#18 C:\\xampp\\htdocs\\ERP_model\\vendor\\laravel\\framework\\src\\Illuminate\\Foundation\\Bootstrap\\HandleExceptions.php(202): Illuminate\\Foundation\\Bootstrap\\HandleExceptions->renderHttpResponse(Object(Illuminate\\Contracts\\Container\\BindingResolutionException))
#19 C:\\xampp\\htdocs\\ERP_model\\vendor\\laravel\\framework\\src\\Illuminate\\Foundation\\Bootstrap\\HandleExceptions.php(262): Illuminate\\Foundation\\Bootstrap\\HandleExceptions->handleException(Object(Illuminate\\Contracts\\Container\\BindingResolutionException))
#20 [internal function]: Illuminate\\Foundation\\Bootstrap\\HandleExceptions->Illuminate\\Foundation\\Bootstrap\\{closure}(Object(Illuminate\\Contracts\\Container\\BindingResolutionException))
#21 {main}
  thrown at C:/xampp/htdocs/ERP_model/vendor/laravel/framework/src/Illuminate/Container/Container.php:1124)
[stacktrace]
#0 {main}
"} 
[2026-06-19 06:48:04] local.ERROR: Target class [files] does not exist. {"exception":"[object] (Illuminate\\Contracts\\Container\\BindingResolutionException(code: 0): Target class [files] does not exist. at C:/xampp/htdocs/ERP_model/vendor/laravel/framework/src/Illuminate/Container/Container.php:1124)
[stacktrace]
#0 C:/xampp/htdocs/ERP_model/vendor/laravel/framework/src/Illuminate/Container/Container.php(933): Illuminate/Container/Container->build('files')
#1 C:/xampp/htdocs/ERP_model/vendor/laravel/framework/src/Illuminate/Foundation/Application.php(1078): Illuminate/Container/Container->resolve('files', Array, true)
#2 C:/xampp/htdocs/ERP_model/vendor/laravel/framework/src/Illuminate/Container/Container.php(864): Illuminate/Foundation/Application->resolve('files', Array)
#3 C:/xampp/htdocs/ERP_model/vendor/laravel/framework/src/Illuminate/Foundation/Application.php(1058): Illuminate/Container/Container->make('files', Array)
#4 C:/xampp/htdocs/ERP_model/vendor/laravel/framework/src/Illuminate/Container/Container.php(1805): Illuminate/Foundation/Application->make('files')
#5 C:/xampp/htdocs/ERP_model/vendor/laravel/framework/src/Illuminate/Foundation/Application.php(1358): Illuminate/Container/Container->offsetGet('files')
#6 C:/xampp/htdocs/ERP_model/vendor/laravel/framework/src/Illuminate/Foundation/Support/Providers/EventServiceProvider.php(107): Illuminate/Foundation/Application->eventsAreCached()
#7 C:/xampp/htdocs/ERP_model/vendor/laravel/framework/src/Illuminate/Foundation/Support/Providers/EventServiceProvider.php(58): Illuminate/Foundation/Support/Providers/EventServiceProvider->getEvents()
#8 C:/xampp/htdocs/ERP_model/vendor/laravel/framework/src/Illuminate/Container/BoundMethod.php(36): Illuminate/Foundation/Support/Providers/EventServiceProvider->Illuminate/Foundation/Support/Providers/{closure}()
#9 C:/xampp/htdocs/ERP_model/vendor/laravel/framework/src/Illuminate/Container/Util.php(43): Illuminate/Container/BoundMethod::Illuminate/Container/{closure}()
#10 C:/xampp/htdocs/ERP_model/vendor/laravel/framework/src/Illuminate/Container/BoundMethod.php(84): Illuminate/Container/Util::unwrapIfClosure(Object(Closure))
#11 C:/xampp/htdocs/ERP_model/vendor/laravel/framework/src/Illuminate/Container/BoundMethod.php(35): Illuminate/Container/BoundMethod::callBoundMethod(Object(Illuminate/Foundation/Application), Object(Closure), Object(Closure))
#12 C:/xampp/htdocs/ERP_model/vendor/laravel/framework/src/Illuminate/Container/Container.php(799): Illuminate/Container/BoundMethod::call(Object(Illuminate/Foundation/Application), Object(Closure), Array, NULL)
#13 C:/xampp/htdocs/ERP_model/vendor/laravel/framework/src/Illuminate/Support/ServiceProvider.php(134): Illuminate/Container/Container->call(Object(Closure))
#14 C:/xampp/htdocs/ERP_model/vendor/laravel/framework/src/Illuminate/Foundation/Application.php(1148): Illuminate/Support/ServiceProvider->callBootingCallbacks()
#15 C:/xampp/htdocs/ERP_model/vendor/laravel/framework/src/Illuminate/Foundation/Application.php(1132): Illuminate/Foundation/Application->bootProvider(Object(Illuminate/Foundation/Support/Providers/EventServiceProvider))
#16 [internal function]: Illuminate/Foundation/Application->Illuminate/Foundation/{closure}(Object(Illuminate/Foundation/Support/Providers/EventServiceProvider), 'Illuminate//Foun...')
#17 C:/xampp/htdocs/ERP_model/vendor/laravel/framework/src/Illuminate/Foundation/Application.php(1131): array_walk(Array, Object(Closure))
#18 C:/xampp/htdocs/ERP_model/vendor/laravel/framework/src/Illuminate/Foundation/Bootstrap/BootProviders.php(17): Illuminate/Foundation/Application->boot()
#19 C:/xampp/htdocs/ERP_model/vendor/laravel/framework/src/Illuminate/Foundation/Application.php(342): Illuminate/Foundation/Bootstrap/BootProviders->bootstrap(Object(Illuminate/Foundation/Application))
#20 C:/xampp/htdocs/ERP_model/vendor/laravel/framework/src/Illuminate/Foundation/Http/Kernel.php(186): Illuminate/Foundation/Application->bootstrapWith(Array)
#21 C:/xampp/htdocs/ERP_model/vendor/laravel/framework/src/Illuminate/Foundation/Http/Kernel.php(170): Illuminate/Foundation/Http/Kernel->bootstrap()
#22 C:/xampp/htdocs/ERP_model/vendor/laravel/framework/src/Illuminate/Foundation/Http/Kernel.php(144): Illuminate/Foundation/Http/Kernel->sendRequestThroughRouter(Object(Illuminate/Http/Request))
#23 C:/xampp/htdocs/ERP_model/vendor/laravel/framework/src/Illuminate/Foundation/Application.php(1220): Illuminate/Foundation/Http/Kernel->handle(Object(Illuminate/Http/Request))
#24 C:/xampp/htdocs/ERP_model/public/index.php(20): Illuminate/Foundation/Application->handleRequest(Object(Illuminate/Http/Request))
#25 C:/xampp/htdocs/ERP_model/vendor/laravel/framework/src/Illuminate/Foundation/resources/server.php(23): require_once('C://xampp//htdocs...')
#26 {main}

[previous exception] [object] (ReflectionException(code: -1): Class \"files\" does not exist at C:/xampp/htdocs/ERP_model/vendor/laravel/framework/src/Illuminate/Container/Container.php:1122)
[stacktrace]
#0 C:/xampp/htdocs/ERP_model/vendor/laravel/framework/src/Illuminate/Container/Container.php(1122): ReflectionClass->__construct('files')
#1 C:/xampp/htdocs/ERP_model/vendor/laravel/framework/src/Illuminate/Container/Container.php(933): Illuminate/Container/Container->build('files')
#2 C:/xampp/htdocs/ERP_model/vendor/laravel/framework/src/Illuminate/Foundation/Application.php(1078): Illuminate/Container/Container->resolve('files', Array, true)
#3 C:/xampp/htdocs/ERP_model/vendor/laravel/framework/src/Illuminate/Container/Container.php(864): Illuminate/Foundation/Application->resolve('files', Array)
#4 C:/xampp/htdocs/ERP_model/vendor/laravel/framework/src/Illuminate/Foundation/Application.php(1058): Illuminate/Container/Container->make('files', Array)
#5 C:/xampp/htdocs/ERP_model/vendor/laravel/framework/src/Illuminate/Container/Container.php(1805): Illuminate/Foundation/Application->make('files')
#6 C:/xampp/htdocs/ERP_model/vendor/laravel/framework/src/Illuminate/Foundation/Application.php(1358): Illuminate/Container/Container->offsetGet('files')
#7 C:/xampp/htdocs/ERP_model/vendor/laravel/framework/src/Illuminate/Foundation/Support/Providers/EventServiceProvider.php(107): Illuminate/Foundation/Application->eventsAreCached()
#8 C:/xampp/htdocs/ERP_model/vendor/laravel/framework/src/Illuminate/Foundation/Support/Providers/EventServiceProvider.php(58): Illuminate/Foundation/Support/Providers/EventServiceProvider->getEvents()
#9 C:/xampp/htdocs/ERP_model/vendor/laravel/framework/src/Illuminate/Container/BoundMethod.php(36): Illuminate/Foundation/Support/Providers/EventServiceProvider->Illuminate/Foundation/Support/Providers/{closure}()
#10 C:/xampp/htdocs/ERP_model/vendor/laravel/framework/src/Illuminate/Container/Util.php(43): Illuminate/Container/BoundMethod::Illuminate/Container/{closure}()
#11 C:/xampp/htdocs/ERP_model/vendor/laravel/framework/src/Illuminate/Container/BoundMethod.php(84): Illuminate/Container/Util::unwrapIfClosure(Object(Closure))
#12 C:/xampp/htdocs/ERP_model/vendor/laravel/framework/src/Illuminate/Container/BoundMethod.php(35): Illuminate/Container/BoundMethod::callBoundMethod(Object(Illuminate/Foundation/Application), Object(Closure), Object(Closure))
#13 C:/xampp/htdocs/ERP_model/vendor/laravel/framework/src/Illuminate/Container/Container.php(799): Illuminate/Container/BoundMethod::call(Object(Illuminate/Foundation/Application), Object(Closure), Array, NULL)
#14 C:/xampp/htdocs/ERP_model/vendor/laravel/framework/src/Illuminate/Support/ServiceProvider.php(134): Illuminate/Container/Container->call(Object(Closure))
#15 C:/xampp/htdocs/ERP_model/vendor/laravel/framework/src/Illuminate/Foundation/Application.php(1148): Illuminate/Support/ServiceProvider->callBootingCallbacks()
#16 C:/xampp/htdocs/ERP_model/vendor/laravel/framework/src/Illuminate/Foundation/Application.php(1132): Illuminate/Foundation/Application->bootProvider(Object(Illuminate/Foundation/Support/Providers/EventServiceProvider))
#17 [internal function]: Illuminate/Foundation/Application->Illuminate/Foundation/{closure}(Object(Illuminate/Foundation/Support/Providers/EventServiceProvider), 'Illuminate//Foun...')
#18 C:/xampp/htdocs/ERP_model/vendor/laravel/framework/src/Illuminate/Foundation/Application.php(1131): array_walk(Array, Object(Closure))
#19 C:/xampp/htdocs/ERP_model/vendor/laravel/framework/src/Illuminate/Foundation/Bootstrap/BootProviders.php(17): Illuminate/Foundation/Application->boot()
#20 C:/xampp/htdocs/ERP_model/vendor/laravel/framework/src/Illuminate/Foundation/Application.php(342): Illuminate/Foundation/Bootstrap/BootProviders->bootstrap(Object(Illuminate/Foundation/Application))
#21 C:/xampp/htdocs/ERP_model/vendor/laravel/framework/src/Illuminate/Foundation/Http/Kernel.php(186): Illuminate/Foundation/Application->bootstrapWith(Array)
#22 C:/xampp/htdocs/ERP_model/vendor/laravel/framework/src/Illuminate/Foundation/Http/Kernel.php(170): Illuminate/Foundation/Http/Kernel->bootstrap()
#23 C:/xampp/htdocs/ERP_model/vendor/laravel/framework/src/Illuminate/Foundation/Http/Kernel.php(144): Illuminate/Foundation/Http/Kernel->sendRequestThroughRouter(Object(Illuminate/Http/Request))
#24 C:/xampp/htdocs/ERP_model/vendor/laravel/framework/src/Illuminate/Foundation/Application.php(1220): Illuminate/Foundation/Http/Kernel->handle(Object(Illuminate/Http/Request))
#25 C:/xampp/htdocs/ERP_model/public/index.php(20): Illuminate/Foundation/Application->handleRequest(Object(Illuminate/Http/Request))
#26 C:/xampp/htdocs/ERP_model/vendor/laravel/framework/src/Illuminate/Foundation/resources/server.php(23): require_once('C://xampp//htdocs...')
#27 {main}
"} 
[2026-06-19 06:48:04] local.ERROR: Target class [view] does not exist. {"exception":"[object] (Illuminate\\Contracts\\Container\\BindingResolutionException(code: 0): Target class [view] does not exist. at C:/xampp/htdocs/ERP_model/vendor/laravel/framework/src/Illuminate/Container/Container.php:1124)
[stacktrace]
#0 C:/xampp/htdocs/ERP_model/vendor/laravel/framework/src/Illuminate/Container/Container.php(933): Illuminate/Container/Container->build('view')
#1 C:/xampp/htdocs/ERP_model/vendor/laravel/framework/src/Illuminate/Foundation/Application.php(1078): Illuminate/Container/Container->resolve('view', Array, true)
#2 C:/xampp/htdocs/ERP_model/vendor/laravel/framework/src/Illuminate/Container/Container.php(864): Illuminate/Foundation/Application->resolve('view', Array)
#3 C:/xampp/htdocs/ERP_model/vendor/laravel/framework/src/Illuminate/Foundation/Application.php(1058): Illuminate/Container/Container->make('view', Array)
#4 C:/xampp/htdocs/ERP_model/vendor/laravel/framework/src/Illuminate/Container/Container.php(1805): Illuminate/Foundation/Application->make('view')
#5 C:/xampp/htdocs/ERP_model/vendor/laravel/framework/src/Illuminate/Routing/RoutingServiceProvider.php(177): Illuminate/Container/Container->offsetGet('Illuminate//Cont...')
#6 C:/xampp/htdocs/ERP_model/vendor/laravel/framework/src/Illuminate/Container/Container.php(1115): Illuminate/Routing/RoutingServiceProvider->Illuminate/Routing/{closure}(Object(Illuminate/Foundation/Application), Array)
#7 C:/xampp/htdocs/ERP_model/vendor/laravel/framework/src/Illuminate/Container/Container.php(933): Illuminate/Container/Container->build(Object(Closure))
#8 C:/xampp/htdocs/ERP_model/vendor/laravel/framework/src/Illuminate/Foundation/Application.php(1078): Illuminate/Container/Container->resolve('Illuminate//Cont...', Array, true)
#9 C:/xampp/htdocs/ERP_model/vendor/laravel/framework/src/Illuminate/Container/Container.php(864): Illuminate/Foundation/Application->resolve('Illuminate//Cont...', Array)
#10 C:/xampp/htdocs/ERP_model/vendor/laravel/framework/src/Illuminate/Foundation/Application.php(1058): Illuminate/Container/Container->make('Illuminate//Cont...', Array)
#11 C:/xampp/htdocs/ERP_model/vendor/laravel/framework/src/Illuminate/Foundation/helpers.php(138): Illuminate/Foundation/Application->make('Illuminate//Cont...', Array)
#12 C:/xampp/htdocs/ERP_model/vendor/laravel/framework/src/Illuminate/Foundation/helpers.php(850): app('Illuminate//Cont...')
#13 C:/xampp/htdocs/ERP_model/vendor/laravel/framework/src/Illuminate/Foundation/Exceptions/Handler.php(987): response('<!-- Target cla...', 500, Array)
#14 C:/xampp/htdocs/ERP_model/vendor/laravel/framework/src/Illuminate/Foundation/Exceptions/Handler.php(839): Illuminate/Foundation/Exceptions/Handler->toIlluminateResponse(Object(Symfony/Component/HttpFoundation/Response), Object(Illuminate/Contracts/Container/BindingResolutionException))
#15 C:/xampp/htdocs/ERP_model/vendor/laravel/framework/src/Illuminate/Foundation/Exceptions/Handler.php(738): Illuminate/Foundation/Exceptions/Handler->prepareResponse(Object(Illuminate/Http/Request), Object(Illuminate/Contracts/Container/BindingResolutionException))
#16 C:/xampp/htdocs/ERP_model/vendor/laravel/framework/src/Illuminate/Foundation/Exceptions/Handler.php(626): Illuminate/Foundation/Exceptions/Handler->renderExceptionResponse(Object(Illuminate/Http/Request), Object(Illuminate/Contracts/Container/BindingResolutionException))
#17 C:/xampp/htdocs/ERP_model/vendor/laravel/framework/src/Illuminate/Foundation/Http/Kernel.php(574): Illuminate/Foundation/Exceptions/Handler->render(Object(Illuminate/Http/Request), Object(Illuminate/Contracts/Container/BindingResolutionException))
#18 C:/xampp/htdocs/ERP_model/vendor/laravel/framework/src/Illuminate/Foundation/Http/Kernel.php(148): Illuminate/Foundation/Http/Kernel->renderException(Object(Illuminate/Http/Request), Object(Illuminate/Contracts/Container/BindingResolutionException))
#19 C:/xampp/htdocs/ERP_model/vendor/laravel/framework/src/Illuminate/Foundation/Application.php(1220): Illuminate/Foundation/Http/Kernel->handle(Object(Illuminate/Http/Request))
#20 C:/xampp/htdocs/ERP_model/public/index.php(20): Illuminate/Foundation/Application->handleRequest(Object(Illuminate/Http/Request))
#21 C:/xampp/htdocs/ERP_model/vendor/laravel/framework/src/Illuminate/Foundation/resources/server.php(23): require_once('C://xampp//htdocs...')
#22 {main}

[previous exception] [object] (ReflectionException(code: -1): Class \"view\" does not exist at C:/xampp/htdocs/ERP_model/vendor/laravel/framework/src/Illuminate/Container/Container.php:1122)
[stacktrace]
#0 C:/xampp/htdocs/ERP_model/vendor/laravel/framework/src/Illuminate/Container/Container.php(1122): ReflectionClass->__construct('view')
#1 C:/xampp/htdocs/ERP_model/vendor/laravel/framework/src/Illuminate/Container/Container.php(933): Illuminate/Container/Container->build('view')
#2 C:/xampp/htdocs/ERP_model/vendor/laravel/framework/src/Illuminate/Foundation/Application.php(1078): Illuminate/Container/Container->resolve('view', Array, true)
#3 C:/xampp/htdocs/ERP_model/vendor/laravel/framework/src/Illuminate/Container/Container.php(864): Illuminate/Foundation/Application->resolve('view', Array)
#4 C:/xampp/htdocs/ERP_model/vendor/laravel/framework/src/Illuminate/Foundation/Application.php(1058): Illuminate/Container/Container->make('view', Array)
#5 C:/xampp/htdocs/ERP_model/vendor/laravel/framework/src/Illuminate/Container/Container.php(1805): Illuminate/Foundation/Application->make('view')
#6 C:/xampp/htdocs/ERP_model/vendor/laravel/framework/src/Illuminate/Routing/RoutingServiceProvider.php(177): Illuminate/Container/Container->offsetGet('Illuminate//Cont...')
#7 C:/xampp/htdocs/ERP_model/vendor/laravel/framework/src/Illuminate/Container/Container.php(1115): Illuminate/Routing/RoutingServiceProvider->Illuminate/Routing/{closure}(Object(Illuminate/Foundation/Application), Array)
#8 C:/xampp/htdocs/ERP_model/vendor/laravel/framework/src/Illuminate/Container/Container.php(933): Illuminate/Container/Container->build(Object(Closure))
#9 C:/xampp/htdocs/ERP_model/vendor/laravel/framework/src/Illuminate/Foundation/Application.php(1078): Illuminate/Container/Container->resolve('Illuminate//Cont...', Array, true)
#10 C:/xampp/htdocs/ERP_model/vendor/laravel/framework/src/Illuminate/Container/Container.php(864): Illuminate/Foundation/Application->resolve('Illuminate//Cont...', Array)
#11 C:/xampp/htdocs/ERP_model/vendor/laravel/framework/src/Illuminate/Foundation/Application.php(1058): Illuminate/Container/Container->make('Illuminate//Cont...', Array)
#12 C:/xampp/htdocs/ERP_model/vendor/laravel/framework/src/Illuminate/Foundation/helpers.php(138): Illuminate/Foundation/Application->make('Illuminate//Cont...', Array)
#13 C:/xampp/htdocs/ERP_model/vendor/laravel/framework/src/Illuminate/Foundation/helpers.php(850): app('Illuminate//Cont...')
#14 C:/xampp/htdocs/ERP_model/vendor/laravel/framework/src/Illuminate/Foundation/Exceptions/Handler.php(987): response('<!-- Target cla...', 500, Array)
#15 C:/xampp/htdocs/ERP_model/vendor/laravel/framework/src/Illuminate/Foundation/Exceptions/Handler.php(839): Illuminate/Foundation/Exceptions/Handler->toIlluminateResponse(Object(Symfony/Component/HttpFoundation/Response), Object(Illuminate/Contracts/Container/BindingResolutionException))
#16 C:/xampp/htdocs/ERP_model/vendor/laravel/framework/src/Illuminate/Foundation/Exceptions/Handler.php(738): Illuminate/Foundation/Exceptions/Handler->prepareResponse(Object(Illuminate/Http/Request), Object(Illuminate/Contracts/Container/BindingResolutionException))
#17 C:/xampp/htdocs/ERP_model/vendor/laravel/framework/src/Illuminate/Foundation/Exceptions/Handler.php(626): Illuminate/Foundation/Exceptions/Handler->renderExceptionResponse(Object(Illuminate/Http/Request), Object(Illuminate/Contracts/Container/BindingResolutionException))
#18 C:/xampp/htdocs/ERP_model/vendor/laravel/framework/src/Illuminate/Foundation/Http/Kernel.php(574): Illuminate/Foundation/Exceptions/Handler->render(Object(Illuminate/Http/Request), Object(Illuminate/Contracts/Container/BindingResolutionException))
#19 C:/xampp/htdocs/ERP_model/vendor/laravel/framework/src/Illuminate/Foundation/Http/Kernel.php(148): Illuminate/Foundation/Http/Kernel->renderException(Object(Illuminate/Http/Request), Object(Illuminate/Contracts/Container/BindingResolutionException))
#20 C:/xampp/htdocs/ERP_model/vendor/laravel/framework/src/Illuminate/Foundation/Application.php(1220): Illuminate/Foundation/Http/Kernel->handle(Object(Illuminate/Http/Request))
#21 C:/xampp/htdocs/ERP_model/public/index.php(20): Illuminate/Foundation/Application->handleRequest(Object(Illuminate/Http/Request))
#22 C:/xampp/htdocs/ERP_model/vendor/laravel/framework/src/Illuminate/Foundation/resources/server.php(23): require_once('C://xampp//htdocs...')
#23 {main}
"} 
[2026-06-19 06:48:05] local.ERROR: Uncaught ReflectionException: Class "view" does not exist in C:\xampp\htdocs\ERP_model\vendor\laravel\framework\src\Illuminate\Container\Container.php:1122
Stack trace:
#0 C:\xampp\htdocs\ERP_model\vendor\laravel\framework\src\Illuminate\Container\Container.php(1122): ReflectionClass->__construct('view')
#1 C:\xampp\htdocs\ERP_model\vendor\laravel\framework\src\Illuminate\Container\Container.php(933): Illuminate\Container\Container->build('view')
#2 C:\xampp\htdocs\ERP_model\vendor\laravel\framework\src\Illuminate\Foundation\Application.php(1078): Illuminate\Container\Container->resolve('view', Array, true)
#3 C:\xampp\htdocs\ERP_model\vendor\laravel\framework\src\Illuminate\Container\Container.php(864): Illuminate\Foundation\Application->resolve('view', Array)
#4 C:\xampp\htdocs\ERP_model\vendor\laravel\framework\src\Illuminate\Foundation\Application.php(1058): Illuminate\Container\Container->make('view', Array)
#5 C:\xampp\htdocs\ERP_model\vendor\laravel\framework\src\Illuminate\Container\Container.php(1805): Illuminate\Foundation\Application->make('view')
#6 C:\xampp\htdocs\ERP_model\vendor\laravel\framework\src\Illuminate\Routing\RoutingServiceProvider.php(177): Illuminate\Container\Container->offsetGet('Illuminate\\Cont...')
#7 C:\xampp\htdocs\ERP_model\vendor\laravel\framework\src\Illuminate\Container\Container.php(1115): Illuminate\Routing\RoutingServiceProvider->Illuminate\Routing\{closure}(Object(Illuminate\Foundation\Application), Array)
#8 C:\xampp\htdocs\ERP_model\vendor\laravel\framework\src\Illuminate\Container\Container.php(933): Illuminate\Container\Container->build(Object(Closure))
#9 C:\xampp\htdocs\ERP_model\vendor\laravel\framework\src\Illuminate\Foundation\Application.php(1078): Illuminate\Container\Container->resolve('Illuminate\\Cont...', Array, true)
#10 C:\xampp\htdocs\ERP_model\vendor\laravel\framework\src\Illuminate\Container\Container.php(864): Illuminate\Foundation\Application->resolve('Illuminate\\Cont...', Array)
#11 C:\xampp\htdocs\ERP_model\vendor\laravel\framework\src\Illuminate\Foundation\Application.php(1058): Illuminate\Container\Container->make('Illuminate\\Cont...', Array)
#12 C:\xampp\htdocs\ERP_model\vendor\laravel\framework\src\Illuminate\Foundation\helpers.php(138): Illuminate\Foundation\Application->make('Illuminate\\Cont...', Array)
#13 C:\xampp\htdocs\ERP_model\vendor\laravel\framework\src\Illuminate\Foundation\helpers.php(850): app('Illuminate\\Cont...')
#14 C:\xampp\htdocs\ERP_model\vendor\laravel\framework\src\Illuminate\Foundation\Exceptions\Handler.php(987): response('<!-- Target cla...', 500, Array)
#15 C:\xampp\htdocs\ERP_model\vendor\laravel\framework\src\Illuminate\Foundation\Exceptions\Handler.php(839): Illuminate\Foundation\Exceptions\Handler->toIlluminateResponse(Object(Symfony\Component\HttpFoundation\Response), Object(Illuminate\Contracts\Container\BindingResolutionException))
#16 C:\xampp\htdocs\ERP_model\vendor\laravel\framework\src\Illuminate\Foundation\Exceptions\Handler.php(738): Illuminate\Foundation\Exceptions\Handler->prepareResponse(Object(Illuminate\Http\Request), Object(Illuminate\Contracts\Container\BindingResolutionException))
#17 C:\xampp\htdocs\ERP_model\vendor\laravel\framework\src\Illuminate\Foundation\Exceptions\Handler.php(626): Illuminate\Foundation\Exceptions\Handler->renderExceptionResponse(Object(Illuminate\Http\Request), Object(Illuminate\Contracts\Container\BindingResolutionException))
#18 C:\xampp\htdocs\ERP_model\vendor\laravel\framework\src\Illuminate\Foundation\Bootstrap\HandleExceptions.php(225): Illuminate\Foundation\Exceptions\Handler->render(Object(Illuminate\Http\Request), Object(Illuminate\Contracts\Container\BindingResolutionException))
#19 C:\xampp\htdocs\ERP_model\vendor\laravel\framework\src\Illuminate\Foundation\Bootstrap\HandleExceptions.php(202): Illuminate\Foundation\Bootstrap\HandleExceptions->renderHttpResponse(Object(Illuminate\Contracts\Container\BindingResolutionException))
#20 C:\xampp\htdocs\ERP_model\vendor\laravel\framework\src\Illuminate\Foundation\Bootstrap\HandleExceptions.php(262): Illuminate\Foundation\Bootstrap\HandleExceptions->handleException(Object(Illuminate\Contracts\Container\BindingResolutionException))
#21 [internal function]: Illuminate\Foundation\Bootstrap\HandleExceptions->Illuminate\Foundation\Bootstrap\{closure}(Object(Illuminate\Contracts\Container\BindingResolutionException))
#22 {main}

Next Illuminate\Contracts\Container\BindingResolutionException: Target class [view] does not exist. in C:\xampp\htdocs\ERP_model\vendor\laravel\framework\src\Illuminate\Container\Container.php:1124
Stack trace:
#0 C:\xampp\htdocs\ERP_model\vendor\laravel\framework\src\Illuminate\Container\Container.php(933): Illuminate\Container\Container->build('view')
#1 C:\xampp\htdocs\ERP_model\vendor\laravel\framework\src\Illuminate\Foundation\Application.php(1078): Illuminate\Container\Container->resolve('view', Array, true)
#2 C:\xampp\htdocs\ERP_model\vendor\laravel\framework\src\Illuminate\Container\Container.php(864): Illuminate\Foundation\Application->resolve('view', Array)
#3 C:\xampp\htdocs\ERP_model\vendor\laravel\framework\src\Illuminate\Foundation\Application.php(1058): Illuminate\Container\Container->make('view', Array)
#4 C:\xampp\htdocs\ERP_model\vendor\laravel\framework\src\Illuminate\Container\Container.php(1805): Illuminate\Foundation\Application->make('view')
#5 C:\xampp\htdocs\ERP_model\vendor\laravel\framework\src\Illuminate\Routing\RoutingServiceProvider.php(177): Illuminate\Container\Container->offsetGet('Illuminate\\Cont...')
#6 C:\xampp\htdocs\ERP_model\vendor\laravel\framework\src\Illuminate\Container\Container.php(1115): Illuminate\Routing\RoutingServiceProvider->Illuminate\Routing\{closure}(Object(Illuminate\Foundation\Application), Array)
#7 C:\xampp\htdocs\ERP_model\vendor\laravel\framework\src\Illuminate\Container\Container.php(933): Illuminate\Container\Container->build(Object(Closure))
#8 C:\xampp\htdocs\ERP_model\vendor\laravel\framework\src\Illuminate\Foundation\Application.php(1078): Illuminate\Container\Container->resolve('Illuminate\\Cont...', Array, true)
#9 C:\xampp\htdocs\ERP_model\vendor\laravel\framework\src\Illuminate\Container\Container.php(864): Illuminate\Foundation\Application->resolve('Illuminate\\Cont...', Array)
#10 C:\xampp\htdocs\ERP_model\vendor\laravel\framework\src\Illuminate\Foundation\Application.php(1058): Illuminate\Container\Container->make('Illuminate\\Cont...', Array)
#11 C:\xampp\htdocs\ERP_model\vendor\laravel\framework\src\Illuminate\Foundation\helpers.php(138): Illuminate\Foundation\Application->make('Illuminate\\Cont...', Array)
#12 C:\xampp\htdocs\ERP_model\vendor\laravel\framework\src\Illuminate\Foundation\helpers.php(850): app('Illuminate\\Cont...')
#13 C:\xampp\htdocs\ERP_model\vendor\laravel\framework\src\Illuminate\Foundation\Exceptions\Handler.php(987): response('<!-- Target cla...', 500, Array)
#14 C:\xampp\htdocs\ERP_model\vendor\laravel\framework\src\Illuminate\Foundation\Exceptions\Handler.php(839): Illuminate\Foundation\Exceptions\Handler->toIlluminateResponse(Object(Symfony\Component\HttpFoundation\Response), Object(Illuminate\Contracts\Container\BindingResolutionException))
#15 C:\xampp\htdocs\ERP_model\vendor\laravel\framework\src\Illuminate\Foundation\Exceptions\Handler.php(738): Illuminate\Foundation\Exceptions\Handler->prepareResponse(Object(Illuminate\Http\Request), Object(Illuminate\Contracts\Container\BindingResolutionException))
#16 C:\xampp\htdocs\ERP_model\vendor\laravel\framework\src\Illuminate\Foundation\Exceptions\Handler.php(626): Illuminate\Foundation\Exceptions\Handler->renderExceptionResponse(Object(Illuminate\Http\Request), Object(Illuminate\Contracts\Container\BindingResolutionException))
#17 C:\xampp\htdocs\ERP_model\vendor\laravel\framework\src\Illuminate\Foundation\Bootstrap\HandleExceptions.php(225): Illuminate\Foundation\Exceptions\Handler->render(Object(Illuminate\Http\Request), Object(Illuminate\Contracts\Container\BindingResolutionException))
#18 C:\xampp\htdocs\ERP_model\vendor\laravel\framework\src\Illuminate\Foundation\Bootstrap\HandleExceptions.php(202): Illuminate\Foundation\Bootstrap\HandleExceptions->renderHttpResponse(Object(Illuminate\Contracts\Container\BindingResolutionException))
#19 C:\xampp\htdocs\ERP_model\vendor\laravel\framework\src\Illuminate\Foundation\Bootstrap\HandleExceptions.php(262): Illuminate\Foundation\Bootstrap\HandleExceptions->handleException(Object(Illuminate\Contracts\Container\BindingResolutionException))
#20 [internal function]: Illuminate\Foundation\Bootstrap\HandleExceptions->Illuminate\Foundation\Bootstrap\{closure}(Object(Illuminate\Contracts\Container\BindingResolutionException))
#21 {main}
  thrown {"exception":"[object] (Symfony\\Component\\ErrorHandler\\Error\\FatalError(code: 0): Uncaught ReflectionException: Class \"view\" does not exist in C:\\xampp\\htdocs\\ERP_model\\vendor\\laravel\\framework\\src\\Illuminate\\Container\\Container.php:1122
Stack trace:
#0 C:\\xampp\\htdocs\\ERP_model\\vendor\\laravel\\framework\\src\\Illuminate\\Container\\Container.php(1122): ReflectionClass->__construct('view')
#1 C:\\xampp\\htdocs\\ERP_model\\vendor\\laravel\\framework\\src\\Illuminate\\Container\\Container.php(933): Illuminate\\Container\\Container->build('view')
#2 C:\\xampp\\htdocs\\ERP_model\\vendor\\laravel\\framework\\src\\Illuminate\\Foundation\\Application.php(1078): Illuminate\\Container\\Container->resolve('view', Array, true)
#3 C:\\xampp\\htdocs\\ERP_model\\vendor\\laravel\\framework\\src\\Illuminate\\Container\\Container.php(864): Illuminate\\Foundation\\Application->resolve('view', Array)
#4 C:\\xampp\\htdocs\\ERP_model\\vendor\\laravel\\framework\\src\\Illuminate\\Foundation\\Application.php(1058): Illuminate\\Container\\Container->make('view', Array)
#5 C:\\xampp\\htdocs\\ERP_model\\vendor\\laravel\\framework\\src\\Illuminate\\Container\\Container.php(1805): Illuminate\\Foundation\\Application->make('view')
#6 C:\\xampp\\htdocs\\ERP_model\\vendor\\laravel\\framework\\src\\Illuminate\\Routing\\RoutingServiceProvider.php(177): Illuminate\\Container\\Container->offsetGet('Illuminate\\\\Cont...')
#7 C:\\xampp\\htdocs\\ERP_model\\vendor\\laravel\\framework\\src\\Illuminate\\Container\\Container.php(1115): Illuminate\\Routing\\RoutingServiceProvider->Illuminate\\Routing\\{closure}(Object(Illuminate\\Foundation\\Application), Array)
#8 C:\\xampp\\htdocs\\ERP_model\\vendor\\laravel\\framework\\src\\Illuminate\\Container\\Container.php(933): Illuminate\\Container\\Container->build(Object(Closure))
#9 C:\\xampp\\htdocs\\ERP_model\\vendor\\laravel\\framework\\src\\Illuminate\\Foundation\\Application.php(1078): Illuminate\\Container\\Container->resolve('Illuminate\\\\Cont...', Array, true)
#10 C:\\xampp\\htdocs\\ERP_model\\vendor\\laravel\\framework\\src\\Illuminate\\Container\\Container.php(864): Illuminate\\Foundation\\Application->resolve('Illuminate\\\\Cont...', Array)
#11 C:\\xampp\\htdocs\\ERP_model\\vendor\\laravel\\framework\\src\\Illuminate\\Foundation\\Application.php(1058): Illuminate\\Container\\Container->make('Illuminate\\\\Cont...', Array)
#12 C:\\xampp\\htdocs\\ERP_model\\vendor\\laravel\\framework\\src\\Illuminate\\Foundation\\helpers.php(138): Illuminate\\Foundation\\Application->make('Illuminate\\\\Cont...', Array)
#13 C:\\xampp\\htdocs\\ERP_model\\vendor\\laravel\\framework\\src\\Illuminate\\Foundation\\helpers.php(850): app('Illuminate\\\\Cont...')
#14 C:\\xampp\\htdocs\\ERP_model\\vendor\\laravel\\framework\\src\\Illuminate\\Foundation\\Exceptions\\Handler.php(987): response('<!-- Target cla...', 500, Array)
#15 C:\\xampp\\htdocs\\ERP_model\\vendor\\laravel\\framework\\src\\Illuminate\\Foundation\\Exceptions\\Handler.php(839): Illuminate\\Foundation\\Exceptions\\Handler->toIlluminateResponse(Object(Symfony\\Component\\HttpFoundation\\Response), Object(Illuminate\\Contracts\\Container\\BindingResolutionException))
#16 C:\\xampp\\htdocs\\ERP_model\\vendor\\laravel\\framework\\src\\Illuminate\\Foundation\\Exceptions\\Handler.php(738): Illuminate\\Foundation\\Exceptions\\Handler->prepareResponse(Object(Illuminate\\Http\\Request), Object(Illuminate\\Contracts\\Container\\BindingResolutionException))
#17 C:\\xampp\\htdocs\\ERP_model\\vendor\\laravel\\framework\\src\\Illuminate\\Foundation\\Exceptions\\Handler.php(626): Illuminate\\Foundation\\Exceptions\\Handler->renderExceptionResponse(Object(Illuminate\\Http\\Request), Object(Illuminate\\Contracts\\Container\\BindingResolutionException))
#18 C:\\xampp\\htdocs\\ERP_model\\vendor\\laravel\\framework\\src\\Illuminate\\Foundation\\Bootstrap\\HandleExceptions.php(225): Illuminate\\Foundation\\Exceptions\\Handler->render(Object(Illuminate\\Http\\Request), Object(Illuminate\\Contracts\\Container\\BindingResolutionException))
#19 C:\\xampp\\htdocs\\ERP_model\\vendor\\laravel\\framework\\src\\Illuminate\\Foundation\\Bootstrap\\HandleExceptions.php(202): Illuminate\\Foundation\\Bootstrap\\HandleExceptions->renderHttpResponse(Object(Illuminate\\Contracts\\Container\\BindingResolutionException))
#20 C:\\xampp\\htdocs\\ERP_model\\vendor\\laravel\\framework\\src\\Illuminate\\Foundation\\Bootstrap\\HandleExceptions.php(262): Illuminate\\Foundation\\Bootstrap\\HandleExceptions->handleException(Object(Illuminate\\Contracts\\Container\\BindingResolutionException))
#21 [internal function]: Illuminate\\Foundation\\Bootstrap\\HandleExceptions->Illuminate\\Foundation\\Bootstrap\\{closure}(Object(Illuminate\\Contracts\\Container\\BindingResolutionException))
#22 {main}

Next Illuminate\\Contracts\\Container\\BindingResolutionException: Target class [view] does not exist. in C:\\xampp\\htdocs\\ERP_model\\vendor\\laravel\\framework\\src\\Illuminate\\Container\\Container.php:1124
Stack trace:
#0 C:\\xampp\\htdocs\\ERP_model\\vendor\\laravel\\framework\\src\\Illuminate\\Container\\Container.php(933): Illuminate\\Container\\Container->build('view')
#1 C:\\xampp\\htdocs\\ERP_model\\vendor\\laravel\\framework\\src\\Illuminate\\Foundation\\Application.php(1078): Illuminate\\Container\\Container->resolve('view', Array, true)
#2 C:\\xampp\\htdocs\\ERP_model\\vendor\\laravel\\framework\\src\\Illuminate\\Container\\Container.php(864): Illuminate\\Foundation\\Application->resolve('view', Array)
#3 C:\\xampp\\htdocs\\ERP_model\\vendor\\laravel\\framework\\src\\Illuminate\\Foundation\\Application.php(1058): Illuminate\\Container\\Container->make('view', Array)
#4 C:\\xampp\\htdocs\\ERP_model\\vendor\\laravel\\framework\\src\\Illuminate\\Container\\Container.php(1805): Illuminate\\Foundation\\Application->make('view')
#5 C:\\xampp\\htdocs\\ERP_model\\vendor\\laravel\\framework\\src\\Illuminate\\Routing\\RoutingServiceProvider.php(177): Illuminate\\Container\\Container->offsetGet('Illuminate\\\\Cont...')
#6 C:\\xampp\\htdocs\\ERP_model\\vendor\\laravel\\framework\\src\\Illuminate\\Container\\Container.php(1115): Illuminate\\Routing\\RoutingServiceProvider->Illuminate\\Routing\\{closure}(Object(Illuminate\\Foundation\\Application), Array)
#7 C:\\xampp\\htdocs\\ERP_model\\vendor\\laravel\\framework\\src\\Illuminate\\Container\\Container.php(933): Illuminate\\Container\\Container->build(Object(Closure))
#8 C:\\xampp\\htdocs\\ERP_model\\vendor\\laravel\\framework\\src\\Illuminate\\Foundation\\Application.php(1078): Illuminate\\Container\\Container->resolve('Illuminate\\\\Cont...', Array, true)
#9 C:\\xampp\\htdocs\\ERP_model\\vendor\\laravel\\framework\\src\\Illuminate\\Container\\Container.php(864): Illuminate\\Foundation\\Application->resolve('Illuminate\\\\Cont...', Array)
#10 C:\\xampp\\htdocs\\ERP_model\\vendor\\laravel\\framework\\src\\Illuminate\\Foundation\\Application.php(1058): Illuminate\\Container\\Container->make('Illuminate\\\\Cont...', Array)
#11 C:\\xampp\\htdocs\\ERP_model\\vendor\\laravel\\framework\\src\\Illuminate\\Foundation\\helpers.php(138): Illuminate\\Foundation\\Application->make('Illuminate\\\\Cont...', Array)
#12 C:\\xampp\\htdocs\\ERP_model\\vendor\\laravel\\framework\\src\\Illuminate\\Foundation\\helpers.php(850): app('Illuminate\\\\Cont...')
#13 C:\\xampp\\htdocs\\ERP_model\\vendor\\laravel\\framework\\src\\Illuminate\\Foundation\\Exceptions\\Handler.php(987): response('<!-- Target cla...', 500, Array)
#14 C:\\xampp\\htdocs\\ERP_model\\vendor\\laravel\\framework\\src\\Illuminate\\Foundation\\Exceptions\\Handler.php(839): Illuminate\\Foundation\\Exceptions\\Handler->toIlluminateResponse(Object(Symfony\\Component\\HttpFoundation\\Response), Object(Illuminate\\Contracts\\Container\\BindingResolutionException))
#15 C:\\xampp\\htdocs\\ERP_model\\vendor\\laravel\\framework\\src\\Illuminate\\Foundation\\Exceptions\\Handler.php(738): Illuminate\\Foundation\\Exceptions\\Handler->prepareResponse(Object(Illuminate\\Http\\Request), Object(Illuminate\\Contracts\\Container\\BindingResolutionException))
#16 C:\\xampp\\htdocs\\ERP_model\\vendor\\laravel\\framework\\src\\Illuminate\\Foundation\\Exceptions\\Handler.php(626): Illuminate\\Foundation\\Exceptions\\Handler->renderExceptionResponse(Object(Illuminate\\Http\\Request), Object(Illuminate\\Contracts\\Container\\BindingResolutionException))
#17 C:\\xampp\\htdocs\\ERP_model\\vendor\\laravel\\framework\\src\\Illuminate\\Foundation\\Bootstrap\\HandleExceptions.php(225): Illuminate\\Foundation\\Exceptions\\Handler->render(Object(Illuminate\\Http\\Request), Object(Illuminate\\Contracts\\Container\\BindingResolutionException))
#18 C:\\xampp\\htdocs\\ERP_model\\vendor\\laravel\\framework\\src\\Illuminate\\Foundation\\Bootstrap\\HandleExceptions.php(202): Illuminate\\Foundation\\Bootstrap\\HandleExceptions->renderHttpResponse(Object(Illuminate\\Contracts\\Container\\BindingResolutionException))
#19 C:\\xampp\\htdocs\\ERP_model\\vendor\\laravel\\framework\\src\\Illuminate\\Foundation\\Bootstrap\\HandleExceptions.php(262): Illuminate\\Foundation\\Bootstrap\\HandleExceptions->handleException(Object(Illuminate\\Contracts\\Container\\BindingResolutionException))
#20 [internal function]: Illuminate\\Foundation\\Bootstrap\\HandleExceptions->Illuminate\\Foundation\\Bootstrap\\{closure}(Object(Illuminate\\Contracts\\Container\\BindingResolutionException))
#21 {main}
  thrown at C:/xampp/htdocs/ERP_model/vendor/laravel/framework/src/Illuminate/Container/Container.php:1124)
[stacktrace]
#0 {main}
"} 
[2026-06-19 06:48:28] local.ERROR: Target class [files] does not exist. {"exception":"[object] (Illuminate\\Contracts\\Container\\BindingResolutionException(code: 0): Target class [files] does not exist. at C:/xampp/htdocs/ERP_model/vendor/laravel/framework/src/Illuminate/Container/Container.php:1124)
[stacktrace]
#0 C:/xampp/htdocs/ERP_model/vendor/laravel/framework/src/Illuminate/Container/Container.php(933): Illuminate/Container/Container->build('files')
#1 C:/xampp/htdocs/ERP_model/vendor/laravel/framework/src/Illuminate/Foundation/Application.php(1078): Illuminate/Container/Container->resolve('files', Array, true)
#2 C:/xampp/htdocs/ERP_model/vendor/laravel/framework/src/Illuminate/Container/Container.php(864): Illuminate/Foundation/Application->resolve('files', Array)
#3 C:/xampp/htdocs/ERP_model/vendor/laravel/framework/src/Illuminate/Foundation/Application.php(1058): Illuminate/Container/Container->make('files', Array)
#4 C:/xampp/htdocs/ERP_model/vendor/laravel/framework/src/Illuminate/Container/Container.php(1805): Illuminate/Foundation/Application->make('files')
#5 C:/xampp/htdocs/ERP_model/vendor/laravel/framework/src/Illuminate/Foundation/Application.php(1358): Illuminate/Container/Container->offsetGet('files')
#6 C:/xampp/htdocs/ERP_model/vendor/laravel/framework/src/Illuminate/Foundation/Support/Providers/EventServiceProvider.php(107): Illuminate/Foundation/Application->eventsAreCached()
#7 C:/xampp/htdocs/ERP_model/vendor/laravel/framework/src/Illuminate/Foundation/Support/Providers/EventServiceProvider.php(58): Illuminate/Foundation/Support/Providers/EventServiceProvider->getEvents()
#8 C:/xampp/htdocs/ERP_model/vendor/laravel/framework/src/Illuminate/Container/BoundMethod.php(36): Illuminate/Foundation/Support/Providers/EventServiceProvider->Illuminate/Foundation/Support/Providers/{closure}()
#9 C:/xampp/htdocs/ERP_model/vendor/laravel/framework/src/Illuminate/Container/Util.php(43): Illuminate/Container/BoundMethod::Illuminate/Container/{closure}()
#10 C:/xampp/htdocs/ERP_model/vendor/laravel/framework/src/Illuminate/Container/BoundMethod.php(84): Illuminate/Container/Util::unwrapIfClosure(Object(Closure))
#11 C:/xampp/htdocs/ERP_model/vendor/laravel/framework/src/Illuminate/Container/BoundMethod.php(35): Illuminate/Container/BoundMethod::callBoundMethod(Object(Illuminate/Foundation/Application), Object(Closure), Object(Closure))
#12 C:/xampp/htdocs/ERP_model/vendor/laravel/framework/src/Illuminate/Container/Container.php(799): Illuminate/Container/BoundMethod::call(Object(Illuminate/Foundation/Application), Object(Closure), Array, NULL)
#13 C:/xampp/htdocs/ERP_model/vendor/laravel/framework/src/Illuminate/Support/ServiceProvider.php(134): Illuminate/Container/Container->call(Object(Closure))
#14 C:/xampp/htdocs/ERP_model/vendor/laravel/framework/src/Illuminate/Foundation/Application.php(1148): Illuminate/Support/ServiceProvider->callBootingCallbacks()
#15 C:/xampp/htdocs/ERP_model/vendor/laravel/framework/src/Illuminate/Foundation/Application.php(1132): Illuminate/Foundation/Application->bootProvider(Object(Illuminate/Foundation/Support/Providers/EventServiceProvider))
#16 [internal function]: Illuminate/Foundation/Application->Illuminate/Foundation/{closure}(Object(Illuminate/Foundation/Support/Providers/EventServiceProvider), 'Illuminate//Foun...')
#17 C:/xampp/htdocs/ERP_model/vendor/laravel/framework/src/Illuminate/Foundation/Application.php(1131): array_walk(Array, Object(Closure))
#18 C:/xampp/htdocs/ERP_model/vendor/laravel/framework/src/Illuminate/Foundation/Bootstrap/BootProviders.php(17): Illuminate/Foundation/Application->boot()
#19 C:/xampp/htdocs/ERP_model/vendor/laravel/framework/src/Illuminate/Foundation/Application.php(342): Illuminate/Foundation/Bootstrap/BootProviders->bootstrap(Object(Illuminate/Foundation/Application))
#20 C:/xampp/htdocs/ERP_model/vendor/laravel/framework/src/Illuminate/Foundation/Http/Kernel.php(186): Illuminate/Foundation/Application->bootstrapWith(Array)
#21 C:/xampp/htdocs/ERP_model/vendor/laravel/framework/src/Illuminate/Foundation/Http/Kernel.php(170): Illuminate/Foundation/Http/Kernel->bootstrap()
#22 C:/xampp/htdocs/ERP_model/vendor/laravel/framework/src/Illuminate/Foundation/Http/Kernel.php(144): Illuminate/Foundation/Http/Kernel->sendRequestThroughRouter(Object(Illuminate/Http/Request))
#23 C:/xampp/htdocs/ERP_model/vendor/laravel/framework/src/Illuminate/Foundation/Application.php(1220): Illuminate/Foundation/Http/Kernel->handle(Object(Illuminate/Http/Request))
#24 C:/xampp/htdocs/ERP_model/public/index.php(20): Illuminate/Foundation/Application->handleRequest(Object(Illuminate/Http/Request))
#25 C:/xampp/htdocs/ERP_model/vendor/laravel/framework/src/Illuminate/Foundation/resources/server.php(23): require_once('C://xampp//htdocs...')
#26 {main}

[previous exception] [object] (ReflectionException(code: -1): Class \"files\" does not exist at C:/xampp/htdocs/ERP_model/vendor/laravel/framework/src/Illuminate/Container/Container.php:1122)
[stacktrace]
#0 C:/xampp/htdocs/ERP_model/vendor/laravel/framework/src/Illuminate/Container/Container.php(1122): ReflectionClass->__construct('files')
#1 C:/xampp/htdocs/ERP_model/vendor/laravel/framework/src/Illuminate/Container/Container.php(933): Illuminate/Container/Container->build('files')
#2 C:/xampp/htdocs/ERP_model/vendor/laravel/framework/src/Illuminate/Foundation/Application.php(1078): Illuminate/Container/Container->resolve('files', Array, true)
#3 C:/xampp/htdocs/ERP_model/vendor/laravel/framework/src/Illuminate/Container/Container.php(864): Illuminate/Foundation/Application->resolve('files', Array)
#4 C:/xampp/htdocs/ERP_model/vendor/laravel/framework/src/Illuminate/Foundation/Application.php(1058): Illuminate/Container/Container->make('files', Array)
#5 C:/xampp/htdocs/ERP_model/vendor/laravel/framework/src/Illuminate/Container/Container.php(1805): Illuminate/Foundation/Application->make('files')
#6 C:/xampp/htdocs/ERP_model/vendor/laravel/framework/src/Illuminate/Foundation/Application.php(1358): Illuminate/Container/Container->offsetGet('files')
#7 C:/xampp/htdocs/ERP_model/vendor/laravel/framework/src/Illuminate/Foundation/Support/Providers/EventServiceProvider.php(107): Illuminate/Foundation/Application->eventsAreCached()
#8 C:/xampp/htdocs/ERP_model/vendor/laravel/framework/src/Illuminate/Foundation/Support/Providers/EventServiceProvider.php(58): Illuminate/Foundation/Support/Providers/EventServiceProvider->getEvents()
#9 C:/xampp/htdocs/ERP_model/vendor/laravel/framework/src/Illuminate/Container/BoundMethod.php(36): Illuminate/Foundation/Support/Providers/EventServiceProvider->Illuminate/Foundation/Support/Providers/{closure}()
#10 C:/xampp/htdocs/ERP_model/vendor/laravel/framework/src/Illuminate/Container/Util.php(43): Illuminate/Container/BoundMethod::Illuminate/Container/{closure}()
#11 C:/xampp/htdocs/ERP_model/vendor/laravel/framework/src/Illuminate/Container/BoundMethod.php(84): Illuminate/Container/Util::unwrapIfClosure(Object(Closure))
#12 C:/xampp/htdocs/ERP_model/vendor/laravel/framework/src/Illuminate/Container/BoundMethod.php(35): Illuminate/Container/BoundMethod::callBoundMethod(Object(Illuminate/Foundation/Application), Object(Closure), Object(Closure))
#13 C:/xampp/htdocs/ERP_model/vendor/laravel/framework/src/Illuminate/Container/Container.php(799): Illuminate/Container/BoundMethod::call(Object(Illuminate/Foundation/Application), Object(Closure), Array, NULL)
#14 C:/xampp/htdocs/ERP_model/vendor/laravel/framework/src/Illuminate/Support/ServiceProvider.php(134): Illuminate/Container/Container->call(Object(Closure))
#15 C:/xampp/htdocs/ERP_model/vendor/laravel/framework/src/Illuminate/Foundation/Application.php(1148): Illuminate/Support/ServiceProvider->callBootingCallbacks()
#16 C:/xampp/htdocs/ERP_model/vendor/laravel/framework/src/Illuminate/Foundation/Application.php(1132): Illuminate/Foundation/Application->bootProvider(Object(Illuminate/Foundation/Support/Providers/EventServiceProvider))
#17 [internal function]: Illuminate/Foundation/Application->Illuminate/Foundation/{closure}(Object(Illuminate/Foundation/Support/Providers/EventServiceProvider), 'Illuminate//Foun...')
#18 C:/xampp/htdocs/ERP_model/vendor/laravel/framework/src/Illuminate/Foundation/Application.php(1131): array_walk(Array, Object(Closure))
#19 C:/xampp/htdocs/ERP_model/vendor/laravel/framework/src/Illuminate/Foundation/Bootstrap/BootProviders.php(17): Illuminate/Foundation/Application->boot()
#20 C:/xampp/htdocs/ERP_model/vendor/laravel/framework/src/Illuminate/Foundation/Application.php(342): Illuminate/Foundation/Bootstrap/BootProviders->bootstrap(Object(Illuminate/Foundation/Application))
#21 C:/xampp/htdocs/ERP_model/vendor/laravel/framework/src/Illuminate/Foundation/Http/Kernel.php(186): Illuminate/Foundation/Application->bootstrapWith(Array)
#22 C:/xampp/htdocs/ERP_model/vendor/laravel/framework/src/Illuminate/Foundation/Http/Kernel.php(170): Illuminate/Foundation/Http/Kernel->bootstrap()
#23 C:/xampp/htdocs/ERP_model/vendor/laravel/framework/src/Illuminate/Foundation/Http/Kernel.php(144): Illuminate/Foundation/Http/Kernel->sendRequestThroughRouter(Object(Illuminate/Http/Request))
#24 C:/xampp/htdocs/ERP_model/vendor/laravel/framework/src/Illuminate/Foundation/Application.php(1220): Illuminate/Foundation/Http/Kernel->handle(Object(Illuminate/Http/Request))
#25 C:/xampp/htdocs/ERP_model/public/index.php(20): Illuminate/Foundation/Application->handleRequest(Object(Illuminate/Http/Request))
#26 C:/xampp/htdocs/ERP_model/vendor/laravel/framework/src/Illuminate/Foundation/resources/server.php(23): require_once('C://xampp//htdocs...')
#27 {main}
"} 
[2026-06-19 06:48:28] local.ERROR: Target class [view] does not exist. {"exception":"[object] (Illuminate\\Contracts\\Container\\BindingResolutionException(code: 0): Target class [view] does not exist. at C:/xampp/htdocs/ERP_model/vendor/laravel/framework/src/Illuminate/Container/Container.php:1124)
[stacktrace]
#0 C:/xampp/htdocs/ERP_model/vendor/laravel/framework/src/Illuminate/Container/Container.php(933): Illuminate/Container/Container->build('view')
#1 C:/xampp/htdocs/ERP_model/vendor/laravel/framework/src/Illuminate/Foundation/Application.php(1078): Illuminate/Container/Container->resolve('view', Array, true)
#2 C:/xampp/htdocs/ERP_model/vendor/laravel/framework/src/Illuminate/Container/Container.php(864): Illuminate/Foundation/Application->resolve('view', Array)
#3 C:/xampp/htdocs/ERP_model/vendor/laravel/framework/src/Illuminate/Foundation/Application.php(1058): Illuminate/Container/Container->make('view', Array)
#4 C:/xampp/htdocs/ERP_model/vendor/laravel/framework/src/Illuminate/Container/Container.php(1805): Illuminate/Foundation/Application->make('view')
#5 C:/xampp/htdocs/ERP_model/vendor/laravel/framework/src/Illuminate/Routing/RoutingServiceProvider.php(177): Illuminate/Container/Container->offsetGet('Illuminate//Cont...')
#6 C:/xampp/htdocs/ERP_model/vendor/laravel/framework/src/Illuminate/Container/Container.php(1115): Illuminate/Routing/RoutingServiceProvider->Illuminate/Routing/{closure}(Object(Illuminate/Foundation/Application), Array)
#7 C:/xampp/htdocs/ERP_model/vendor/laravel/framework/src/Illuminate/Container/Container.php(933): Illuminate/Container/Container->build(Object(Closure))
#8 C:/xampp/htdocs/ERP_model/vendor/laravel/framework/src/Illuminate/Foundation/Application.php(1078): Illuminate/Container/Container->resolve('Illuminate//Cont...', Array, true)
#9 C:/xampp/htdocs/ERP_model/vendor/laravel/framework/src/Illuminate/Container/Container.php(864): Illuminate/Foundation/Application->resolve('Illuminate//Cont...', Array)
#10 C:/xampp/htdocs/ERP_model/vendor/laravel/framework/src/Illuminate/Foundation/Application.php(1058): Illuminate/Container/Container->make('Illuminate//Cont...', Array)
#11 C:/xampp/htdocs/ERP_model/vendor/laravel/framework/src/Illuminate/Foundation/helpers.php(138): Illuminate/Foundation/Application->make('Illuminate//Cont...', Array)
#12 C:/xampp/htdocs/ERP_model/vendor/laravel/framework/src/Illuminate/Foundation/helpers.php(850): app('Illuminate//Cont...')
#13 C:/xampp/htdocs/ERP_model/vendor/laravel/framework/src/Illuminate/Foundation/Exceptions/Handler.php(987): response('<!-- Target cla...', 500, Array)
#14 C:/xampp/htdocs/ERP_model/vendor/laravel/framework/src/Illuminate/Foundation/Exceptions/Handler.php(839): Illuminate/Foundation/Exceptions/Handler->toIlluminateResponse(Object(Symfony/Component/HttpFoundation/Response), Object(Illuminate/Contracts/Container/BindingResolutionException))
#15 C:/xampp/htdocs/ERP_model/vendor/laravel/framework/src/Illuminate/Foundation/Exceptions/Handler.php(738): Illuminate/Foundation/Exceptions/Handler->prepareResponse(Object(Illuminate/Http/Request), Object(Illuminate/Contracts/Container/BindingResolutionException))
#16 C:/xampp/htdocs/ERP_model/vendor/laravel/framework/src/Illuminate/Foundation/Exceptions/Handler.php(626): Illuminate/Foundation/Exceptions/Handler->renderExceptionResponse(Object(Illuminate/Http/Request), Object(Illuminate/Contracts/Container/BindingResolutionException))
#17 C:/xampp/htdocs/ERP_model/vendor/laravel/framework/src/Illuminate/Foundation/Http/Kernel.php(574): Illuminate/Foundation/Exceptions/Handler->render(Object(Illuminate/Http/Request), Object(Illuminate/Contracts/Container/BindingResolutionException))
#18 C:/xampp/htdocs/ERP_model/vendor/laravel/framework/src/Illuminate/Foundation/Http/Kernel.php(148): Illuminate/Foundation/Http/Kernel->renderException(Object(Illuminate/Http/Request), Object(Illuminate/Contracts/Container/BindingResolutionException))
#19 C:/xampp/htdocs/ERP_model/vendor/laravel/framework/src/Illuminate/Foundation/Application.php(1220): Illuminate/Foundation/Http/Kernel->handle(Object(Illuminate/Http/Request))
#20 C:/xampp/htdocs/ERP_model/public/index.php(20): Illuminate/Foundation/Application->handleRequest(Object(Illuminate/Http/Request))
#21 C:/xampp/htdocs/ERP_model/vendor/laravel/framework/src/Illuminate/Foundation/resources/server.php(23): require_once('C://xampp//htdocs...')
#22 {main}

[previous exception] [object] (ReflectionException(code: -1): Class \"view\" does not exist at C:/xampp/htdocs/ERP_model/vendor/laravel/framework/src/Illuminate/Container/Container.php:1122)
[stacktrace]
#0 C:/xampp/htdocs/ERP_model/vendor/laravel/framework/src/Illuminate/Container/Container.php(1122): ReflectionClass->__construct('view')
#1 C:/xampp/htdocs/ERP_model/vendor/laravel/framework/src/Illuminate/Container/Container.php(933): Illuminate/Container/Container->build('view')
#2 C:/xampp/htdocs/ERP_model/vendor/laravel/framework/src/Illuminate/Foundation/Application.php(1078): Illuminate/Container/Container->resolve('view', Array, true)
#3 C:/xampp/htdocs/ERP_model/vendor/laravel/framework/src/Illuminate/Container/Container.php(864): Illuminate/Foundation/Application->resolve('view', Array)
#4 C:/xampp/htdocs/ERP_model/vendor/laravel/framework/src/Illuminate/Foundation/Application.php(1058): Illuminate/Container/Container->make('view', Array)
#5 C:/xampp/htdocs/ERP_model/vendor/laravel/framework/src/Illuminate/Container/Container.php(1805): Illuminate/Foundation/Application->make('view')
#6 C:/xampp/htdocs/ERP_model/vendor/laravel/framework/src/Illuminate/Routing/RoutingServiceProvider.php(177): Illuminate/Container/Container->offsetGet('Illuminate//Cont...')
#7 C:/xampp/htdocs/ERP_model/vendor/laravel/framework/src/Illuminate/Container/Container.php(1115): Illuminate/Routing/RoutingServiceProvider->Illuminate/Routing/{closure}(Object(Illuminate/Foundation/Application), Array)
#8 C:/xampp/htdocs/ERP_model/vendor/laravel/framework/src/Illuminate/Container/Container.php(933): Illuminate/Container/Container->build(Object(Closure))
#9 C:/xampp/htdocs/ERP_model/vendor/laravel/framework/src/Illuminate/Foundation/Application.php(1078): Illuminate/Container/Container->resolve('Illuminate//Cont...', Array, true)
#10 C:/xampp/htdocs/ERP_model/vendor/laravel/framework/src/Illuminate/Container/Container.php(864): Illuminate/Foundation/Application->resolve('Illuminate//Cont...', Array)
#11 C:/xampp/htdocs/ERP_model/vendor/laravel/framework/src/Illuminate/Foundation/Application.php(1058): Illuminate/Container/Container->make('Illuminate//Cont...', Array)
#12 C:/xampp/htdocs/ERP_model/vendor/laravel/framework/src/Illuminate/Foundation/helpers.php(138): Illuminate/Foundation/Application->make('Illuminate//Cont...', Array)
#13 C:/xampp/htdocs/ERP_model/vendor/laravel/framework/src/Illuminate/Foundation/helpers.php(850): app('Illuminate//Cont...')
#14 C:/xampp/htdocs/ERP_model/vendor/laravel/framework/src/Illuminate/Foundation/Exceptions/Handler.php(987): response('<!-- Target cla...', 500, Array)
#15 C:/xampp/htdocs/ERP_model/vendor/laravel/framework/src/Illuminate/Foundation/Exceptions/Handler.php(839): Illuminate/Foundation/Exceptions/Handler->toIlluminateResponse(Object(Symfony/Component/HttpFoundation/Response), Object(Illuminate/Contracts/Container/BindingResolutionException))
#16 C:/xampp/htdocs/ERP_model/vendor/laravel/framework/src/Illuminate/Foundation/Exceptions/Handler.php(738): Illuminate/Foundation/Exceptions/Handler->prepareResponse(Object(Illuminate/Http/Request), Object(Illuminate/Contracts/Container/BindingResolutionException))
#17 C:/xampp/htdocs/ERP_model/vendor/laravel/framework/src/Illuminate/Foundation/Exceptions/Handler.php(626): Illuminate/Foundation/Exceptions/Handler->renderExceptionResponse(Object(Illuminate/Http/Request), Object(Illuminate/Contracts/Container/BindingResolutionException))
#18 C:/xampp/htdocs/ERP_model/vendor/laravel/framework/src/Illuminate/Foundation/Http/Kernel.php(574): Illuminate/Foundation/Exceptions/Handler->render(Object(Illuminate/Http/Request), Object(Illuminate/Contracts/Container/BindingResolutionException))
#19 C:/xampp/htdocs/ERP_model/vendor/laravel/framework/src/Illuminate/Foundation/Http/Kernel.php(148): Illuminate/Foundation/Http/Kernel->renderException(Object(Illuminate/Http/Request), Object(Illuminate/Contracts/Container/BindingResolutionException))
#20 C:/xampp/htdocs/ERP_model/vendor/laravel/framework/src/Illuminate/Foundation/Application.php(1220): Illuminate/Foundation/Http/Kernel->handle(Object(Illuminate/Http/Request))
#21 C:/xampp/htdocs/ERP_model/public/index.php(20): Illuminate/Foundation/Application->handleRequest(Object(Illuminate/Http/Request))
#22 C:/xampp/htdocs/ERP_model/vendor/laravel/framework/src/Illuminate/Foundation/resources/server.php(23): require_once('C://xampp//htdocs...')
#23 {main}
"} 
[2026-06-19 06:48:28] local.ERROR: Uncaught ReflectionException: Class "view" does not exist in C:\xampp\htdocs\ERP_model\vendor\laravel\framework\src\Illuminate\Container\Container.php:1122
Stack trace:
#0 C:\xampp\htdocs\ERP_model\vendor\laravel\framework\src\Illuminate\Container\Container.php(1122): ReflectionClass->__construct('view')
#1 C:\xampp\htdocs\ERP_model\vendor\laravel\framework\src\Illuminate\Container\Container.php(933): Illuminate\Container\Container->build('view')
#2 C:\xampp\htdocs\ERP_model\vendor\laravel\framework\src\Illuminate\Foundation\Application.php(1078): Illuminate\Container\Container->resolve('view', Array, true)
#3 C:\xampp\htdocs\ERP_model\vendor\laravel\framework\src\Illuminate\Container\Container.php(864): Illuminate\Foundation\Application->resolve('view', Array)
#4 C:\xampp\htdocs\ERP_model\vendor\laravel\framework\src\Illuminate\Foundation\Application.php(1058): Illuminate\Container\Container->make('view', Array)
#5 C:\xampp\htdocs\ERP_model\vendor\laravel\framework\src\Illuminate\Container\Container.php(1805): Illuminate\Foundation\Application->make('view')
#6 C:\xampp\htdocs\ERP_model\vendor\laravel\framework\src\Illuminate\Routing\RoutingServiceProvider.php(177): Illuminate\Container\Container->offsetGet('Illuminate\\Cont...')
#7 C:\xampp\htdocs\ERP_model\vendor\laravel\framework\src\Illuminate\Container\Container.php(1115): Illuminate\Routing\RoutingServiceProvider->Illuminate\Routing\{closure}(Object(Illuminate\Foundation\Application), Array)
#8 C:\xampp\htdocs\ERP_model\vendor\laravel\framework\src\Illuminate\Container\Container.php(933): Illuminate\Container\Container->build(Object(Closure))
#9 C:\xampp\htdocs\ERP_model\vendor\laravel\framework\src\Illuminate\Foundation\Application.php(1078): Illuminate\Container\Container->resolve('Illuminate\\Cont...', Array, true)
#10 C:\xampp\htdocs\ERP_model\vendor\laravel\framework\src\Illuminate\Container\Container.php(864): Illuminate\Foundation\Application->resolve('Illuminate\\Cont...', Array)
#11 C:\xampp\htdocs\ERP_model\vendor\laravel\framework\src\Illuminate\Foundation\Application.php(1058): Illuminate\Container\Container->make('Illuminate\\Cont...', Array)
#12 C:\xampp\htdocs\ERP_model\vendor\laravel\framework\src\Illuminate\Foundation\helpers.php(138): Illuminate\Foundation\Application->make('Illuminate\\Cont...', Array)
#13 C:\xampp\htdocs\ERP_model\vendor\laravel\framework\src\Illuminate\Foundation\helpers.php(850): app('Illuminate\\Cont...')
#14 C:\xampp\htdocs\ERP_model\vendor\laravel\framework\src\Illuminate\Foundation\Exceptions\Handler.php(987): response('<!-- Target cla...', 500, Array)
#15 C:\xampp\htdocs\ERP_model\vendor\laravel\framework\src\Illuminate\Foundation\Exceptions\Handler.php(839): Illuminate\Foundation\Exceptions\Handler->toIlluminateResponse(Object(Symfony\Component\HttpFoundation\Response), Object(Illuminate\Contracts\Container\BindingResolutionException))
#16 C:\xampp\htdocs\ERP_model\vendor\laravel\framework\src\Illuminate\Foundation\Exceptions\Handler.php(738): Illuminate\Foundation\Exceptions\Handler->prepareResponse(Object(Illuminate\Http\Request), Object(Illuminate\Contracts\Container\BindingResolutionException))
#17 C:\xampp\htdocs\ERP_model\vendor\laravel\framework\src\Illuminate\Foundation\Exceptions\Handler.php(626): Illuminate\Foundation\Exceptions\Handler->renderExceptionResponse(Object(Illuminate\Http\Request), Object(Illuminate\Contracts\Container\BindingResolutionException))
#18 C:\xampp\htdocs\ERP_model\vendor\laravel\framework\src\Illuminate\Foundation\Bootstrap\HandleExceptions.php(225): Illuminate\Foundation\Exceptions\Handler->render(Object(Illuminate\Http\Request), Object(Illuminate\Contracts\Container\BindingResolutionException))
#19 C:\xampp\htdocs\ERP_model\vendor\laravel\framework\src\Illuminate\Foundation\Bootstrap\HandleExceptions.php(202): Illuminate\Foundation\Bootstrap\HandleExceptions->renderHttpResponse(Object(Illuminate\Contracts\Container\BindingResolutionException))
#20 C:\xampp\htdocs\ERP_model\vendor\laravel\framework\src\Illuminate\Foundation\Bootstrap\HandleExceptions.php(262): Illuminate\Foundation\Bootstrap\HandleExceptions->handleException(Object(Illuminate\Contracts\Container\BindingResolutionException))
#21 [internal function]: Illuminate\Foundation\Bootstrap\HandleExceptions->Illuminate\Foundation\Bootstrap\{closure}(Object(Illuminate\Contracts\Container\BindingResolutionException))
#22 {main}

Next Illuminate\Contracts\Container\BindingResolutionException: Target class [view] does not exist. in C:\xampp\htdocs\ERP_model\vendor\laravel\framework\src\Illuminate\Container\Container.php:1124
Stack trace:
#0 C:\xampp\htdocs\ERP_model\vendor\laravel\framework\src\Illuminate\Container\Container.php(933): Illuminate\Container\Container->build('view')
#1 C:\xampp\htdocs\ERP_model\vendor\laravel\framework\src\Illuminate\Foundation\Application.php(1078): Illuminate\Container\Container->resolve('view', Array, true)
#2 C:\xampp\htdocs\ERP_model\vendor\laravel\framework\src\Illuminate\Container\Container.php(864): Illuminate\Foundation\Application->resolve('view', Array)
#3 C:\xampp\htdocs\ERP_model\vendor\laravel\framework\src\Illuminate\Foundation\Application.php(1058): Illuminate\Container\Container->make('view', Array)
#4 C:\xampp\htdocs\ERP_model\vendor\laravel\framework\src\Illuminate\Container\Container.php(1805): Illuminate\Foundation\Application->make('view')
#5 C:\xampp\htdocs\ERP_model\vendor\laravel\framework\src\Illuminate\Routing\RoutingServiceProvider.php(177): Illuminate\Container\Container->offsetGet('Illuminate\\Cont...')
#6 C:\xampp\htdocs\ERP_model\vendor\laravel\framework\src\Illuminate\Container\Container.php(1115): Illuminate\Routing\RoutingServiceProvider->Illuminate\Routing\{closure}(Object(Illuminate\Foundation\Application), Array)
#7 C:\xampp\htdocs\ERP_model\vendor\laravel\framework\src\Illuminate\Container\Container.php(933): Illuminate\Container\Container->build(Object(Closure))
#8 C:\xampp\htdocs\ERP_model\vendor\laravel\framework\src\Illuminate\Foundation\Application.php(1078): Illuminate\Container\Container->resolve('Illuminate\\Cont...', Array, true)
#9 C:\xampp\htdocs\ERP_model\vendor\laravel\framework\src\Illuminate\Container\Container.php(864): Illuminate\Foundation\Application->resolve('Illuminate\\Cont...', Array)
#10 C:\xampp\htdocs\ERP_model\vendor\laravel\framework\src\Illuminate\Foundation\Application.php(1058): Illuminate\Container\Container->make('Illuminate\\Cont...', Array)
#11 C:\xampp\htdocs\ERP_model\vendor\laravel\framework\src\Illuminate\Foundation\helpers.php(138): Illuminate\Foundation\Application->make('Illuminate\\Cont...', Array)
#12 C:\xampp\htdocs\ERP_model\vendor\laravel\framework\src\Illuminate\Foundation\helpers.php(850): app('Illuminate\\Cont...')
#13 C:\xampp\htdocs\ERP_model\vendor\laravel\framework\src\Illuminate\Foundation\Exceptions\Handler.php(987): response('<!-- Target cla...', 500, Array)
#14 C:\xampp\htdocs\ERP_model\vendor\laravel\framework\src\Illuminate\Foundation\Exceptions\Handler.php(839): Illuminate\Foundation\Exceptions\Handler->toIlluminateResponse(Object(Symfony\Component\HttpFoundation\Response), Object(Illuminate\Contracts\Container\BindingResolutionException))
#15 C:\xampp\htdocs\ERP_model\vendor\laravel\framework\src\Illuminate\Foundation\Exceptions\Handler.php(738): Illuminate\Foundation\Exceptions\Handler->prepareResponse(Object(Illuminate\Http\Request), Object(Illuminate\Contracts\Container\BindingResolutionException))
#16 C:\xampp\htdocs\ERP_model\vendor\laravel\framework\src\Illuminate\Foundation\Exceptions\Handler.php(626): Illuminate\Foundation\Exceptions\Handler->renderExceptionResponse(Object(Illuminate\Http\Request), Object(Illuminate\Contracts\Container\BindingResolutionException))
#17 C:\xampp\htdocs\ERP_model\vendor\laravel\framework\src\Illuminate\Foundation\Bootstrap\HandleExceptions.php(225): Illuminate\Foundation\Exceptions\Handler->render(Object(Illuminate\Http\Request), Object(Illuminate\Contracts\Container\BindingResolutionException))
#18 C:\xampp\htdocs\ERP_model\vendor\laravel\framework\src\Illuminate\Foundation\Bootstrap\HandleExceptions.php(202): Illuminate\Foundation\Bootstrap\HandleExceptions->renderHttpResponse(Object(Illuminate\Contracts\Container\BindingResolutionException))
#19 C:\xampp\htdocs\ERP_model\vendor\laravel\framework\src\Illuminate\Foundation\Bootstrap\HandleExceptions.php(262): Illuminate\Foundation\Bootstrap\HandleExceptions->handleException(Object(Illuminate\Contracts\Container\BindingResolutionException))
#20 [internal function]: Illuminate\Foundation\Bootstrap\HandleExceptions->Illuminate\Foundation\Bootstrap\{closure}(Object(Illuminate\Contracts\Container\BindingResolutionException))
#21 {main}
  thrown {"exception":"[object] (Symfony\\Component\\ErrorHandler\\Error\\FatalError(code: 0): Uncaught ReflectionException: Class \"view\" does not exist in C:\\xampp\\htdocs\\ERP_model\\vendor\\laravel\\framework\\src\\Illuminate\\Container\\Container.php:1122
Stack trace:
#0 C:\\xampp\\htdocs\\ERP_model\\vendor\\laravel\\framework\\src\\Illuminate\\Container\\Container.php(1122): ReflectionClass->__construct('view')
#1 C:\\xampp\\htdocs\\ERP_model\\vendor\\laravel\\framework\\src\\Illuminate\\Container\\Container.php(933): Illuminate\\Container\\Container->build('view')
#2 C:\\xampp\\htdocs\\ERP_model\\vendor\\laravel\\framework\\src\\Illuminate\\Foundation\\Application.php(1078): Illuminate\\Container\\Container->resolve('view', Array, true)
#3 C:\\xampp\\htdocs\\ERP_model\\vendor\\laravel\\framework\\src\\Illuminate\\Container\\Container.php(864): Illuminate\\Foundation\\Application->resolve('view', Array)
#4 C:\\xampp\\htdocs\\ERP_model\\vendor\\laravel\\framework\\src\\Illuminate\\Foundation\\Application.php(1058): Illuminate\\Container\\Container->make('view', Array)
#5 C:\\xampp\\htdocs\\ERP_model\\vendor\\laravel\\framework\\src\\Illuminate\\Container\\Container.php(1805): Illuminate\\Foundation\\Application->make('view')
#6 C:\\xampp\\htdocs\\ERP_model\\vendor\\laravel\\framework\\src\\Illuminate\\Routing\\RoutingServiceProvider.php(177): Illuminate\\Container\\Container->offsetGet('Illuminate\\\\Cont...')
#7 C:\\xampp\\htdocs\\ERP_model\\vendor\\laravel\\framework\\src\\Illuminate\\Container\\Container.php(1115): Illuminate\\Routing\\RoutingServiceProvider->Illuminate\\Routing\\{closure}(Object(Illuminate\\Foundation\\Application), Array)
#8 C:\\xampp\\htdocs\\ERP_model\\vendor\\laravel\\framework\\src\\Illuminate\\Container\\Container.php(933): Illuminate\\Container\\Container->build(Object(Closure))
#9 C:\\xampp\\htdocs\\ERP_model\\vendor\\laravel\\framework\\src\\Illuminate\\Foundation\\Application.php(1078): Illuminate\\Container\\Container->resolve('Illuminate\\\\Cont...', Array, true)
#10 C:\\xampp\\htdocs\\ERP_model\\vendor\\laravel\\framework\\src\\Illuminate\\Container\\Container.php(864): Illuminate\\Foundation\\Application->resolve('Illuminate\\\\Cont...', Array)
#11 C:\\xampp\\htdocs\\ERP_model\\vendor\\laravel\\framework\\src\\Illuminate\\Foundation\\Application.php(1058): Illuminate\\Container\\Container->make('Illuminate\\\\Cont...', Array)
#12 C:\\xampp\\htdocs\\ERP_model\\vendor\\laravel\\framework\\src\\Illuminate\\Foundation\\helpers.php(138): Illuminate\\Foundation\\Application->make('Illuminate\\\\Cont...', Array)
#13 C:\\xampp\\htdocs\\ERP_model\\vendor\\laravel\\framework\\src\\Illuminate\\Foundation\\helpers.php(850): app('Illuminate\\\\Cont...')
#14 C:\\xampp\\htdocs\\ERP_model\\vendor\\laravel\\framework\\src\\Illuminate\\Foundation\\Exceptions\\Handler.php(987): response('<!-- Target cla...', 500, Array)
#15 C:\\xampp\\htdocs\\ERP_model\\vendor\\laravel\\framework\\src\\Illuminate\\Foundation\\Exceptions\\Handler.php(839): Illuminate\\Foundation\\Exceptions\\Handler->toIlluminateResponse(Object(Symfony\\Component\\HttpFoundation\\Response), Object(Illuminate\\Contracts\\Container\\BindingResolutionException))
#16 C:\\xampp\\htdocs\\ERP_model\\vendor\\laravel\\framework\\src\\Illuminate\\Foundation\\Exceptions\\Handler.php(738): Illuminate\\Foundation\\Exceptions\\Handler->prepareResponse(Object(Illuminate\\Http\\Request), Object(Illuminate\\Contracts\\Container\\BindingResolutionException))
#17 C:\\xampp\\htdocs\\ERP_model\\vendor\\laravel\\framework\\src\\Illuminate\\Foundation\\Exceptions\\Handler.php(626): Illuminate\\Foundation\\Exceptions\\Handler->renderExceptionResponse(Object(Illuminate\\Http\\Request), Object(Illuminate\\Contracts\\Container\\BindingResolutionException))
#18 C:\\xampp\\htdocs\\ERP_model\\vendor\\laravel\\framework\\src\\Illuminate\\Foundation\\Bootstrap\\HandleExceptions.php(225): Illuminate\\Foundation\\Exceptions\\Handler->render(Object(Illuminate\\Http\\Request), Object(Illuminate\\Contracts\\Container\\BindingResolutionException))
#19 C:\\xampp\\htdocs\\ERP_model\\vendor\\laravel\\framework\\src\\Illuminate\\Foundation\\Bootstrap\\HandleExceptions.php(202): Illuminate\\Foundation\\Bootstrap\\HandleExceptions->renderHttpResponse(Object(Illuminate\\Contracts\\Container\\BindingResolutionException))
#20 C:\\xampp\\htdocs\\ERP_model\\vendor\\laravel\\framework\\src\\Illuminate\\Foundation\\Bootstrap\\HandleExceptions.php(262): Illuminate\\Foundation\\Bootstrap\\HandleExceptions->handleException(Object(Illuminate\\Contracts\\Container\\BindingResolutionException))
#21 [internal function]: Illuminate\\Foundation\\Bootstrap\\HandleExceptions->Illuminate\\Foundation\\Bootstrap\\{closure}(Object(Illuminate\\Contracts\\Container\\BindingResolutionException))
#22 {main}

Next Illuminate\\Contracts\\Container\\BindingResolutionException: Target class [view] does not exist. in C:\\xampp\\htdocs\\ERP_model\\vendor\\laravel\\framework\\src\\Illuminate\\Container\\Container.php:1124
Stack trace:
#0 C:\\xampp\\htdocs\\ERP_model\\vendor\\laravel\\framework\\src\\Illuminate\\Container\\Container.php(933): Illuminate\\Container\\Container->build('view')
#1 C:\\xampp\\htdocs\\ERP_model\\vendor\\laravel\\framework\\src\\Illuminate\\Foundation\\Application.php(1078): Illuminate\\Container\\Container->resolve('view', Array, true)
#2 C:\\xampp\\htdocs\\ERP_model\\vendor\\laravel\\framework\\src\\Illuminate\\Container\\Container.php(864): Illuminate\\Foundation\\Application->resolve('view', Array)
#3 C:\\xampp\\htdocs\\ERP_model\\vendor\\laravel\\framework\\src\\Illuminate\\Foundation\\Application.php(1058): Illuminate\\Container\\Container->make('view', Array)
#4 C:\\xampp\\htdocs\\ERP_model\\vendor\\laravel\\framework\\src\\Illuminate\\Container\\Container.php(1805): Illuminate\\Foundation\\Application->make('view')
#5 C:\\xampp\\htdocs\\ERP_model\\vendor\\laravel\\framework\\src\\Illuminate\\Routing\\RoutingServiceProvider.php(177): Illuminate\\Container\\Container->offsetGet('Illuminate\\\\Cont...')
#6 C:\\xampp\\htdocs\\ERP_model\\vendor\\laravel\\framework\\src\\Illuminate\\Container\\Container.php(1115): Illuminate\\Routing\\RoutingServiceProvider->Illuminate\\Routing\\{closure}(Object(Illuminate\\Foundation\\Application), Array)
#7 C:\\xampp\\htdocs\\ERP_model\\vendor\\laravel\\framework\\src\\Illuminate\\Container\\Container.php(933): Illuminate\\Container\\Container->build(Object(Closure))
#8 C:\\xampp\\htdocs\\ERP_model\\vendor\\laravel\\framework\\src\\Illuminate\\Foundation\\Application.php(1078): Illuminate\\Container\\Container->resolve('Illuminate\\\\Cont...', Array, true)
#9 C:\\xampp\\htdocs\\ERP_model\\vendor\\laravel\\framework\\src\\Illuminate\\Container\\Container.php(864): Illuminate\\Foundation\\Application->resolve('Illuminate\\\\Cont...', Array)
#10 C:\\xampp\\htdocs\\ERP_model\\vendor\\laravel\\framework\\src\\Illuminate\\Foundation\\Application.php(1058): Illuminate\\Container\\Container->make('Illuminate\\\\Cont...', Array)
#11 C:\\xampp\\htdocs\\ERP_model\\vendor\\laravel\\framework\\src\\Illuminate\\Foundation\\helpers.php(138): Illuminate\\Foundation\\Application->make('Illuminate\\\\Cont...', Array)
#12 C:\\xampp\\htdocs\\ERP_model\\vendor\\laravel\\framework\\src\\Illuminate\\Foundation\\helpers.php(850): app('Illuminate\\\\Cont...')
#13 C:\\xampp\\htdocs\\ERP_model\\vendor\\laravel\\framework\\src\\Illuminate\\Foundation\\Exceptions\\Handler.php(987): response('<!-- Target cla...', 500, Array)
#14 C:\\xampp\\htdocs\\ERP_model\\vendor\\laravel\\framework\\src\\Illuminate\\Foundation\\Exceptions\\Handler.php(839): Illuminate\\Foundation\\Exceptions\\Handler->toIlluminateResponse(Object(Symfony\\Component\\HttpFoundation\\Response), Object(Illuminate\\Contracts\\Container\\BindingResolutionException))
#15 C:\\xampp\\htdocs\\ERP_model\\vendor\\laravel\\framework\\src\\Illuminate\\Foundation\\Exceptions\\Handler.php(738): Illuminate\\Foundation\\Exceptions\\Handler->prepareResponse(Object(Illuminate\\Http\\Request), Object(Illuminate\\Contracts\\Container\\BindingResolutionException))
#16 C:\\xampp\\htdocs\\ERP_model\\vendor\\laravel\\framework\\src\\Illuminate\\Foundation\\Exceptions\\Handler.php(626): Illuminate\\Foundation\\Exceptions\\Handler->renderExceptionResponse(Object(Illuminate\\Http\\Request), Object(Illuminate\\Contracts\\Container\\BindingResolutionException))
#17 C:\\xampp\\htdocs\\ERP_model\\vendor\\laravel\\framework\\src\\Illuminate\\Foundation\\Bootstrap\\HandleExceptions.php(225): Illuminate\\Foundation\\Exceptions\\Handler->render(Object(Illuminate\\Http\\Request), Object(Illuminate\\Contracts\\Container\\BindingResolutionException))
#18 C:\\xampp\\htdocs\\ERP_model\\vendor\\laravel\\framework\\src\\Illuminate\\Foundation\\Bootstrap\\HandleExceptions.php(202): Illuminate\\Foundation\\Bootstrap\\HandleExceptions->renderHttpResponse(Object(Illuminate\\Contracts\\Container\\BindingResolutionException))
#19 C:\\xampp\\htdocs\\ERP_model\\vendor\\laravel\\framework\\src\\Illuminate\\Foundation\\Bootstrap\\HandleExceptions.php(262): Illuminate\\Foundation\\Bootstrap\\HandleExceptions->handleException(Object(Illuminate\\Contracts\\Container\\BindingResolutionException))
#20 [internal function]: Illuminate\\Foundation\\Bootstrap\\HandleExceptions->Illuminate\\Foundation\\Bootstrap\\{closure}(Object(Illuminate\\Contracts\\Container\\BindingResolutionException))
#21 {main}
  thrown at C:/xampp/htdocs/ERP_model/vendor/laravel/framework/src/Illuminate/Container/Container.php:1124)
[stacktrace]
#0 {main}
"} 
[2026-06-19 06:48:48] local.ERROR: Target class [files] does not exist. {"exception":"[object] (Illuminate\\Contracts\\Container\\BindingResolutionException(code: 0): Target class [files] does not exist. at C:/xampp/htdocs/ERP_model/vendor/laravel/framework/src/Illuminate/Container/Container.php:1124)
[stacktrace]
#0 C:/xampp/htdocs/ERP_model/vendor/laravel/framework/src/Illuminate/Container/Container.php(933): Illuminate/Container/Container->build('files')
#1 C:/xampp/htdocs/ERP_model/vendor/laravel/framework/src/Illuminate/Foundation/Application.php(1078): Illuminate/Container/Container->resolve('files', Array, true)
#2 C:/xampp/htdocs/ERP_model/vendor/laravel/framework/src/Illuminate/Container/Container.php(864): Illuminate/Foundation/Application->resolve('files', Array)
#3 C:/xampp/htdocs/ERP_model/vendor/laravel/framework/src/Illuminate/Foundation/Application.php(1058): Illuminate/Container/Container->make('files', Array)
#4 C:/xampp/htdocs/ERP_model/vendor/spatie/laravel-permission/src/PermissionServiceProvider.php(185): Illuminate/Foundation/Application->make('files')
#5 C:/xampp/htdocs/ERP_model/vendor/spatie/laravel-permission/src/PermissionServiceProvider.php(74): Spatie/Permission/PermissionServiceProvider->getMigrationFileName('create_permissi...')
#6 C:/xampp/htdocs/ERP_model/vendor/spatie/laravel-permission/src/PermissionServiceProvider.php(24): Spatie/Permission/PermissionServiceProvider->offerPublishing()
#7 C:/xampp/htdocs/ERP_model/vendor/laravel/framework/src/Illuminate/Container/BoundMethod.php(36): Spatie/Permission/PermissionServiceProvider->boot()
#8 C:/xampp/htdocs/ERP_model/vendor/laravel/framework/src/Illuminate/Container/Util.php(43): Illuminate/Container/BoundMethod::Illuminate/Container/{closure}()
#9 C:/xampp/htdocs/ERP_model/vendor/laravel/framework/src/Illuminate/Container/BoundMethod.php(96): Illuminate/Container/Util::unwrapIfClosure(Object(Closure))
#10 C:/xampp/htdocs/ERP_model/vendor/laravel/framework/src/Illuminate/Container/BoundMethod.php(35): Illuminate/Container/BoundMethod::callBoundMethod(Object(Illuminate/Foundation/Application), Array, Object(Closure))
#11 C:/xampp/htdocs/ERP_model/vendor/laravel/framework/src/Illuminate/Container/Container.php(799): Illuminate/Container/BoundMethod::call(Object(Illuminate/Foundation/Application), Array, Array, NULL)
#12 C:/xampp/htdocs/ERP_model/vendor/laravel/framework/src/Illuminate/Foundation/Application.php(1151): Illuminate/Container/Container->call(Array)
#13 C:/xampp/htdocs/ERP_model/vendor/laravel/framework/src/Illuminate/Foundation/Application.php(1132): Illuminate/Foundation/Application->bootProvider(Object(Spatie/Permission/PermissionServiceProvider))
#14 [internal function]: Illuminate/Foundation/Application->Illuminate/Foundation/{closure}(Object(Spatie/Permission/PermissionServiceProvider), 'Spatie//Permissi...')
#15 C:/xampp/htdocs/ERP_model/vendor/laravel/framework/src/Illuminate/Foundation/Application.php(1131): array_walk(Array, Object(Closure))
#16 C:/xampp/htdocs/ERP_model/vendor/laravel/framework/src/Illuminate/Foundation/Bootstrap/BootProviders.php(17): Illuminate/Foundation/Application->boot()
#17 C:/xampp/htdocs/ERP_model/vendor/laravel/framework/src/Illuminate/Foundation/Application.php(342): Illuminate/Foundation/Bootstrap/BootProviders->bootstrap(Object(Illuminate/Foundation/Application))
#18 C:/xampp/htdocs/ERP_model/vendor/laravel/framework/src/Illuminate/Foundation/Console/Kernel.php(494): Illuminate/Foundation/Application->bootstrapWith(Array)
#19 C:/xampp/htdocs/ERP_model/vendor/laravel/framework/src/Illuminate/Foundation/Console/Kernel.php(196): Illuminate/Foundation/Console/Kernel->bootstrap()
#20 C:/xampp/htdocs/ERP_model/vendor/laravel/framework/src/Illuminate/Foundation/Application.php(1235): Illuminate/Foundation/Console/Kernel->handle(Object(Symfony/Component/Console/Input/ArgvInput), Object(Symfony/Component/Console/Output/ConsoleOutput))
#21 C:/xampp/htdocs/ERP_model/artisan(16): Illuminate/Foundation/Application->handleCommand(Object(Symfony/Component/Console/Input/ArgvInput))
#22 {main}

[previous exception] [object] (ReflectionException(code: -1): Class \"files\" does not exist at C:/xampp/htdocs/ERP_model/vendor/laravel/framework/src/Illuminate/Container/Container.php:1122)
[stacktrace]
#0 C:/xampp/htdocs/ERP_model/vendor/laravel/framework/src/Illuminate/Container/Container.php(1122): ReflectionClass->__construct('files')
#1 C:/xampp/htdocs/ERP_model/vendor/laravel/framework/src/Illuminate/Container/Container.php(933): Illuminate/Container/Container->build('files')
#2 C:/xampp/htdocs/ERP_model/vendor/laravel/framework/src/Illuminate/Foundation/Application.php(1078): Illuminate/Container/Container->resolve('files', Array, true)
#3 C:/xampp/htdocs/ERP_model/vendor/laravel/framework/src/Illuminate/Container/Container.php(864): Illuminate/Foundation/Application->resolve('files', Array)
#4 C:/xampp/htdocs/ERP_model/vendor/laravel/framework/src/Illuminate/Foundation/Application.php(1058): Illuminate/Container/Container->make('files', Array)
#5 C:/xampp/htdocs/ERP_model/vendor/spatie/laravel-permission/src/PermissionServiceProvider.php(185): Illuminate/Foundation/Application->make('files')
#6 C:/xampp/htdocs/ERP_model/vendor/spatie/laravel-permission/src/PermissionServiceProvider.php(74): Spatie/Permission/PermissionServiceProvider->getMigrationFileName('create_permissi...')
#7 C:/xampp/htdocs/ERP_model/vendor/spatie/laravel-permission/src/PermissionServiceProvider.php(24): Spatie/Permission/PermissionServiceProvider->offerPublishing()
#8 C:/xampp/htdocs/ERP_model/vendor/laravel/framework/src/Illuminate/Container/BoundMethod.php(36): Spatie/Permission/PermissionServiceProvider->boot()
#9 C:/xampp/htdocs/ERP_model/vendor/laravel/framework/src/Illuminate/Container/Util.php(43): Illuminate/Container/BoundMethod::Illuminate/Container/{closure}()
#10 C:/xampp/htdocs/ERP_model/vendor/laravel/framework/src/Illuminate/Container/BoundMethod.php(96): Illuminate/Container/Util::unwrapIfClosure(Object(Closure))
#11 C:/xampp/htdocs/ERP_model/vendor/laravel/framework/src/Illuminate/Container/BoundMethod.php(35): Illuminate/Container/BoundMethod::callBoundMethod(Object(Illuminate/Foundation/Application), Array, Object(Closure))
#12 C:/xampp/htdocs/ERP_model/vendor/laravel/framework/src/Illuminate/Container/Container.php(799): Illuminate/Container/BoundMethod::call(Object(Illuminate/Foundation/Application), Array, Array, NULL)
#13 C:/xampp/htdocs/ERP_model/vendor/laravel/framework/src/Illuminate/Foundation/Application.php(1151): Illuminate/Container/Container->call(Array)
#14 C:/xampp/htdocs/ERP_model/vendor/laravel/framework/src/Illuminate/Foundation/Application.php(1132): Illuminate/Foundation/Application->bootProvider(Object(Spatie/Permission/PermissionServiceProvider))
#15 [internal function]: Illuminate/Foundation/Application->Illuminate/Foundation/{closure}(Object(Spatie/Permission/PermissionServiceProvider), 'Spatie//Permissi...')
#16 C:/xampp/htdocs/ERP_model/vendor/laravel/framework/src/Illuminate/Foundation/Application.php(1131): array_walk(Array, Object(Closure))
#17 C:/xampp/htdocs/ERP_model/vendor/laravel/framework/src/Illuminate/Foundation/Bootstrap/BootProviders.php(17): Illuminate/Foundation/Application->boot()
#18 C:/xampp/htdocs/ERP_model/vendor/laravel/framework/src/Illuminate/Foundation/Application.php(342): Illuminate/Foundation/Bootstrap/BootProviders->bootstrap(Object(Illuminate/Foundation/Application))
#19 C:/xampp/htdocs/ERP_model/vendor/laravel/framework/src/Illuminate/Foundation/Console/Kernel.php(494): Illuminate/Foundation/Application->bootstrapWith(Array)
#20 C:/xampp/htdocs/ERP_model/vendor/laravel/framework/src/Illuminate/Foundation/Console/Kernel.php(196): Illuminate/Foundation/Console/Kernel->bootstrap()
#21 C:/xampp/htdocs/ERP_model/vendor/laravel/framework/src/Illuminate/Foundation/Application.php(1235): Illuminate/Foundation/Console/Kernel->handle(Object(Symfony/Component/Console/Input/ArgvInput), Object(Symfony/Component/Console/Output/ConsoleOutput))
#22 C:/xampp/htdocs/ERP_model/artisan(16): Illuminate/Foundation/Application->handleCommand(Object(Symfony/Component/Console/Input/ArgvInput))
#23 {main}
"} 
[2026-06-19 06:49:42] local.ERROR: Target class [files] does not exist. {"exception":"[object] (Illuminate\\Contracts\\Container\\BindingResolutionException(code: 0): Target class [files] does not exist. at C:/xampp/htdocs/ERP_model/vendor/laravel/framework/src/Illuminate/Container/Container.php:1124)
[stacktrace]
#0 C:/xampp/htdocs/ERP_model/vendor/laravel/framework/src/Illuminate/Container/Container.php(933): Illuminate/Container/Container->build('files')
#1 C:/xampp/htdocs/ERP_model/vendor/laravel/framework/src/Illuminate/Foundation/Application.php(1078): Illuminate/Container/Container->resolve('files', Array, true)
#2 C:/xampp/htdocs/ERP_model/vendor/laravel/framework/src/Illuminate/Container/Container.php(864): Illuminate/Foundation/Application->resolve('files', Array)
#3 C:/xampp/htdocs/ERP_model/vendor/laravel/framework/src/Illuminate/Foundation/Application.php(1058): Illuminate/Container/Container->make('files', Array)
#4 C:/xampp/htdocs/ERP_model/vendor/spatie/laravel-permission/src/PermissionServiceProvider.php(185): Illuminate/Foundation/Application->make('files')
#5 C:/xampp/htdocs/ERP_model/vendor/spatie/laravel-permission/src/PermissionServiceProvider.php(74): Spatie/Permission/PermissionServiceProvider->getMigrationFileName('create_permissi...')
#6 C:/xampp/htdocs/ERP_model/vendor/spatie/laravel-permission/src/PermissionServiceProvider.php(24): Spatie/Permission/PermissionServiceProvider->offerPublishing()
#7 C:/xampp/htdocs/ERP_model/vendor/laravel/framework/src/Illuminate/Container/BoundMethod.php(36): Spatie/Permission/PermissionServiceProvider->boot()
#8 C:/xampp/htdocs/ERP_model/vendor/laravel/framework/src/Illuminate/Container/Util.php(43): Illuminate/Container/BoundMethod::Illuminate/Container/{closure}()
#9 C:/xampp/htdocs/ERP_model/vendor/laravel/framework/src/Illuminate/Container/BoundMethod.php(96): Illuminate/Container/Util::unwrapIfClosure(Object(Closure))
#10 C:/xampp/htdocs/ERP_model/vendor/laravel/framework/src/Illuminate/Container/BoundMethod.php(35): Illuminate/Container/BoundMethod::callBoundMethod(Object(Illuminate/Foundation/Application), Array, Object(Closure))
#11 C:/xampp/htdocs/ERP_model/vendor/laravel/framework/src/Illuminate/Container/Container.php(799): Illuminate/Container/BoundMethod::call(Object(Illuminate/Foundation/Application), Array, Array, NULL)
#12 C:/xampp/htdocs/ERP_model/vendor/laravel/framework/src/Illuminate/Foundation/Application.php(1151): Illuminate/Container/Container->call(Array)
#13 C:/xampp/htdocs/ERP_model/vendor/laravel/framework/src/Illuminate/Foundation/Application.php(1132): Illuminate/Foundation/Application->bootProvider(Object(Spatie/Permission/PermissionServiceProvider))
#14 [internal function]: Illuminate/Foundation/Application->Illuminate/Foundation/{closure}(Object(Spatie/Permission/PermissionServiceProvider), 'Spatie//Permissi...')
#15 C:/xampp/htdocs/ERP_model/vendor/laravel/framework/src/Illuminate/Foundation/Application.php(1131): array_walk(Array, Object(Closure))
#16 C:/xampp/htdocs/ERP_model/vendor/laravel/framework/src/Illuminate/Foundation/Bootstrap/BootProviders.php(17): Illuminate/Foundation/Application->boot()
#17 C:/xampp/htdocs/ERP_model/vendor/laravel/framework/src/Illuminate/Foundation/Application.php(342): Illuminate/Foundation/Bootstrap/BootProviders->bootstrap(Object(Illuminate/Foundation/Application))
#18 C:/xampp/htdocs/ERP_model/vendor/laravel/framework/src/Illuminate/Foundation/Console/Kernel.php(494): Illuminate/Foundation/Application->bootstrapWith(Array)
#19 C:/xampp/htdocs/ERP_model/vendor/laravel/framework/src/Illuminate/Foundation/Console/Kernel.php(196): Illuminate/Foundation/Console/Kernel->bootstrap()
#20 C:/xampp/htdocs/ERP_model/vendor/laravel/framework/src/Illuminate/Foundation/Application.php(1235): Illuminate/Foundation/Console/Kernel->handle(Object(Symfony/Component/Console/Input/ArgvInput), Object(Symfony/Component/Console/Output/ConsoleOutput))
#21 C:/xampp/htdocs/ERP_model/artisan(16): Illuminate/Foundation/Application->handleCommand(Object(Symfony/Component/Console/Input/ArgvInput))
#22 {main}

[previous exception] [object] (ReflectionException(code: -1): Class \"files\" does not exist at C:/xampp/htdocs/ERP_model/vendor/laravel/framework/src/Illuminate/Container/Container.php:1122)
[stacktrace]
#0 C:/xampp/htdocs/ERP_model/vendor/laravel/framework/src/Illuminate/Container/Container.php(1122): ReflectionClass->__construct('files')
#1 C:/xampp/htdocs/ERP_model/vendor/laravel/framework/src/Illuminate/Container/Container.php(933): Illuminate/Container/Container->build('files')
#2 C:/xampp/htdocs/ERP_model/vendor/laravel/framework/src/Illuminate/Foundation/Application.php(1078): Illuminate/Container/Container->resolve('files', Array, true)
#3 C:/xampp/htdocs/ERP_model/vendor/laravel/framework/src/Illuminate/Container/Container.php(864): Illuminate/Foundation/Application->resolve('files', Array)
#4 C:/xampp/htdocs/ERP_model/vendor/laravel/framework/src/Illuminate/Foundation/Application.php(1058): Illuminate/Container/Container->make('files', Array)
#5 C:/xampp/htdocs/ERP_model/vendor/spatie/laravel-permission/src/PermissionServiceProvider.php(185): Illuminate/Foundation/Application->make('files')
#6 C:/xampp/htdocs/ERP_model/vendor/spatie/laravel-permission/src/PermissionServiceProvider.php(74): Spatie/Permission/PermissionServiceProvider->getMigrationFileName('create_permissi...')
#7 C:/xampp/htdocs/ERP_model/vendor/spatie/laravel-permission/src/PermissionServiceProvider.php(24): Spatie/Permission/PermissionServiceProvider->offerPublishing()
#8 C:/xampp/htdocs/ERP_model/vendor/laravel/framework/src/Illuminate/Container/BoundMethod.php(36): Spatie/Permission/PermissionServiceProvider->boot()
#9 C:/xampp/htdocs/ERP_model/vendor/laravel/framework/src/Illuminate/Container/Util.php(43): Illuminate/Container/BoundMethod::Illuminate/Container/{closure}()
#10 C:/xampp/htdocs/ERP_model/vendor/laravel/framework/src/Illuminate/Container/BoundMethod.php(96): Illuminate/Container/Util::unwrapIfClosure(Object(Closure))
#11 C:/xampp/htdocs/ERP_model/vendor/laravel/framework/src/Illuminate/Container/BoundMethod.php(35): Illuminate/Container/BoundMethod::callBoundMethod(Object(Illuminate/Foundation/Application), Array, Object(Closure))
#12 C:/xampp/htdocs/ERP_model/vendor/laravel/framework/src/Illuminate/Container/Container.php(799): Illuminate/Container/BoundMethod::call(Object(Illuminate/Foundation/Application), Array, Array, NULL)
#13 C:/xampp/htdocs/ERP_model/vendor/laravel/framework/src/Illuminate/Foundation/Application.php(1151): Illuminate/Container/Container->call(Array)
#14 C:/xampp/htdocs/ERP_model/vendor/laravel/framework/src/Illuminate/Foundation/Application.php(1132): Illuminate/Foundation/Application->bootProvider(Object(Spatie/Permission/PermissionServiceProvider))
#15 [internal function]: Illuminate/Foundation/Application->Illuminate/Foundation/{closure}(Object(Spatie/Permission/PermissionServiceProvider), 'Spatie//Permissi...')
#16 C:/xampp/htdocs/ERP_model/vendor/laravel/framework/src/Illuminate/Foundation/Application.php(1131): array_walk(Array, Object(Closure))
#17 C:/xampp/htdocs/ERP_model/vendor/laravel/framework/src/Illuminate/Foundation/Bootstrap/BootProviders.php(17): Illuminate/Foundation/Application->boot()
#18 C:/xampp/htdocs/ERP_model/vendor/laravel/framework/src/Illuminate/Foundation/Application.php(342): Illuminate/Foundation/Bootstrap/BootProviders->bootstrap(Object(Illuminate/Foundation/Application))
#19 C:/xampp/htdocs/ERP_model/vendor/laravel/framework/src/Illuminate/Foundation/Console/Kernel.php(494): Illuminate/Foundation/Application->bootstrapWith(Array)
#20 C:/xampp/htdocs/ERP_model/vendor/laravel/framework/src/Illuminate/Foundation/Console/Kernel.php(196): Illuminate/Foundation/Console/Kernel->bootstrap()
#21 C:/xampp/htdocs/ERP_model/vendor/laravel/framework/src/Illuminate/Foundation/Application.php(1235): Illuminate/Foundation/Console/Kernel->handle(Object(Symfony/Component/Console/Input/ArgvInput), Object(Symfony/Component/Console/Output/ConsoleOutput))
#22 C:/xampp/htdocs/ERP_model/artisan(16): Illuminate/Foundation/Application->handleCommand(Object(Symfony/Component/Console/Input/ArgvInput))
#23 {main}
"} 
[2026-06-19 06:51:49] local.ERROR: Class "App\Providers\AuthServiceProvider" not found {"exception":"[object] (Error(code: 0): Class \"App\\Providers\\AuthServiceProvider\" not found at C:/xampp/htdocs/ERP_model/vendor/laravel/framework/src/Illuminate/Foundation/ProviderRepository.php:205)
[stacktrace]
#0 C:/xampp/htdocs/ERP_model/vendor/laravel/framework/src/Illuminate/Foundation/ProviderRepository.php(141): Illuminate/Foundation/ProviderRepository->createProvider('App//Providers//A...')
#1 C:/xampp/htdocs/ERP_model/vendor/laravel/framework/src/Illuminate/Foundation/ProviderRepository.php(60): Illuminate/Foundation/ProviderRepository->compileManifest(Array)
#2 C:/xampp/htdocs/ERP_model/vendor/laravel/framework/src/Illuminate/Foundation/Application.php(871): Illuminate/Foundation/ProviderRepository->load(Array)
#3 C:/xampp/htdocs/ERP_model/vendor/laravel/framework/src/Illuminate/Foundation/Bootstrap/RegisterProviders.php(37): Illuminate/Foundation/Application->registerConfiguredProviders()
#4 C:/xampp/htdocs/ERP_model/vendor/laravel/framework/src/Illuminate/Foundation/Application.php(342): Illuminate/Foundation/Bootstrap/RegisterProviders->bootstrap(Object(Illuminate/Foundation/Application))
#5 C:/xampp/htdocs/ERP_model/vendor/laravel/framework/src/Illuminate/Foundation/Http/Kernel.php(186): Illuminate/Foundation/Application->bootstrapWith(Array)
#6 C:/xampp/htdocs/ERP_model/vendor/laravel/framework/src/Illuminate/Foundation/Http/Kernel.php(170): Illuminate/Foundation/Http/Kernel->bootstrap()
#7 C:/xampp/htdocs/ERP_model/vendor/laravel/framework/src/Illuminate/Foundation/Http/Kernel.php(144): Illuminate/Foundation/Http/Kernel->sendRequestThroughRouter(Object(Illuminate/Http/Request))
#8 C:/xampp/htdocs/ERP_model/vendor/laravel/framework/src/Illuminate/Foundation/Application.php(1220): Illuminate/Foundation/Http/Kernel->handle(Object(Illuminate/Http/Request))
#9 C:/xampp/htdocs/ERP_model/public/index.php(20): Illuminate/Foundation/Application->handleRequest(Object(Illuminate/Http/Request))
#10 C:/xampp/htdocs/ERP_model/vendor/laravel/framework/src/Illuminate/Foundation/resources/server.php(23): require_once('C://xampp//htdocs...')
#11 {main}
"} 
[2026-06-19 06:51:49] local.ERROR: Target class [view] does not exist. {"exception":"[object] (Illuminate\\Contracts\\Container\\BindingResolutionException(code: 0): Target class [view] does not exist. at C:/xampp/htdocs/ERP_model/vendor/laravel/framework/src/Illuminate/Container/Container.php:1124)
[stacktrace]
#0 C:/xampp/htdocs/ERP_model/vendor/laravel/framework/src/Illuminate/Container/Container.php(933): Illuminate/Container/Container->build('view')
#1 C:/xampp/htdocs/ERP_model/vendor/laravel/framework/src/Illuminate/Foundation/Application.php(1078): Illuminate/Container/Container->resolve('view', Array, true)
#2 C:/xampp/htdocs/ERP_model/vendor/laravel/framework/src/Illuminate/Container/Container.php(864): Illuminate/Foundation/Application->resolve('view', Array)
#3 C:/xampp/htdocs/ERP_model/vendor/laravel/framework/src/Illuminate/Foundation/Application.php(1058): Illuminate/Container/Container->make('view', Array)
#4 C:/xampp/htdocs/ERP_model/vendor/laravel/framework/src/Illuminate/Container/Container.php(1805): Illuminate/Foundation/Application->make('view')
#5 C:/xampp/htdocs/ERP_model/vendor/laravel/framework/src/Illuminate/Routing/RoutingServiceProvider.php(177): Illuminate/Container/Container->offsetGet('Illuminate//Cont...')
#6 C:/xampp/htdocs/ERP_model/vendor/laravel/framework/src/Illuminate/Container/Container.php(1115): Illuminate/Routing/RoutingServiceProvider->Illuminate/Routing/{closure}(Object(Illuminate/Foundation/Application), Array)
#7 C:/xampp/htdocs/ERP_model/vendor/laravel/framework/src/Illuminate/Container/Container.php(933): Illuminate/Container/Container->build(Object(Closure))
#8 C:/xampp/htdocs/ERP_model/vendor/laravel/framework/src/Illuminate/Foundation/Application.php(1078): Illuminate/Container/Container->resolve('Illuminate//Cont...', Array, true)
#9 C:/xampp/htdocs/ERP_model/vendor/laravel/framework/src/Illuminate/Container/Container.php(864): Illuminate/Foundation/Application->resolve('Illuminate//Cont...', Array)
#10 C:/xampp/htdocs/ERP_model/vendor/laravel/framework/src/Illuminate/Foundation/Application.php(1058): Illuminate/Container/Container->make('Illuminate//Cont...', Array)
#11 C:/xampp/htdocs/ERP_model/vendor/laravel/framework/src/Illuminate/Foundation/helpers.php(138): Illuminate/Foundation/Application->make('Illuminate//Cont...', Array)
#12 C:/xampp/htdocs/ERP_model/vendor/laravel/framework/src/Illuminate/Foundation/helpers.php(850): app('Illuminate//Cont...')
#13 C:/xampp/htdocs/ERP_model/vendor/laravel/framework/src/Illuminate/Foundation/Exceptions/Handler.php(987): response('<!-- Class &quo...', 500, Array)
#14 C:/xampp/htdocs/ERP_model/vendor/laravel/framework/src/Illuminate/Foundation/Exceptions/Handler.php(839): Illuminate/Foundation/Exceptions/Handler->toIlluminateResponse(Object(Symfony/Component/HttpFoundation/Response), Object(Error))
#15 C:/xampp/htdocs/ERP_model/vendor/laravel/framework/src/Illuminate/Foundation/Exceptions/Handler.php(738): Illuminate/Foundation/Exceptions/Handler->prepareResponse(Object(Illuminate/Http/Request), Object(Error))
#16 C:/xampp/htdocs/ERP_model/vendor/laravel/framework/src/Illuminate/Foundation/Exceptions/Handler.php(626): Illuminate/Foundation/Exceptions/Handler->renderExceptionResponse(Object(Illuminate/Http/Request), Object(Error))
#17 C:/xampp/htdocs/ERP_model/vendor/laravel/framework/src/Illuminate/Foundation/Http/Kernel.php(574): Illuminate/Foundation/Exceptions/Handler->render(Object(Illuminate/Http/Request), Object(Error))
#18 C:/xampp/htdocs/ERP_model/vendor/laravel/framework/src/Illuminate/Foundation/Http/Kernel.php(148): Illuminate/Foundation/Http/Kernel->renderException(Object(Illuminate/Http/Request), Object(Error))
#19 C:/xampp/htdocs/ERP_model/vendor/laravel/framework/src/Illuminate/Foundation/Application.php(1220): Illuminate/Foundation/Http/Kernel->handle(Object(Illuminate/Http/Request))
#20 C:/xampp/htdocs/ERP_model/public/index.php(20): Illuminate/Foundation/Application->handleRequest(Object(Illuminate/Http/Request))
#21 C:/xampp/htdocs/ERP_model/vendor/laravel/framework/src/Illuminate/Foundation/resources/server.php(23): require_once('C://xampp//htdocs...')
#22 {main}

[previous exception] [object] (ReflectionException(code: -1): Class \"view\" does not exist at C:/xampp/htdocs/ERP_model/vendor/laravel/framework/src/Illuminate/Container/Container.php:1122)
[stacktrace]
#0 C:/xampp/htdocs/ERP_model/vendor/laravel/framework/src/Illuminate/Container/Container.php(1122): ReflectionClass->__construct('view')
#1 C:/xampp/htdocs/ERP_model/vendor/laravel/framework/src/Illuminate/Container/Container.php(933): Illuminate/Container/Container->build('view')
#2 C:/xampp/htdocs/ERP_model/vendor/laravel/framework/src/Illuminate/Foundation/Application.php(1078): Illuminate/Container/Container->resolve('view', Array, true)
#3 C:/xampp/htdocs/ERP_model/vendor/laravel/framework/src/Illuminate/Container/Container.php(864): Illuminate/Foundation/Application->resolve('view', Array)
#4 C:/xampp/htdocs/ERP_model/vendor/laravel/framework/src/Illuminate/Foundation/Application.php(1058): Illuminate/Container/Container->make('view', Array)
#5 C:/xampp/htdocs/ERP_model/vendor/laravel/framework/src/Illuminate/Container/Container.php(1805): Illuminate/Foundation/Application->make('view')
#6 C:/xampp/htdocs/ERP_model/vendor/laravel/framework/src/Illuminate/Routing/RoutingServiceProvider.php(177): Illuminate/Container/Container->offsetGet('Illuminate//Cont...')
#7 C:/xampp/htdocs/ERP_model/vendor/laravel/framework/src/Illuminate/Container/Container.php(1115): Illuminate/Routing/RoutingServiceProvider->Illuminate/Routing/{closure}(Object(Illuminate/Foundation/Application), Array)
#8 C:/xampp/htdocs/ERP_model/vendor/laravel/framework/src/Illuminate/Container/Container.php(933): Illuminate/Container/Container->build(Object(Closure))
#9 C:/xampp/htdocs/ERP_model/vendor/laravel/framework/src/Illuminate/Foundation/Application.php(1078): Illuminate/Container/Container->resolve('Illuminate//Cont...', Array, true)
#10 C:/xampp/htdocs/ERP_model/vendor/laravel/framework/src/Illuminate/Container/Container.php(864): Illuminate/Foundation/Application->resolve('Illuminate//Cont...', Array)
#11 C:/xampp/htdocs/ERP_model/vendor/laravel/framework/src/Illuminate/Foundation/Application.php(1058): Illuminate/Container/Container->make('Illuminate//Cont...', Array)
#12 C:/xampp/htdocs/ERP_model/vendor/laravel/framework/src/Illuminate/Foundation/helpers.php(138): Illuminate/Foundation/Application->make('Illuminate//Cont...', Array)
#13 C:/xampp/htdocs/ERP_model/vendor/laravel/framework/src/Illuminate/Foundation/helpers.php(850): app('Illuminate//Cont...')
#14 C:/xampp/htdocs/ERP_model/vendor/laravel/framework/src/Illuminate/Foundation/Exceptions/Handler.php(987): response('<!-- Class &quo...', 500, Array)
#15 C:/xampp/htdocs/ERP_model/vendor/laravel/framework/src/Illuminate/Foundation/Exceptions/Handler.php(839): Illuminate/Foundation/Exceptions/Handler->toIlluminateResponse(Object(Symfony/Component/HttpFoundation/Response), Object(Error))
#16 C:/xampp/htdocs/ERP_model/vendor/laravel/framework/src/Illuminate/Foundation/Exceptions/Handler.php(738): Illuminate/Foundation/Exceptions/Handler->prepareResponse(Object(Illuminate/Http/Request), Object(Error))
#17 C:/xampp/htdocs/ERP_model/vendor/laravel/framework/src/Illuminate/Foundation/Exceptions/Handler.php(626): Illuminate/Foundation/Exceptions/Handler->renderExceptionResponse(Object(Illuminate/Http/Request), Object(Error))
#18 C:/xampp/htdocs/ERP_model/vendor/laravel/framework/src/Illuminate/Foundation/Http/Kernel.php(574): Illuminate/Foundation/Exceptions/Handler->render(Object(Illuminate/Http/Request), Object(Error))
#19 C:/xampp/htdocs/ERP_model/vendor/laravel/framework/src/Illuminate/Foundation/Http/Kernel.php(148): Illuminate/Foundation/Http/Kernel->renderException(Object(Illuminate/Http/Request), Object(Error))
#20 C:/xampp/htdocs/ERP_model/vendor/laravel/framework/src/Illuminate/Foundation/Application.php(1220): Illuminate/Foundation/Http/Kernel->handle(Object(Illuminate/Http/Request))
#21 C:/xampp/htdocs/ERP_model/public/index.php(20): Illuminate/Foundation/Application->handleRequest(Object(Illuminate/Http/Request))
#22 C:/xampp/htdocs/ERP_model/vendor/laravel/framework/src/Illuminate/Foundation/resources/server.php(23): require_once('C://xampp//htdocs...')
#23 {main}
"} 
[2026-06-19 06:51:49] local.ERROR: Uncaught ReflectionException: Class "view" does not exist in C:\xampp\htdocs\ERP_model\vendor\laravel\framework\src\Illuminate\Container\Container.php:1122
Stack trace:
#0 C:\xampp\htdocs\ERP_model\vendor\laravel\framework\src\Illuminate\Container\Container.php(1122): ReflectionClass->__construct('view')
#1 C:\xampp\htdocs\ERP_model\vendor\laravel\framework\src\Illuminate\Container\Container.php(933): Illuminate\Container\Container->build('view')
#2 C:\xampp\htdocs\ERP_model\vendor\laravel\framework\src\Illuminate\Foundation\Application.php(1078): Illuminate\Container\Container->resolve('view', Array, true)
#3 C:\xampp\htdocs\ERP_model\vendor\laravel\framework\src\Illuminate\Container\Container.php(864): Illuminate\Foundation\Application->resolve('view', Array)
#4 C:\xampp\htdocs\ERP_model\vendor\laravel\framework\src\Illuminate\Foundation\Application.php(1058): Illuminate\Container\Container->make('view', Array)
#5 C:\xampp\htdocs\ERP_model\vendor\laravel\framework\src\Illuminate\Container\Container.php(1805): Illuminate\Foundation\Application->make('view')
#6 C:\xampp\htdocs\ERP_model\vendor\laravel\framework\src\Illuminate\Routing\RoutingServiceProvider.php(177): Illuminate\Container\Container->offsetGet('Illuminate\\Cont...')
#7 C:\xampp\htdocs\ERP_model\vendor\laravel\framework\src\Illuminate\Container\Container.php(1115): Illuminate\Routing\RoutingServiceProvider->Illuminate\Routing\{closure}(Object(Illuminate\Foundation\Application), Array)
#8 C:\xampp\htdocs\ERP_model\vendor\laravel\framework\src\Illuminate\Container\Container.php(933): Illuminate\Container\Container->build(Object(Closure))
#9 C:\xampp\htdocs\ERP_model\vendor\laravel\framework\src\Illuminate\Foundation\Application.php(1078): Illuminate\Container\Container->resolve('Illuminate\\Cont...', Array, true)
#10 C:\xampp\htdocs\ERP_model\vendor\laravel\framework\src\Illuminate\Container\Container.php(864): Illuminate\Foundation\Application->resolve('Illuminate\\Cont...', Array)
#11 C:\xampp\htdocs\ERP_model\vendor\laravel\framework\src\Illuminate\Foundation\Application.php(1058): Illuminate\Container\Container->make('Illuminate\\Cont...', Array)
#12 C:\xampp\htdocs\ERP_model\vendor\laravel\framework\src\Illuminate\Foundation\helpers.php(138): Illuminate\Foundation\Application->make('Illuminate\\Cont...', Array)
#13 C:\xampp\htdocs\ERP_model\vendor\laravel\framework\src\Illuminate\Foundation\helpers.php(850): app('Illuminate\\Cont...')
#14 C:\xampp\htdocs\ERP_model\vendor\laravel\framework\src\Illuminate\Foundation\Exceptions\Handler.php(987): response('<!-- Target cla...', 500, Array)
#15 C:\xampp\htdocs\ERP_model\vendor\laravel\framework\src\Illuminate\Foundation\Exceptions\Handler.php(839): Illuminate\Foundation\Exceptions\Handler->toIlluminateResponse(Object(Symfony\Component\HttpFoundation\Response), Object(Illuminate\Contracts\Container\BindingResolutionException))
#16 C:\xampp\htdocs\ERP_model\vendor\laravel\framework\src\Illuminate\Foundation\Exceptions\Handler.php(738): Illuminate\Foundation\Exceptions\Handler->prepareResponse(Object(Illuminate\Http\Request), Object(Illuminate\Contracts\Container\BindingResolutionException))
#17 C:\xampp\htdocs\ERP_model\vendor\laravel\framework\src\Illuminate\Foundation\Exceptions\Handler.php(626): Illuminate\Foundation\Exceptions\Handler->renderExceptionResponse(Object(Illuminate\Http\Request), Object(Illuminate\Contracts\Container\BindingResolutionException))
#18 C:\xampp\htdocs\ERP_model\vendor\laravel\framework\src\Illuminate\Foundation\Bootstrap\HandleExceptions.php(225): Illuminate\Foundation\Exceptions\Handler->render(Object(Illuminate\Http\Request), Object(Illuminate\Contracts\Container\BindingResolutionException))
#19 C:\xampp\htdocs\ERP_model\vendor\laravel\framework\src\Illuminate\Foundation\Bootstrap\HandleExceptions.php(202): Illuminate\Foundation\Bootstrap\HandleExceptions->renderHttpResponse(Object(Illuminate\Contracts\Container\BindingResolutionException))
#20 C:\xampp\htdocs\ERP_model\vendor\laravel\framework\src\Illuminate\Foundation\Bootstrap\HandleExceptions.php(262): Illuminate\Foundation\Bootstrap\HandleExceptions->handleException(Object(Illuminate\Contracts\Container\BindingResolutionException))
#21 [internal function]: Illuminate\Foundation\Bootstrap\HandleExceptions->Illuminate\Foundation\Bootstrap\{closure}(Object(Illuminate\Contracts\Container\BindingResolutionException))
#22 {main}

Next Illuminate\Contracts\Container\BindingResolutionException: Target class [view] does not exist. in C:\xampp\htdocs\ERP_model\vendor\laravel\framework\src\Illuminate\Container\Container.php:1124
Stack trace:
#0 C:\xampp\htdocs\ERP_model\vendor\laravel\framework\src\Illuminate\Container\Container.php(933): Illuminate\Container\Container->build('view')
#1 C:\xampp\htdocs\ERP_model\vendor\laravel\framework\src\Illuminate\Foundation\Application.php(1078): Illuminate\Container\Container->resolve('view', Array, true)
#2 C:\xampp\htdocs\ERP_model\vendor\laravel\framework\src\Illuminate\Container\Container.php(864): Illuminate\Foundation\Application->resolve('view', Array)
#3 C:\xampp\htdocs\ERP_model\vendor\laravel\framework\src\Illuminate\Foundation\Application.php(1058): Illuminate\Container\Container->make('view', Array)
#4 C:\xampp\htdocs\ERP_model\vendor\laravel\framework\src\Illuminate\Container\Container.php(1805): Illuminate\Foundation\Application->make('view')
#5 C:\xampp\htdocs\ERP_model\vendor\laravel\framework\src\Illuminate\Routing\RoutingServiceProvider.php(177): Illuminate\Container\Container->offsetGet('Illuminate\\Cont...')
#6 C:\xampp\htdocs\ERP_model\vendor\laravel\framework\src\Illuminate\Container\Container.php(1115): Illuminate\Routing\RoutingServiceProvider->Illuminate\Routing\{closure}(Object(Illuminate\Foundation\Application), Array)
#7 C:\xampp\htdocs\ERP_model\vendor\laravel\framework\src\Illuminate\Container\Container.php(933): Illuminate\Container\Container->build(Object(Closure))
#8 C:\xampp\htdocs\ERP_model\vendor\laravel\framework\src\Illuminate\Foundation\Application.php(1078): Illuminate\Container\Container->resolve('Illuminate\\Cont...', Array, true)
#9 C:\xampp\htdocs\ERP_model\vendor\laravel\framework\src\Illuminate\Container\Container.php(864): Illuminate\Foundation\Application->resolve('Illuminate\\Cont...', Array)
#10 C:\xampp\htdocs\ERP_model\vendor\laravel\framework\src\Illuminate\Foundation\Application.php(1058): Illuminate\Container\Container->make('Illuminate\\Cont...', Array)
#11 C:\xampp\htdocs\ERP_model\vendor\laravel\framework\src\Illuminate\Foundation\helpers.php(138): Illuminate\Foundation\Application->make('Illuminate\\Cont...', Array)
#12 C:\xampp\htdocs\ERP_model\vendor\laravel\framework\src\Illuminate\Foundation\helpers.php(850): app('Illuminate\\Cont...')
#13 C:\xampp\htdocs\ERP_model\vendor\laravel\framework\src\Illuminate\Foundation\Exceptions\Handler.php(987): response('<!-- Target cla...', 500, Array)
#14 C:\xampp\htdocs\ERP_model\vendor\laravel\framework\src\Illuminate\Foundation\Exceptions\Handler.php(839): Illuminate\Foundation\Exceptions\Handler->toIlluminateResponse(Object(Symfony\Component\HttpFoundation\Response), Object(Illuminate\Contracts\Container\BindingResolutionException))
#15 C:\xampp\htdocs\ERP_model\vendor\laravel\framework\src\Illuminate\Foundation\Exceptions\Handler.php(738): Illuminate\Foundation\Exceptions\Handler->prepareResponse(Object(Illuminate\Http\Request), Object(Illuminate\Contracts\Container\BindingResolutionException))
#16 C:\xampp\htdocs\ERP_model\vendor\laravel\framework\src\Illuminate\Foundation\Exceptions\Handler.php(626): Illuminate\Foundation\Exceptions\Handler->renderExceptionResponse(Object(Illuminate\Http\Request), Object(Illuminate\Contracts\Container\BindingResolutionException))
#17 C:\xampp\htdocs\ERP_model\vendor\laravel\framework\src\Illuminate\Foundation\Bootstrap\HandleExceptions.php(225): Illuminate\Foundation\Exceptions\Handler->render(Object(Illuminate\Http\Request), Object(Illuminate\Contracts\Container\BindingResolutionException))
#18 C:\xampp\htdocs\ERP_model\vendor\laravel\framework\src\Illuminate\Foundation\Bootstrap\HandleExceptions.php(202): Illuminate\Foundation\Bootstrap\HandleExceptions->renderHttpResponse(Object(Illuminate\Contracts\Container\BindingResolutionException))
#19 C:\xampp\htdocs\ERP_model\vendor\laravel\framework\src\Illuminate\Foundation\Bootstrap\HandleExceptions.php(262): Illuminate\Foundation\Bootstrap\HandleExceptions->handleException(Object(Illuminate\Contracts\Container\BindingResolutionException))
#20 [internal function]: Illuminate\Foundation\Bootstrap\HandleExceptions->Illuminate\Foundation\Bootstrap\{closure}(Object(Illuminate\Contracts\Container\BindingResolutionException))
#21 {main}
  thrown {"exception":"[object] (Symfony\\Component\\ErrorHandler\\Error\\FatalError(code: 0): Uncaught ReflectionException: Class \"view\" does not exist in C:\\xampp\\htdocs\\ERP_model\\vendor\\laravel\\framework\\src\\Illuminate\\Container\\Container.php:1122
Stack trace:
#0 C:\\xampp\\htdocs\\ERP_model\\vendor\\laravel\\framework\\src\\Illuminate\\Container\\Container.php(1122): ReflectionClass->__construct('view')
#1 C:\\xampp\\htdocs\\ERP_model\\vendor\\laravel\\framework\\src\\Illuminate\\Container\\Container.php(933): Illuminate\\Container\\Container->build('view')
#2 C:\\xampp\\htdocs\\ERP_model\\vendor\\laravel\\framework\\src\\Illuminate\\Foundation\\Application.php(1078): Illuminate\\Container\\Container->resolve('view', Array, true)
#3 C:\\xampp\\htdocs\\ERP_model\\vendor\\laravel\\framework\\src\\Illuminate\\Container\\Container.php(864): Illuminate\\Foundation\\Application->resolve('view', Array)
#4 C:\\xampp\\htdocs\\ERP_model\\vendor\\laravel\\framework\\src\\Illuminate\\Foundation\\Application.php(1058): Illuminate\\Container\\Container->make('view', Array)
#5 C:\\xampp\\htdocs\\ERP_model\\vendor\\laravel\\framework\\src\\Illuminate\\Container\\Container.php(1805): Illuminate\\Foundation\\Application->make('view')
#6 C:\\xampp\\htdocs\\ERP_model\\vendor\\laravel\\framework\\src\\Illuminate\\Routing\\RoutingServiceProvider.php(177): Illuminate\\Container\\Container->offsetGet('Illuminate\\\\Cont...')
#7 C:\\xampp\\htdocs\\ERP_model\\vendor\\laravel\\framework\\src\\Illuminate\\Container\\Container.php(1115): Illuminate\\Routing\\RoutingServiceProvider->Illuminate\\Routing\\{closure}(Object(Illuminate\\Foundation\\Application), Array)
#8 C:\\xampp\\htdocs\\ERP_model\\vendor\\laravel\\framework\\src\\Illuminate\\Container\\Container.php(933): Illuminate\\Container\\Container->build(Object(Closure))
#9 C:\\xampp\\htdocs\\ERP_model\\vendor\\laravel\\framework\\src\\Illuminate\\Foundation\\Application.php(1078): Illuminate\\Container\\Container->resolve('Illuminate\\\\Cont...', Array, true)
#10 C:\\xampp\\htdocs\\ERP_model\\vendor\\laravel\\framework\\src\\Illuminate\\Container\\Container.php(864): Illuminate\\Foundation\\Application->resolve('Illuminate\\\\Cont...', Array)
#11 C:\\xampp\\htdocs\\ERP_model\\vendor\\laravel\\framework\\src\\Illuminate\\Foundation\\Application.php(1058): Illuminate\\Container\\Container->make('Illuminate\\\\Cont...', Array)
#12 C:\\xampp\\htdocs\\ERP_model\\vendor\\laravel\\framework\\src\\Illuminate\\Foundation\\helpers.php(138): Illuminate\\Foundation\\Application->make('Illuminate\\\\Cont...', Array)
#13 C:\\xampp\\htdocs\\ERP_model\\vendor\\laravel\\framework\\src\\Illuminate\\Foundation\\helpers.php(850): app('Illuminate\\\\Cont...')
#14 C:\\xampp\\htdocs\\ERP_model\\vendor\\laravel\\framework\\src\\Illuminate\\Foundation\\Exceptions\\Handler.php(987): response('<!-- Target cla...', 500, Array)
#15 C:\\xampp\\htdocs\\ERP_model\\vendor\\laravel\\framework\\src\\Illuminate\\Foundation\\Exceptions\\Handler.php(839): Illuminate\\Foundation\\Exceptions\\Handler->toIlluminateResponse(Object(Symfony\\Component\\HttpFoundation\\Response), Object(Illuminate\\Contracts\\Container\\BindingResolutionException))
#16 C:\\xampp\\htdocs\\ERP_model\\vendor\\laravel\\framework\\src\\Illuminate\\Foundation\\Exceptions\\Handler.php(738): Illuminate\\Foundation\\Exceptions\\Handler->prepareResponse(Object(Illuminate\\Http\\Request), Object(Illuminate\\Contracts\\Container\\BindingResolutionException))
#17 C:\\xampp\\htdocs\\ERP_model\\vendor\\laravel\\framework\\src\\Illuminate\\Foundation\\Exceptions\\Handler.php(626): Illuminate\\Foundation\\Exceptions\\Handler->renderExceptionResponse(Object(Illuminate\\Http\\Request), Object(Illuminate\\Contracts\\Container\\BindingResolutionException))
#18 C:\\xampp\\htdocs\\ERP_model\\vendor\\laravel\\framework\\src\\Illuminate\\Foundation\\Bootstrap\\HandleExceptions.php(225): Illuminate\\Foundation\\Exceptions\\Handler->render(Object(Illuminate\\Http\\Request), Object(Illuminate\\Contracts\\Container\\BindingResolutionException))
#19 C:\\xampp\\htdocs\\ERP_model\\vendor\\laravel\\framework\\src\\Illuminate\\Foundation\\Bootstrap\\HandleExceptions.php(202): Illuminate\\Foundation\\Bootstrap\\HandleExceptions->renderHttpResponse(Object(Illuminate\\Contracts\\Container\\BindingResolutionException))
#20 C:\\xampp\\htdocs\\ERP_model\\vendor\\laravel\\framework\\src\\Illuminate\\Foundation\\Bootstrap\\HandleExceptions.php(262): Illuminate\\Foundation\\Bootstrap\\HandleExceptions->handleException(Object(Illuminate\\Contracts\\Container\\BindingResolutionException))
#21 [internal function]: Illuminate\\Foundation\\Bootstrap\\HandleExceptions->Illuminate\\Foundation\\Bootstrap\\{closure}(Object(Illuminate\\Contracts\\Container\\BindingResolutionException))
#22 {main}

Next Illuminate\\Contracts\\Container\\BindingResolutionException: Target class [view] does not exist. in C:\\xampp\\htdocs\\ERP_model\\vendor\\laravel\\framework\\src\\Illuminate\\Container\\Container.php:1124
Stack trace:
#0 C:\\xampp\\htdocs\\ERP_model\\vendor\\laravel\\framework\\src\\Illuminate\\Container\\Container.php(933): Illuminate\\Container\\Container->build('view')
#1 C:\\xampp\\htdocs\\ERP_model\\vendor\\laravel\\framework\\src\\Illuminate\\Foundation\\Application.php(1078): Illuminate\\Container\\Container->resolve('view', Array, true)
#2 C:\\xampp\\htdocs\\ERP_model\\vendor\\laravel\\framework\\src\\Illuminate\\Container\\Container.php(864): Illuminate\\Foundation\\Application->resolve('view', Array)
#3 C:\\xampp\\htdocs\\ERP_model\\vendor\\laravel\\framework\\src\\Illuminate\\Foundation\\Application.php(1058): Illuminate\\Container\\Container->make('view', Array)
#4 C:\\xampp\\htdocs\\ERP_model\\vendor\\laravel\\framework\\src\\Illuminate\\Container\\Container.php(1805): Illuminate\\Foundation\\Application->make('view')
#5 C:\\xampp\\htdocs\\ERP_model\\vendor\\laravel\\framework\\src\\Illuminate\\Routing\\RoutingServiceProvider.php(177): Illuminate\\Container\\Container->offsetGet('Illuminate\\\\Cont...')
#6 C:\\xampp\\htdocs\\ERP_model\\vendor\\laravel\\framework\\src\\Illuminate\\Container\\Container.php(1115): Illuminate\\Routing\\RoutingServiceProvider->Illuminate\\Routing\\{closure}(Object(Illuminate\\Foundation\\Application), Array)
#7 C:\\xampp\\htdocs\\ERP_model\\vendor\\laravel\\framework\\src\\Illuminate\\Container\\Container.php(933): Illuminate\\Container\\Container->build(Object(Closure))
#8 C:\\xampp\\htdocs\\ERP_model\\vendor\\laravel\\framework\\src\\Illuminate\\Foundation\\Application.php(1078): Illuminate\\Container\\Container->resolve('Illuminate\\\\Cont...', Array, true)
#9 C:\\xampp\\htdocs\\ERP_model\\vendor\\laravel\\framework\\src\\Illuminate\\Container\\Container.php(864): Illuminate\\Foundation\\Application->resolve('Illuminate\\\\Cont...', Array)
#10 C:\\xampp\\htdocs\\ERP_model\\vendor\\laravel\\framework\\src\\Illuminate\\Foundation\\Application.php(1058): Illuminate\\Container\\Container->make('Illuminate\\\\Cont...', Array)
#11 C:\\xampp\\htdocs\\ERP_model\\vendor\\laravel\\framework\\src\\Illuminate\\Foundation\\helpers.php(138): Illuminate\\Foundation\\Application->make('Illuminate\\\\Cont...', Array)
#12 C:\\xampp\\htdocs\\ERP_model\\vendor\\laravel\\framework\\src\\Illuminate\\Foundation\\helpers.php(850): app('Illuminate\\\\Cont...')
#13 C:\\xampp\\htdocs\\ERP_model\\vendor\\laravel\\framework\\src\\Illuminate\\Foundation\\Exceptions\\Handler.php(987): response('<!-- Target cla...', 500, Array)
#14 C:\\xampp\\htdocs\\ERP_model\\vendor\\laravel\\framework\\src\\Illuminate\\Foundation\\Exceptions\\Handler.php(839): Illuminate\\Foundation\\Exceptions\\Handler->toIlluminateResponse(Object(Symfony\\Component\\HttpFoundation\\Response), Object(Illuminate\\Contracts\\Container\\BindingResolutionException))
#15 C:\\xampp\\htdocs\\ERP_model\\vendor\\laravel\\framework\\src\\Illuminate\\Foundation\\Exceptions\\Handler.php(738): Illuminate\\Foundation\\Exceptions\\Handler->prepareResponse(Object(Illuminate\\Http\\Request), Object(Illuminate\\Contracts\\Container\\BindingResolutionException))
#16 C:\\xampp\\htdocs\\ERP_model\\vendor\\laravel\\framework\\src\\Illuminate\\Foundation\\Exceptions\\Handler.php(626): Illuminate\\Foundation\\Exceptions\\Handler->renderExceptionResponse(Object(Illuminate\\Http\\Request), Object(Illuminate\\Contracts\\Container\\BindingResolutionException))
#17 C:\\xampp\\htdocs\\ERP_model\\vendor\\laravel\\framework\\src\\Illuminate\\Foundation\\Bootstrap\\HandleExceptions.php(225): Illuminate\\Foundation\\Exceptions\\Handler->render(Object(Illuminate\\Http\\Request), Object(Illuminate\\Contracts\\Container\\BindingResolutionException))
#18 C:\\xampp\\htdocs\\ERP_model\\vendor\\laravel\\framework\\src\\Illuminate\\Foundation\\Bootstrap\\HandleExceptions.php(202): Illuminate\\Foundation\\Bootstrap\\HandleExceptions->renderHttpResponse(Object(Illuminate\\Contracts\\Container\\BindingResolutionException))
#19 C:\\xampp\\htdocs\\ERP_model\\vendor\\laravel\\framework\\src\\Illuminate\\Foundation\\Bootstrap\\HandleExceptions.php(262): Illuminate\\Foundation\\Bootstrap\\HandleExceptions->handleException(Object(Illuminate\\Contracts\\Container\\BindingResolutionException))
#20 [internal function]: Illuminate\\Foundation\\Bootstrap\\HandleExceptions->Illuminate\\Foundation\\Bootstrap\\{closure}(Object(Illuminate\\Contracts\\Container\\BindingResolutionException))
#21 {main}
  thrown at C:/xampp/htdocs/ERP_model/vendor/laravel/framework/src/Illuminate/Container/Container.php:1124)
[stacktrace]
#0 {main}
"} 
[2026-06-19 06:51:50] local.ERROR: Class "App\Providers\AuthServiceProvider" not found {"exception":"[object] (Error(code: 0): Class \"App\\Providers\\AuthServiceProvider\" not found at C:/xampp/htdocs/ERP_model/vendor/laravel/framework/src/Illuminate/Foundation/ProviderRepository.php:205)
[stacktrace]
#0 C:/xampp/htdocs/ERP_model/vendor/laravel/framework/src/Illuminate/Foundation/ProviderRepository.php(141): Illuminate/Foundation/ProviderRepository->createProvider('App//Providers//A...')
#1 C:/xampp/htdocs/ERP_model/vendor/laravel/framework/src/Illuminate/Foundation/ProviderRepository.php(60): Illuminate/Foundation/ProviderRepository->compileManifest(Array)
#2 C:/xampp/htdocs/ERP_model/vendor/laravel/framework/src/Illuminate/Foundation/Application.php(871): Illuminate/Foundation/ProviderRepository->load(Array)
#3 C:/xampp/htdocs/ERP_model/vendor/laravel/framework/src/Illuminate/Foundation/Bootstrap/RegisterProviders.php(37): Illuminate/Foundation/Application->registerConfiguredProviders()
#4 C:/xampp/htdocs/ERP_model/vendor/laravel/framework/src/Illuminate/Foundation/Application.php(342): Illuminate/Foundation/Bootstrap/RegisterProviders->bootstrap(Object(Illuminate/Foundation/Application))
#5 C:/xampp/htdocs/ERP_model/vendor/laravel/framework/src/Illuminate/Foundation/Http/Kernel.php(186): Illuminate/Foundation/Application->bootstrapWith(Array)
#6 C:/xampp/htdocs/ERP_model/vendor/laravel/framework/src/Illuminate/Foundation/Http/Kernel.php(170): Illuminate/Foundation/Http/Kernel->bootstrap()
#7 C:/xampp/htdocs/ERP_model/vendor/laravel/framework/src/Illuminate/Foundation/Http/Kernel.php(144): Illuminate/Foundation/Http/Kernel->sendRequestThroughRouter(Object(Illuminate/Http/Request))
#8 C:/xampp/htdocs/ERP_model/vendor/laravel/framework/src/Illuminate/Foundation/Application.php(1220): Illuminate/Foundation/Http/Kernel->handle(Object(Illuminate/Http/Request))
#9 C:/xampp/htdocs/ERP_model/public/index.php(20): Illuminate/Foundation/Application->handleRequest(Object(Illuminate/Http/Request))
#10 C:/xampp/htdocs/ERP_model/vendor/laravel/framework/src/Illuminate/Foundation/resources/server.php(23): require_once('C://xampp//htdocs...')
#11 {main}
"} 
[2026-06-19 06:51:50] local.ERROR: Target class [view] does not exist. {"exception":"[object] (Illuminate\\Contracts\\Container\\BindingResolutionException(code: 0): Target class [view] does not exist. at C:/xampp/htdocs/ERP_model/vendor/laravel/framework/src/Illuminate/Container/Container.php:1124)
[stacktrace]
#0 C:/xampp/htdocs/ERP_model/vendor/laravel/framework/src/Illuminate/Container/Container.php(933): Illuminate/Container/Container->build('view')
#1 C:/xampp/htdocs/ERP_model/vendor/laravel/framework/src/Illuminate/Foundation/Application.php(1078): Illuminate/Container/Container->resolve('view', Array, true)
#2 C:/xampp/htdocs/ERP_model/vendor/laravel/framework/src/Illuminate/Container/Container.php(864): Illuminate/Foundation/Application->resolve('view', Array)
#3 C:/xampp/htdocs/ERP_model/vendor/laravel/framework/src/Illuminate/Foundation/Application.php(1058): Illuminate/Container/Container->make('view', Array)
#4 C:/xampp/htdocs/ERP_model/vendor/laravel/framework/src/Illuminate/Container/Container.php(1805): Illuminate/Foundation/Application->make('view')
#5 C:/xampp/htdocs/ERP_model/vendor/laravel/framework/src/Illuminate/Routing/RoutingServiceProvider.php(177): Illuminate/Container/Container->offsetGet('Illuminate//Cont...')
#6 C:/xampp/htdocs/ERP_model/vendor/laravel/framework/src/Illuminate/Container/Container.php(1115): Illuminate/Routing/RoutingServiceProvider->Illuminate/Routing/{closure}(Object(Illuminate/Foundation/Application), Array)
#7 C:/xampp/htdocs/ERP_model/vendor/laravel/framework/src/Illuminate/Container/Container.php(933): Illuminate/Container/Container->build(Object(Closure))
#8 C:/xampp/htdocs/ERP_model/vendor/laravel/framework/src/Illuminate/Foundation/Application.php(1078): Illuminate/Container/Container->resolve('Illuminate//Cont...', Array, true)
#9 C:/xampp/htdocs/ERP_model/vendor/laravel/framework/src/Illuminate/Container/Container.php(864): Illuminate/Foundation/Application->resolve('Illuminate//Cont...', Array)
#10 C:/xampp/htdocs/ERP_model/vendor/laravel/framework/src/Illuminate/Foundation/Application.php(1058): Illuminate/Container/Container->make('Illuminate//Cont...', Array)
#11 C:/xampp/htdocs/ERP_model/vendor/laravel/framework/src/Illuminate/Foundation/helpers.php(138): Illuminate/Foundation/Application->make('Illuminate//Cont...', Array)
#12 C:/xampp/htdocs/ERP_model/vendor/laravel/framework/src/Illuminate/Foundation/helpers.php(850): app('Illuminate//Cont...')
#13 C:/xampp/htdocs/ERP_model/vendor/laravel/framework/src/Illuminate/Foundation/Exceptions/Handler.php(987): response('<!-- Class &quo...', 500, Array)
#14 C:/xampp/htdocs/ERP_model/vendor/laravel/framework/src/Illuminate/Foundation/Exceptions/Handler.php(839): Illuminate/Foundation/Exceptions/Handler->toIlluminateResponse(Object(Symfony/Component/HttpFoundation/Response), Object(Error))
#15 C:/xampp/htdocs/ERP_model/vendor/laravel/framework/src/Illuminate/Foundation/Exceptions/Handler.php(738): Illuminate/Foundation/Exceptions/Handler->prepareResponse(Object(Illuminate/Http/Request), Object(Error))
#16 C:/xampp/htdocs/ERP_model/vendor/laravel/framework/src/Illuminate/Foundation/Exceptions/Handler.php(626): Illuminate/Foundation/Exceptions/Handler->renderExceptionResponse(Object(Illuminate/Http/Request), Object(Error))
#17 C:/xampp/htdocs/ERP_model/vendor/laravel/framework/src/Illuminate/Foundation/Http/Kernel.php(574): Illuminate/Foundation/Exceptions/Handler->render(Object(Illuminate/Http/Request), Object(Error))
#18 C:/xampp/htdocs/ERP_model/vendor/laravel/framework/src/Illuminate/Foundation/Http/Kernel.php(148): Illuminate/Foundation/Http/Kernel->renderException(Object(Illuminate/Http/Request), Object(Error))
#19 C:/xampp/htdocs/ERP_model/vendor/laravel/framework/src/Illuminate/Foundation/Application.php(1220): Illuminate/Foundation/Http/Kernel->handle(Object(Illuminate/Http/Request))
#20 C:/xampp/htdocs/ERP_model/public/index.php(20): Illuminate/Foundation/Application->handleRequest(Object(Illuminate/Http/Request))
#21 C:/xampp/htdocs/ERP_model/vendor/laravel/framework/src/Illuminate/Foundation/resources/server.php(23): require_once('C://xampp//htdocs...')
#22 {main}

[previous exception] [object] (ReflectionException(code: -1): Class \"view\" does not exist at C:/xampp/htdocs/ERP_model/vendor/laravel/framework/src/Illuminate/Container/Container.php:1122)
[stacktrace]
#0 C:/xampp/htdocs/ERP_model/vendor/laravel/framework/src/Illuminate/Container/Container.php(1122): ReflectionClass->__construct('view')
#1 C:/xampp/htdocs/ERP_model/vendor/laravel/framework/src/Illuminate/Container/Container.php(933): Illuminate/Container/Container->build('view')
#2 C:/xampp/htdocs/ERP_model/vendor/laravel/framework/src/Illuminate/Foundation/Application.php(1078): Illuminate/Container/Container->resolve('view', Array, true)
#3 C:/xampp/htdocs/ERP_model/vendor/laravel/framework/src/Illuminate/Container/Container.php(864): Illuminate/Foundation/Application->resolve('view', Array)
#4 C:/xampp/htdocs/ERP_model/vendor/laravel/framework/src/Illuminate/Foundation/Application.php(1058): Illuminate/Container/Container->make('view', Array)
#5 C:/xampp/htdocs/ERP_model/vendor/laravel/framework/src/Illuminate/Container/Container.php(1805): Illuminate/Foundation/Application->make('view')
#6 C:/xampp/htdocs/ERP_model/vendor/laravel/framework/src/Illuminate/Routing/RoutingServiceProvider.php(177): Illuminate/Container/Container->offsetGet('Illuminate//Cont...')
#7 C:/xampp/htdocs/ERP_model/vendor/laravel/framework/src/Illuminate/Container/Container.php(1115): Illuminate/Routing/RoutingServiceProvider->Illuminate/Routing/{closure}(Object(Illuminate/Foundation/Application), Array)
#8 C:/xampp/htdocs/ERP_model/vendor/laravel/framework/src/Illuminate/Container/Container.php(933): Illuminate/Container/Container->build(Object(Closure))
#9 C:/xampp/htdocs/ERP_model/vendor/laravel/framework/src/Illuminate/Foundation/Application.php(1078): Illuminate/Container/Container->resolve('Illuminate//Cont...', Array, true)
#10 C:/xampp/htdocs/ERP_model/vendor/laravel/framework/src/Illuminate/Container/Container.php(864): Illuminate/Foundation/Application->resolve('Illuminate//Cont...', Array)
#11 C:/xampp/htdocs/ERP_model/vendor/laravel/framework/src/Illuminate/Foundation/Application.php(1058): Illuminate/Container/Container->make('Illuminate//Cont...', Array)
#12 C:/xampp/htdocs/ERP_model/vendor/laravel/framework/src/Illuminate/Foundation/helpers.php(138): Illuminate/Foundation/Application->make('Illuminate//Cont...', Array)
#13 C:/xampp/htdocs/ERP_model/vendor/laravel/framework/src/Illuminate/Foundation/helpers.php(850): app('Illuminate//Cont...')
#14 C:/xampp/htdocs/ERP_model/vendor/laravel/framework/src/Illuminate/Foundation/Exceptions/Handler.php(987): response('<!-- Class &quo...', 500, Array)
#15 C:/xampp/htdocs/ERP_model/vendor/laravel/framework/src/Illuminate/Foundation/Exceptions/Handler.php(839): Illuminate/Foundation/Exceptions/Handler->toIlluminateResponse(Object(Symfony/Component/HttpFoundation/Response), Object(Error))
#16 C:/xampp/htdocs/ERP_model/vendor/laravel/framework/src/Illuminate/Foundation/Exceptions/Handler.php(738): Illuminate/Foundation/Exceptions/Handler->prepareResponse(Object(Illuminate/Http/Request), Object(Error))
#17 C:/xampp/htdocs/ERP_model/vendor/laravel/framework/src/Illuminate/Foundation/Exceptions/Handler.php(626): Illuminate/Foundation/Exceptions/Handler->renderExceptionResponse(Object(Illuminate/Http/Request), Object(Error))
#18 C:/xampp/htdocs/ERP_model/vendor/laravel/framework/src/Illuminate/Foundation/Http/Kernel.php(574): Illuminate/Foundation/Exceptions/Handler->render(Object(Illuminate/Http/Request), Object(Error))
#19 C:/xampp/htdocs/ERP_model/vendor/laravel/framework/src/Illuminate/Foundation/Http/Kernel.php(148): Illuminate/Foundation/Http/Kernel->renderException(Object(Illuminate/Http/Request), Object(Error))
#20 C:/xampp/htdocs/ERP_model/vendor/laravel/framework/src/Illuminate/Foundation/Application.php(1220): Illuminate/Foundation/Http/Kernel->handle(Object(Illuminate/Http/Request))
#21 C:/xampp/htdocs/ERP_model/public/index.php(20): Illuminate/Foundation/Application->handleRequest(Object(Illuminate/Http/Request))
#22 C:/xampp/htdocs/ERP_model/vendor/laravel/framework/src/Illuminate/Foundation/resources/server.php(23): require_once('C://xampp//htdocs...')
#23 {main}
"} 
[2026-06-19 06:51:51] local.ERROR: Uncaught ReflectionException: Class "view" does not exist in C:\xampp\htdocs\ERP_model\vendor\laravel\framework\src\Illuminate\Container\Container.php:1122
Stack trace:
#0 C:\xampp\htdocs\ERP_model\vendor\laravel\framework\src\Illuminate\Container\Container.php(1122): ReflectionClass->__construct('view')
#1 C:\xampp\htdocs\ERP_model\vendor\laravel\framework\src\Illuminate\Container\Container.php(933): Illuminate\Container\Container->build('view')
#2 C:\xampp\htdocs\ERP_model\vendor\laravel\framework\src\Illuminate\Foundation\Application.php(1078): Illuminate\Container\Container->resolve('view', Array, true)
#3 C:\xampp\htdocs\ERP_model\vendor\laravel\framework\src\Illuminate\Container\Container.php(864): Illuminate\Foundation\Application->resolve('view', Array)
#4 C:\xampp\htdocs\ERP_model\vendor\laravel\framework\src\Illuminate\Foundation\Application.php(1058): Illuminate\Container\Container->make('view', Array)
#5 C:\xampp\htdocs\ERP_model\vendor\laravel\framework\src\Illuminate\Container\Container.php(1805): Illuminate\Foundation\Application->make('view')
#6 C:\xampp\htdocs\ERP_model\vendor\laravel\framework\src\Illuminate\Routing\RoutingServiceProvider.php(177): Illuminate\Container\Container->offsetGet('Illuminate\\Cont...')
#7 C:\xampp\htdocs\ERP_model\vendor\laravel\framework\src\Illuminate\Container\Container.php(1115): Illuminate\Routing\RoutingServiceProvider->Illuminate\Routing\{closure}(Object(Illuminate\Foundation\Application), Array)
#8 C:\xampp\htdocs\ERP_model\vendor\laravel\framework\src\Illuminate\Container\Container.php(933): Illuminate\Container\Container->build(Object(Closure))
#9 C:\xampp\htdocs\ERP_model\vendor\laravel\framework\src\Illuminate\Foundation\Application.php(1078): Illuminate\Container\Container->resolve('Illuminate\\Cont...', Array, true)
#10 C:\xampp\htdocs\ERP_model\vendor\laravel\framework\src\Illuminate\Container\Container.php(864): Illuminate\Foundation\Application->resolve('Illuminate\\Cont...', Array)
#11 C:\xampp\htdocs\ERP_model\vendor\laravel\framework\src\Illuminate\Foundation\Application.php(1058): Illuminate\Container\Container->make('Illuminate\\Cont...', Array)
#12 C:\xampp\htdocs\ERP_model\vendor\laravel\framework\src\Illuminate\Foundation\helpers.php(138): Illuminate\Foundation\Application->make('Illuminate\\Cont...', Array)
#13 C:\xampp\htdocs\ERP_model\vendor\laravel\framework\src\Illuminate\Foundation\helpers.php(850): app('Illuminate\\Cont...')
#14 C:\xampp\htdocs\ERP_model\vendor\laravel\framework\src\Illuminate\Foundation\Exceptions\Handler.php(987): response('<!-- Target cla...', 500, Array)
#15 C:\xampp\htdocs\ERP_model\vendor\laravel\framework\src\Illuminate\Foundation\Exceptions\Handler.php(839): Illuminate\Foundation\Exceptions\Handler->toIlluminateResponse(Object(Symfony\Component\HttpFoundation\Response), Object(Illuminate\Contracts\Container\BindingResolutionException))
#16 C:\xampp\htdocs\ERP_model\vendor\laravel\framework\src\Illuminate\Foundation\Exceptions\Handler.php(738): Illuminate\Foundation\Exceptions\Handler->prepareResponse(Object(Illuminate\Http\Request), Object(Illuminate\Contracts\Container\BindingResolutionException))
#17 C:\xampp\htdocs\ERP_model\vendor\laravel\framework\src\Illuminate\Foundation\Exceptions\Handler.php(626): Illuminate\Foundation\Exceptions\Handler->renderExceptionResponse(Object(Illuminate\Http\Request), Object(Illuminate\Contracts\Container\BindingResolutionException))
#18 C:\xampp\htdocs\ERP_model\vendor\laravel\framework\src\Illuminate\Foundation\Bootstrap\HandleExceptions.php(225): Illuminate\Foundation\Exceptions\Handler->render(Object(Illuminate\Http\Request), Object(Illuminate\Contracts\Container\BindingResolutionException))
#19 C:\xampp\htdocs\ERP_model\vendor\laravel\framework\src\Illuminate\Foundation\Bootstrap\HandleExceptions.php(202): Illuminate\Foundation\Bootstrap\HandleExceptions->renderHttpResponse(Object(Illuminate\Contracts\Container\BindingResolutionException))
#20 C:\xampp\htdocs\ERP_model\vendor\laravel\framework\src\Illuminate\Foundation\Bootstrap\HandleExceptions.php(262): Illuminate\Foundation\Bootstrap\HandleExceptions->handleException(Object(Illuminate\Contracts\Container\BindingResolutionException))
#21 [internal function]: Illuminate\Foundation\Bootstrap\HandleExceptions->Illuminate\Foundation\Bootstrap\{closure}(Object(Illuminate\Contracts\Container\BindingResolutionException))
#22 {main}

Next Illuminate\Contracts\Container\BindingResolutionException: Target class [view] does not exist. in C:\xampp\htdocs\ERP_model\vendor\laravel\framework\src\Illuminate\Container\Container.php:1124
Stack trace:
#0 C:\xampp\htdocs\ERP_model\vendor\laravel\framework\src\Illuminate\Container\Container.php(933): Illuminate\Container\Container->build('view')
#1 C:\xampp\htdocs\ERP_model\vendor\laravel\framework\src\Illuminate\Foundation\Application.php(1078): Illuminate\Container\Container->resolve('view', Array, true)
#2 C:\xampp\htdocs\ERP_model\vendor\laravel\framework\src\Illuminate\Container\Container.php(864): Illuminate\Foundation\Application->resolve('view', Array)
#3 C:\xampp\htdocs\ERP_model\vendor\laravel\framework\src\Illuminate\Foundation\Application.php(1058): Illuminate\Container\Container->make('view', Array)
#4 C:\xampp\htdocs\ERP_model\vendor\laravel\framework\src\Illuminate\Container\Container.php(1805): Illuminate\Foundation\Application->make('view')
#5 C:\xampp\htdocs\ERP_model\vendor\laravel\framework\src\Illuminate\Routing\RoutingServiceProvider.php(177): Illuminate\Container\Container->offsetGet('Illuminate\\Cont...')
#6 C:\xampp\htdocs\ERP_model\vendor\laravel\framework\src\Illuminate\Container\Container.php(1115): Illuminate\Routing\RoutingServiceProvider->Illuminate\Routing\{closure}(Object(Illuminate\Foundation\Application), Array)
#7 C:\xampp\htdocs\ERP_model\vendor\laravel\framework\src\Illuminate\Container\Container.php(933): Illuminate\Container\Container->build(Object(Closure))
#8 C:\xampp\htdocs\ERP_model\vendor\laravel\framework\src\Illuminate\Foundation\Application.php(1078): Illuminate\Container\Container->resolve('Illuminate\\Cont...', Array, true)
#9 C:\xampp\htdocs\ERP_model\vendor\laravel\framework\src\Illuminate\Container\Container.php(864): Illuminate\Foundation\Application->resolve('Illuminate\\Cont...', Array)
#10 C:\xampp\htdocs\ERP_model\vendor\laravel\framework\src\Illuminate\Foundation\Application.php(1058): Illuminate\Container\Container->make('Illuminate\\Cont...', Array)
#11 C:\xampp\htdocs\ERP_model\vendor\laravel\framework\src\Illuminate\Foundation\helpers.php(138): Illuminate\Foundation\Application->make('Illuminate\\Cont...', Array)
#12 C:\xampp\htdocs\ERP_model\vendor\laravel\framework\src\Illuminate\Foundation\helpers.php(850): app('Illuminate\\Cont...')
#13 C:\xampp\htdocs\ERP_model\vendor\laravel\framework\src\Illuminate\Foundation\Exceptions\Handler.php(987): response('<!-- Target cla...', 500, Array)
#14 C:\xampp\htdocs\ERP_model\vendor\laravel\framework\src\Illuminate\Foundation\Exceptions\Handler.php(839): Illuminate\Foundation\Exceptions\Handler->toIlluminateResponse(Object(Symfony\Component\HttpFoundation\Response), Object(Illuminate\Contracts\Container\BindingResolutionException))
#15 C:\xampp\htdocs\ERP_model\vendor\laravel\framework\src\Illuminate\Foundation\Exceptions\Handler.php(738): Illuminate\Foundation\Exceptions\Handler->prepareResponse(Object(Illuminate\Http\Request), Object(Illuminate\Contracts\Container\BindingResolutionException))
#16 C:\xampp\htdocs\ERP_model\vendor\laravel\framework\src\Illuminate\Foundation\Exceptions\Handler.php(626): Illuminate\Foundation\Exceptions\Handler->renderExceptionResponse(Object(Illuminate\Http\Request), Object(Illuminate\Contracts\Container\BindingResolutionException))
#17 C:\xampp\htdocs\ERP_model\vendor\laravel\framework\src\Illuminate\Foundation\Bootstrap\HandleExceptions.php(225): Illuminate\Foundation\Exceptions\Handler->render(Object(Illuminate\Http\Request), Object(Illuminate\Contracts\Container\BindingResolutionException))
#18 C:\xampp\htdocs\ERP_model\vendor\laravel\framework\src\Illuminate\Foundation\Bootstrap\HandleExceptions.php(202): Illuminate\Foundation\Bootstrap\HandleExceptions->renderHttpResponse(Object(Illuminate\Contracts\Container\BindingResolutionException))
#19 C:\xampp\htdocs\ERP_model\vendor\laravel\framework\src\Illuminate\Foundation\Bootstrap\HandleExceptions.php(262): Illuminate\Foundation\Bootstrap\HandleExceptions->handleException(Object(Illuminate\Contracts\Container\BindingResolutionException))
#20 [internal function]: Illuminate\Foundation\Bootstrap\HandleExceptions->Illuminate\Foundation\Bootstrap\{closure}(Object(Illuminate\Contracts\Container\BindingResolutionException))
#21 {main}
  thrown {"exception":"[object] (Symfony\\Component\\ErrorHandler\\Error\\FatalError(code: 0): Uncaught ReflectionException: Class \"view\" does not exist in C:\\xampp\\htdocs\\ERP_model\\vendor\\laravel\\framework\\src\\Illuminate\\Container\\Container.php:1122
Stack trace:
#0 C:\\xampp\\htdocs\\ERP_model\\vendor\\laravel\\framework\\src\\Illuminate\\Container\\Container.php(1122): ReflectionClass->__construct('view')
#1 C:\\xampp\\htdocs\\ERP_model\\vendor\\laravel\\framework\\src\\Illuminate\\Container\\Container.php(933): Illuminate\\Container\\Container->build('view')
#2 C:\\xampp\\htdocs\\ERP_model\\vendor\\laravel\\framework\\src\\Illuminate\\Foundation\\Application.php(1078): Illuminate\\Container\\Container->resolve('view', Array, true)
#3 C:\\xampp\\htdocs\\ERP_model\\vendor\\laravel\\framework\\src\\Illuminate\\Container\\Container.php(864): Illuminate\\Foundation\\Application->resolve('view', Array)
#4 C:\\xampp\\htdocs\\ERP_model\\vendor\\laravel\\framework\\src\\Illuminate\\Foundation\\Application.php(1058): Illuminate\\Container\\Container->make('view', Array)
#5 C:\\xampp\\htdocs\\ERP_model\\vendor\\laravel\\framework\\src\\Illuminate\\Container\\Container.php(1805): Illuminate\\Foundation\\Application->make('view')
#6 C:\\xampp\\htdocs\\ERP_model\\vendor\\laravel\\framework\\src\\Illuminate\\Routing\\RoutingServiceProvider.php(177): Illuminate\\Container\\Container->offsetGet('Illuminate\\\\Cont...')
#7 C:\\xampp\\htdocs\\ERP_model\\vendor\\laravel\\framework\\src\\Illuminate\\Container\\Container.php(1115): Illuminate\\Routing\\RoutingServiceProvider->Illuminate\\Routing\\{closure}(Object(Illuminate\\Foundation\\Application), Array)
#8 C:\\xampp\\htdocs\\ERP_model\\vendor\\laravel\\framework\\src\\Illuminate\\Container\\Container.php(933): Illuminate\\Container\\Container->build(Object(Closure))
#9 C:\\xampp\\htdocs\\ERP_model\\vendor\\laravel\\framework\\src\\Illuminate\\Foundation\\Application.php(1078): Illuminate\\Container\\Container->resolve('Illuminate\\\\Cont...', Array, true)
#10 C:\\xampp\\htdocs\\ERP_model\\vendor\\laravel\\framework\\src\\Illuminate\\Container\\Container.php(864): Illuminate\\Foundation\\Application->resolve('Illuminate\\\\Cont...', Array)
#11 C:\\xampp\\htdocs\\ERP_model\\vendor\\laravel\\framework\\src\\Illuminate\\Foundation\\Application.php(1058): Illuminate\\Container\\Container->make('Illuminate\\\\Cont...', Array)
#12 C:\\xampp\\htdocs\\ERP_model\\vendor\\laravel\\framework\\src\\Illuminate\\Foundation\\helpers.php(138): Illuminate\\Foundation\\Application->make('Illuminate\\\\Cont...', Array)
#13 C:\\xampp\\htdocs\\ERP_model\\vendor\\laravel\\framework\\src\\Illuminate\\Foundation\\helpers.php(850): app('Illuminate\\\\Cont...')
#14 C:\\xampp\\htdocs\\ERP_model\\vendor\\laravel\\framework\\src\\Illuminate\\Foundation\\Exceptions\\Handler.php(987): response('<!-- Target cla...', 500, Array)
#15 C:\\xampp\\htdocs\\ERP_model\\vendor\\laravel\\framework\\src\\Illuminate\\Foundation\\Exceptions\\Handler.php(839): Illuminate\\Foundation\\Exceptions\\Handler->toIlluminateResponse(Object(Symfony\\Component\\HttpFoundation\\Response), Object(Illuminate\\Contracts\\Container\\BindingResolutionException))
#16 C:\\xampp\\htdocs\\ERP_model\\vendor\\laravel\\framework\\src\\Illuminate\\Foundation\\Exceptions\\Handler.php(738): Illuminate\\Foundation\\Exceptions\\Handler->prepareResponse(Object(Illuminate\\Http\\Request), Object(Illuminate\\Contracts\\Container\\BindingResolutionException))
#17 C:\\xampp\\htdocs\\ERP_model\\vendor\\laravel\\framework\\src\\Illuminate\\Foundation\\Exceptions\\Handler.php(626): Illuminate\\Foundation\\Exceptions\\Handler->renderExceptionResponse(Object(Illuminate\\Http\\Request), Object(Illuminate\\Contracts\\Container\\BindingResolutionException))
#18 C:\\xampp\\htdocs\\ERP_model\\vendor\\laravel\\framework\\src\\Illuminate\\Foundation\\Bootstrap\\HandleExceptions.php(225): Illuminate\\Foundation\\Exceptions\\Handler->render(Object(Illuminate\\Http\\Request), Object(Illuminate\\Contracts\\Container\\BindingResolutionException))
#19 C:\\xampp\\htdocs\\ERP_model\\vendor\\laravel\\framework\\src\\Illuminate\\Foundation\\Bootstrap\\HandleExceptions.php(202): Illuminate\\Foundation\\Bootstrap\\HandleExceptions->renderHttpResponse(Object(Illuminate\\Contracts\\Container\\BindingResolutionException))
#20 C:\\xampp\\htdocs\\ERP_model\\vendor\\laravel\\framework\\src\\Illuminate\\Foundation\\Bootstrap\\HandleExceptions.php(262): Illuminate\\Foundation\\Bootstrap\\HandleExceptions->handleException(Object(Illuminate\\Contracts\\Container\\BindingResolutionException))
#21 [internal function]: Illuminate\\Foundation\\Bootstrap\\HandleExceptions->Illuminate\\Foundation\\Bootstrap\\{closure}(Object(Illuminate\\Contracts\\Container\\BindingResolutionException))
#22 {main}

Next Illuminate\\Contracts\\Container\\BindingResolutionException: Target class [view] does not exist. in C:\\xampp\\htdocs\\ERP_model\\vendor\\laravel\\framework\\src\\Illuminate\\Container\\Container.php:1124
Stack trace:
#0 C:\\xampp\\htdocs\\ERP_model\\vendor\\laravel\\framework\\src\\Illuminate\\Container\\Container.php(933): Illuminate\\Container\\Container->build('view')
#1 C:\\xampp\\htdocs\\ERP_model\\vendor\\laravel\\framework\\src\\Illuminate\\Foundation\\Application.php(1078): Illuminate\\Container\\Container->resolve('view', Array, true)
#2 C:\\xampp\\htdocs\\ERP_model\\vendor\\laravel\\framework\\src\\Illuminate\\Container\\Container.php(864): Illuminate\\Foundation\\Application->resolve('view', Array)
#3 C:\\xampp\\htdocs\\ERP_model\\vendor\\laravel\\framework\\src\\Illuminate\\Foundation\\Application.php(1058): Illuminate\\Container\\Container->make('view', Array)
#4 C:\\xampp\\htdocs\\ERP_model\\vendor\\laravel\\framework\\src\\Illuminate\\Container\\Container.php(1805): Illuminate\\Foundation\\Application->make('view')
#5 C:\\xampp\\htdocs\\ERP_model\\vendor\\laravel\\framework\\src\\Illuminate\\Routing\\RoutingServiceProvider.php(177): Illuminate\\Container\\Container->offsetGet('Illuminate\\\\Cont...')
#6 C:\\xampp\\htdocs\\ERP_model\\vendor\\laravel\\framework\\src\\Illuminate\\Container\\Container.php(1115): Illuminate\\Routing\\RoutingServiceProvider->Illuminate\\Routing\\{closure}(Object(Illuminate\\Foundation\\Application), Array)
#7 C:\\xampp\\htdocs\\ERP_model\\vendor\\laravel\\framework\\src\\Illuminate\\Container\\Container.php(933): Illuminate\\Container\\Container->build(Object(Closure))
#8 C:\\xampp\\htdocs\\ERP_model\\vendor\\laravel\\framework\\src\\Illuminate\\Foundation\\Application.php(1078): Illuminate\\Container\\Container->resolve('Illuminate\\\\Cont...', Array, true)
#9 C:\\xampp\\htdocs\\ERP_model\\vendor\\laravel\\framework\\src\\Illuminate\\Container\\Container.php(864): Illuminate\\Foundation\\Application->resolve('Illuminate\\\\Cont...', Array)
#10 C:\\xampp\\htdocs\\ERP_model\\vendor\\laravel\\framework\\src\\Illuminate\\Foundation\\Application.php(1058): Illuminate\\Container\\Container->make('Illuminate\\\\Cont...', Array)
#11 C:\\xampp\\htdocs\\ERP_model\\vendor\\laravel\\framework\\src\\Illuminate\\Foundation\\helpers.php(138): Illuminate\\Foundation\\Application->make('Illuminate\\\\Cont...', Array)
#12 C:\\xampp\\htdocs\\ERP_model\\vendor\\laravel\\framework\\src\\Illuminate\\Foundation\\helpers.php(850): app('Illuminate\\\\Cont...')
#13 C:\\xampp\\htdocs\\ERP_model\\vendor\\laravel\\framework\\src\\Illuminate\\Foundation\\Exceptions\\Handler.php(987): response('<!-- Target cla...', 500, Array)
#14 C:\\xampp\\htdocs\\ERP_model\\vendor\\laravel\\framework\\src\\Illuminate\\Foundation\\Exceptions\\Handler.php(839): Illuminate\\Foundation\\Exceptions\\Handler->toIlluminateResponse(Object(Symfony\\Component\\HttpFoundation\\Response), Object(Illuminate\\Contracts\\Container\\BindingResolutionException))
#15 C:\\xampp\\htdocs\\ERP_model\\vendor\\laravel\\framework\\src\\Illuminate\\Foundation\\Exceptions\\Handler.php(738): Illuminate\\Foundation\\Exceptions\\Handler->prepareResponse(Object(Illuminate\\Http\\Request), Object(Illuminate\\Contracts\\Container\\BindingResolutionException))
#16 C:\\xampp\\htdocs\\ERP_model\\vendor\\laravel\\framework\\src\\Illuminate\\Foundation\\Exceptions\\Handler.php(626): Illuminate\\Foundation\\Exceptions\\Handler->renderExceptionResponse(Object(Illuminate\\Http\\Request), Object(Illuminate\\Contracts\\Container\\BindingResolutionException))
#17 C:\\xampp\\htdocs\\ERP_model\\vendor\\laravel\\framework\\src\\Illuminate\\Foundation\\Bootstrap\\HandleExceptions.php(225): Illuminate\\Foundation\\Exceptions\\Handler->render(Object(Illuminate\\Http\\Request), Object(Illuminate\\Contracts\\Container\\BindingResolutionException))
#18 C:\\xampp\\htdocs\\ERP_model\\vendor\\laravel\\framework\\src\\Illuminate\\Foundation\\Bootstrap\\HandleExceptions.php(202): Illuminate\\Foundation\\Bootstrap\\HandleExceptions->renderHttpResponse(Object(Illuminate\\Contracts\\Container\\BindingResolutionException))
#19 C:\\xampp\\htdocs\\ERP_model\\vendor\\laravel\\framework\\src\\Illuminate\\Foundation\\Bootstrap\\HandleExceptions.php(262): Illuminate\\Foundation\\Bootstrap\\HandleExceptions->handleException(Object(Illuminate\\Contracts\\Container\\BindingResolutionException))
#20 [internal function]: Illuminate\\Foundation\\Bootstrap\\HandleExceptions->Illuminate\\Foundation\\Bootstrap\\{closure}(Object(Illuminate\\Contracts\\Container\\BindingResolutionException))
#21 {main}
  thrown at C:/xampp/htdocs/ERP_model/vendor/laravel/framework/src/Illuminate/Container/Container.php:1124)
[stacktrace]
#0 {main}
"} 
[2026-06-19 06:53:23] local.ERROR: Class "App\Providers\AuthServiceProvider" not found {"exception":"[object] (Error(code: 0): Class \"App\\Providers\\AuthServiceProvider\" not found at C:/xampp/htdocs/ERP_model/vendor/laravel/framework/src/Illuminate/Foundation/ProviderRepository.php:205)
[stacktrace]
#0 C:/xampp/htdocs/ERP_model/vendor/laravel/framework/src/Illuminate/Foundation/ProviderRepository.php(141): Illuminate/Foundation/ProviderRepository->createProvider('App//Providers//A...')
#1 C:/xampp/htdocs/ERP_model/vendor/laravel/framework/src/Illuminate/Foundation/ProviderRepository.php(60): Illuminate/Foundation/ProviderRepository->compileManifest(Array)
#2 C:/xampp/htdocs/ERP_model/vendor/laravel/framework/src/Illuminate/Foundation/Application.php(871): Illuminate/Foundation/ProviderRepository->load(Array)
#3 C:/xampp/htdocs/ERP_model/vendor/laravel/framework/src/Illuminate/Foundation/Bootstrap/RegisterProviders.php(37): Illuminate/Foundation/Application->registerConfiguredProviders()
#4 C:/xampp/htdocs/ERP_model/vendor/laravel/framework/src/Illuminate/Foundation/Application.php(342): Illuminate/Foundation/Bootstrap/RegisterProviders->bootstrap(Object(Illuminate/Foundation/Application))
#5 C:/xampp/htdocs/ERP_model/vendor/laravel/framework/src/Illuminate/Foundation/Console/Kernel.php(494): Illuminate/Foundation/Application->bootstrapWith(Array)
#6 C:/xampp/htdocs/ERP_model/vendor/laravel/framework/src/Illuminate/Foundation/Console/Kernel.php(196): Illuminate/Foundation/Console/Kernel->bootstrap()
#7 C:/xampp/htdocs/ERP_model/vendor/laravel/framework/src/Illuminate/Foundation/Application.php(1235): Illuminate/Foundation/Console/Kernel->handle(Object(Symfony/Component/Console/Input/ArgvInput), Object(Symfony/Component/Console/Output/ConsoleOutput))
#8 C:/xampp/htdocs/ERP_model/artisan(16): Illuminate/Foundation/Application->handleCommand(Object(Symfony/Component/Console/Input/ArgvInput))
#9 {main}
"} 
[2026-06-19 06:54:06] local.ERROR: Class "App\Providers\AuthServiceProvider" not found {"exception":"[object] (Error(code: 0): Class \"App\\Providers\\AuthServiceProvider\" not found at C:/xampp/htdocs/ERP_model/vendor/laravel/framework/src/Illuminate/Foundation/ProviderRepository.php:205)
[stacktrace]
#0 C:/xampp/htdocs/ERP_model/vendor/laravel/framework/src/Illuminate/Foundation/ProviderRepository.php(141): Illuminate/Foundation/ProviderRepository->createProvider('App//Providers//A...')
#1 C:/xampp/htdocs/ERP_model/vendor/laravel/framework/src/Illuminate/Foundation/ProviderRepository.php(60): Illuminate/Foundation/ProviderRepository->compileManifest(Array)
#2 C:/xampp/htdocs/ERP_model/vendor/laravel/framework/src/Illuminate/Foundation/Application.php(871): Illuminate/Foundation/ProviderRepository->load(Array)
#3 C:/xampp/htdocs/ERP_model/vendor/laravel/framework/src/Illuminate/Foundation/Bootstrap/RegisterProviders.php(37): Illuminate/Foundation/Application->registerConfiguredProviders()
#4 C:/xampp/htdocs/ERP_model/vendor/laravel/framework/src/Illuminate/Foundation/Application.php(342): Illuminate/Foundation/Bootstrap/RegisterProviders->bootstrap(Object(Illuminate/Foundation/Application))
#5 C:/xampp/htdocs/ERP_model/vendor/laravel/framework/src/Illuminate/Foundation/Http/Kernel.php(186): Illuminate/Foundation/Application->bootstrapWith(Array)
#6 C:/xampp/htdocs/ERP_model/vendor/laravel/framework/src/Illuminate/Foundation/Http/Kernel.php(170): Illuminate/Foundation/Http/Kernel->bootstrap()
#7 C:/xampp/htdocs/ERP_model/vendor/laravel/framework/src/Illuminate/Foundation/Http/Kernel.php(144): Illuminate/Foundation/Http/Kernel->sendRequestThroughRouter(Object(Illuminate/Http/Request))
#8 C:/xampp/htdocs/ERP_model/vendor/laravel/framework/src/Illuminate/Foundation/Application.php(1220): Illuminate/Foundation/Http/Kernel->handle(Object(Illuminate/Http/Request))
#9 C:/xampp/htdocs/ERP_model/public/index.php(20): Illuminate/Foundation/Application->handleRequest(Object(Illuminate/Http/Request))
#10 C:/xampp/htdocs/ERP_model/vendor/laravel/framework/src/Illuminate/Foundation/resources/server.php(23): require_once('C://xampp//htdocs...')
#11 {main}
"} 
[2026-06-19 06:54:06] local.ERROR: Target class [view] does not exist. {"exception":"[object] (Illuminate\\Contracts\\Container\\BindingResolutionException(code: 0): Target class [view] does not exist. at C:/xampp/htdocs/ERP_model/vendor/laravel/framework/src/Illuminate/Container/Container.php:1124)
[stacktrace]
#0 C:/xampp/htdocs/ERP_model/vendor/laravel/framework/src/Illuminate/Container/Container.php(933): Illuminate/Container/Container->build('view')
#1 C:/xampp/htdocs/ERP_model/vendor/laravel/framework/src/Illuminate/Foundation/Application.php(1078): Illuminate/Container/Container->resolve('view', Array, true)
#2 C:/xampp/htdocs/ERP_model/vendor/laravel/framework/src/Illuminate/Container/Container.php(864): Illuminate/Foundation/Application->resolve('view', Array)
#3 C:/xampp/htdocs/ERP_model/vendor/laravel/framework/src/Illuminate/Foundation/Application.php(1058): Illuminate/Container/Container->make('view', Array)
#4 C:/xampp/htdocs/ERP_model/vendor/laravel/framework/src/Illuminate/Container/Container.php(1805): Illuminate/Foundation/Application->make('view')
#5 C:/xampp/htdocs/ERP_model/vendor/laravel/framework/src/Illuminate/Routing/RoutingServiceProvider.php(177): Illuminate/Container/Container->offsetGet('Illuminate//Cont...')
#6 C:/xampp/htdocs/ERP_model/vendor/laravel/framework/src/Illuminate/Container/Container.php(1115): Illuminate/Routing/RoutingServiceProvider->Illuminate/Routing/{closure}(Object(Illuminate/Foundation/Application), Array)
#7 C:/xampp/htdocs/ERP_model/vendor/laravel/framework/src/Illuminate/Container/Container.php(933): Illuminate/Container/Container->build(Object(Closure))
#8 C:/xampp/htdocs/ERP_model/vendor/laravel/framework/src/Illuminate/Foundation/Application.php(1078): Illuminate/Container/Container->resolve('Illuminate//Cont...', Array, true)
#9 C:/xampp/htdocs/ERP_model/vendor/laravel/framework/src/Illuminate/Container/Container.php(864): Illuminate/Foundation/Application->resolve('Illuminate//Cont...', Array)
#10 C:/xampp/htdocs/ERP_model/vendor/laravel/framework/src/Illuminate/Foundation/Application.php(1058): Illuminate/Container/Container->make('Illuminate//Cont...', Array)
#11 C:/xampp/htdocs/ERP_model/vendor/laravel/framework/src/Illuminate/Foundation/helpers.php(138): Illuminate/Foundation/Application->make('Illuminate//Cont...', Array)
#12 C:/xampp/htdocs/ERP_model/vendor/laravel/framework/src/Illuminate/Foundation/helpers.php(850): app('Illuminate//Cont...')
#13 C:/xampp/htdocs/ERP_model/vendor/laravel/framework/src/Illuminate/Foundation/Exceptions/Handler.php(987): response('<!-- Class &quo...', 500, Array)
#14 C:/xampp/htdocs/ERP_model/vendor/laravel/framework/src/Illuminate/Foundation/Exceptions/Handler.php(839): Illuminate/Foundation/Exceptions/Handler->toIlluminateResponse(Object(Symfony/Component/HttpFoundation/Response), Object(Error))
#15 C:/xampp/htdocs/ERP_model/vendor/laravel/framework/src/Illuminate/Foundation/Exceptions/Handler.php(738): Illuminate/Foundation/Exceptions/Handler->prepareResponse(Object(Illuminate/Http/Request), Object(Error))
#16 C:/xampp/htdocs/ERP_model/vendor/laravel/framework/src/Illuminate/Foundation/Exceptions/Handler.php(626): Illuminate/Foundation/Exceptions/Handler->renderExceptionResponse(Object(Illuminate/Http/Request), Object(Error))
#17 C:/xampp/htdocs/ERP_model/vendor/laravel/framework/src/Illuminate/Foundation/Http/Kernel.php(574): Illuminate/Foundation/Exceptions/Handler->render(Object(Illuminate/Http/Request), Object(Error))
#18 C:/xampp/htdocs/ERP_model/vendor/laravel/framework/src/Illuminate/Foundation/Http/Kernel.php(148): Illuminate/Foundation/Http/Kernel->renderException(Object(Illuminate/Http/Request), Object(Error))
#19 C:/xampp/htdocs/ERP_model/vendor/laravel/framework/src/Illuminate/Foundation/Application.php(1220): Illuminate/Foundation/Http/Kernel->handle(Object(Illuminate/Http/Request))
#20 C:/xampp/htdocs/ERP_model/public/index.php(20): Illuminate/Foundation/Application->handleRequest(Object(Illuminate/Http/Request))
#21 C:/xampp/htdocs/ERP_model/vendor/laravel/framework/src/Illuminate/Foundation/resources/server.php(23): require_once('C://xampp//htdocs...')
#22 {main}

[previous exception] [object] (ReflectionException(code: -1): Class \"view\" does not exist at C:/xampp/htdocs/ERP_model/vendor/laravel/framework/src/Illuminate/Container/Container.php:1122)
[stacktrace]
#0 C:/xampp/htdocs/ERP_model/vendor/laravel/framework/src/Illuminate/Container/Container.php(1122): ReflectionClass->__construct('view')
#1 C:/xampp/htdocs/ERP_model/vendor/laravel/framework/src/Illuminate/Container/Container.php(933): Illuminate/Container/Container->build('view')
#2 C:/xampp/htdocs/ERP_model/vendor/laravel/framework/src/Illuminate/Foundation/Application.php(1078): Illuminate/Container/Container->resolve('view', Array, true)
#3 C:/xampp/htdocs/ERP_model/vendor/laravel/framework/src/Illuminate/Container/Container.php(864): Illuminate/Foundation/Application->resolve('view', Array)
#4 C:/xampp/htdocs/ERP_model/vendor/laravel/framework/src/Illuminate/Foundation/Application.php(1058): Illuminate/Container/Container->make('view', Array)
#5 C:/xampp/htdocs/ERP_model/vendor/laravel/framework/src/Illuminate/Container/Container.php(1805): Illuminate/Foundation/Application->make('view')
#6 C:/xampp/htdocs/ERP_model/vendor/laravel/framework/src/Illuminate/Routing/RoutingServiceProvider.php(177): Illuminate/Container/Container->offsetGet('Illuminate//Cont...')
#7 C:/xampp/htdocs/ERP_model/vendor/laravel/framework/src/Illuminate/Container/Container.php(1115): Illuminate/Routing/RoutingServiceProvider->Illuminate/Routing/{closure}(Object(Illuminate/Foundation/Application), Array)
#8 C:/xampp/htdocs/ERP_model/vendor/laravel/framework/src/Illuminate/Container/Container.php(933): Illuminate/Container/Container->build(Object(Closure))
#9 C:/xampp/htdocs/ERP_model/vendor/laravel/framework/src/Illuminate/Foundation/Application.php(1078): Illuminate/Container/Container->resolve('Illuminate//Cont...', Array, true)
#10 C:/xampp/htdocs/ERP_model/vendor/laravel/framework/src/Illuminate/Container/Container.php(864): Illuminate/Foundation/Application->resolve('Illuminate//Cont...', Array)
#11 C:/xampp/htdocs/ERP_model/vendor/laravel/framework/src/Illuminate/Foundation/Application.php(1058): Illuminate/Container/Container->make('Illuminate//Cont...', Array)
#12 C:/xampp/htdocs/ERP_model/vendor/laravel/framework/src/Illuminate/Foundation/helpers.php(138): Illuminate/Foundation/Application->make('Illuminate//Cont...', Array)
#13 C:/xampp/htdocs/ERP_model/vendor/laravel/framework/src/Illuminate/Foundation/helpers.php(850): app('Illuminate//Cont...')
#14 C:/xampp/htdocs/ERP_model/vendor/laravel/framework/src/Illuminate/Foundation/Exceptions/Handler.php(987): response('<!-- Class &quo...', 500, Array)
#15 C:/xampp/htdocs/ERP_model/vendor/laravel/framework/src/Illuminate/Foundation/Exceptions/Handler.php(839): Illuminate/Foundation/Exceptions/Handler->toIlluminateResponse(Object(Symfony/Component/HttpFoundation/Response), Object(Error))
#16 C:/xampp/htdocs/ERP_model/vendor/laravel/framework/src/Illuminate/Foundation/Exceptions/Handler.php(738): Illuminate/Foundation/Exceptions/Handler->prepareResponse(Object(Illuminate/Http/Request), Object(Error))
#17 C:/xampp/htdocs/ERP_model/vendor/laravel/framework/src/Illuminate/Foundation/Exceptions/Handler.php(626): Illuminate/Foundation/Exceptions/Handler->renderExceptionResponse(Object(Illuminate/Http/Request), Object(Error))
#18 C:/xampp/htdocs/ERP_model/vendor/laravel/framework/src/Illuminate/Foundation/Http/Kernel.php(574): Illuminate/Foundation/Exceptions/Handler->render(Object(Illuminate/Http/Request), Object(Error))
#19 C:/xampp/htdocs/ERP_model/vendor/laravel/framework/src/Illuminate/Foundation/Http/Kernel.php(148): Illuminate/Foundation/Http/Kernel->renderException(Object(Illuminate/Http/Request), Object(Error))
#20 C:/xampp/htdocs/ERP_model/vendor/laravel/framework/src/Illuminate/Foundation/Application.php(1220): Illuminate/Foundation/Http/Kernel->handle(Object(Illuminate/Http/Request))
#21 C:/xampp/htdocs/ERP_model/public/index.php(20): Illuminate/Foundation/Application->handleRequest(Object(Illuminate/Http/Request))
#22 C:/xampp/htdocs/ERP_model/vendor/laravel/framework/src/Illuminate/Foundation/resources/server.php(23): require_once('C://xampp//htdocs...')
#23 {main}
"} 
[2026-06-19 06:54:06] local.ERROR: Uncaught ReflectionException: Class "view" does not exist in C:\xampp\htdocs\ERP_model\vendor\laravel\framework\src\Illuminate\Container\Container.php:1122
Stack trace:
#0 C:\xampp\htdocs\ERP_model\vendor\laravel\framework\src\Illuminate\Container\Container.php(1122): ReflectionClass->__construct('view')
#1 C:\xampp\htdocs\ERP_model\vendor\laravel\framework\src\Illuminate\Container\Container.php(933): Illuminate\Container\Container->build('view')
#2 C:\xampp\htdocs\ERP_model\vendor\laravel\framework\src\Illuminate\Foundation\Application.php(1078): Illuminate\Container\Container->resolve('view', Array, true)
#3 C:\xampp\htdocs\ERP_model\vendor\laravel\framework\src\Illuminate\Container\Container.php(864): Illuminate\Foundation\Application->resolve('view', Array)
#4 C:\xampp\htdocs\ERP_model\vendor\laravel\framework\src\Illuminate\Foundation\Application.php(1058): Illuminate\Container\Container->make('view', Array)
#5 C:\xampp\htdocs\ERP_model\vendor\laravel\framework\src\Illuminate\Container\Container.php(1805): Illuminate\Foundation\Application->make('view')
#6 C:\xampp\htdocs\ERP_model\vendor\laravel\framework\src\Illuminate\Routing\RoutingServiceProvider.php(177): Illuminate\Container\Container->offsetGet('Illuminate\\Cont...')
#7 C:\xampp\htdocs\ERP_model\vendor\laravel\framework\src\Illuminate\Container\Container.php(1115): Illuminate\Routing\RoutingServiceProvider->Illuminate\Routing\{closure}(Object(Illuminate\Foundation\Application), Array)
#8 C:\xampp\htdocs\ERP_model\vendor\laravel\framework\src\Illuminate\Container\Container.php(933): Illuminate\Container\Container->build(Object(Closure))
#9 C:\xampp\htdocs\ERP_model\vendor\laravel\framework\src\Illuminate\Foundation\Application.php(1078): Illuminate\Container\Container->resolve('Illuminate\\Cont...', Array, true)
#10 C:\xampp\htdocs\ERP_model\vendor\laravel\framework\src\Illuminate\Container\Container.php(864): Illuminate\Foundation\Application->resolve('Illuminate\\Cont...', Array)
#11 C:\xampp\htdocs\ERP_model\vendor\laravel\framework\src\Illuminate\Foundation\Application.php(1058): Illuminate\Container\Container->make('Illuminate\\Cont...', Array)
#12 C:\xampp\htdocs\ERP_model\vendor\laravel\framework\src\Illuminate\Foundation\helpers.php(138): Illuminate\Foundation\Application->make('Illuminate\\Cont...', Array)
#13 C:\xampp\htdocs\ERP_model\vendor\laravel\framework\src\Illuminate\Foundation\helpers.php(850): app('Illuminate\\Cont...')
#14 C:\xampp\htdocs\ERP_model\vendor\laravel\framework\src\Illuminate\Foundation\Exceptions\Handler.php(987): response('<!-- Target cla...', 500, Array)
#15 C:\xampp\htdocs\ERP_model\vendor\laravel\framework\src\Illuminate\Foundation\Exceptions\Handler.php(839): Illuminate\Foundation\Exceptions\Handler->toIlluminateResponse(Object(Symfony\Component\HttpFoundation\Response), Object(Illuminate\Contracts\Container\BindingResolutionException))
#16 C:\xampp\htdocs\ERP_model\vendor\laravel\framework\src\Illuminate\Foundation\Exceptions\Handler.php(738): Illuminate\Foundation\Exceptions\Handler->prepareResponse(Object(Illuminate\Http\Request), Object(Illuminate\Contracts\Container\BindingResolutionException))
#17 C:\xampp\htdocs\ERP_model\vendor\laravel\framework\src\Illuminate\Foundation\Exceptions\Handler.php(626): Illuminate\Foundation\Exceptions\Handler->renderExceptionResponse(Object(Illuminate\Http\Request), Object(Illuminate\Contracts\Container\BindingResolutionException))
#18 C:\xampp\htdocs\ERP_model\vendor\laravel\framework\src\Illuminate\Foundation\Bootstrap\HandleExceptions.php(225): Illuminate\Foundation\Exceptions\Handler->render(Object(Illuminate\Http\Request), Object(Illuminate\Contracts\Container\BindingResolutionException))
#19 C:\xampp\htdocs\ERP_model\vendor\laravel\framework\src\Illuminate\Foundation\Bootstrap\HandleExceptions.php(202): Illuminate\Foundation\Bootstrap\HandleExceptions->renderHttpResponse(Object(Illuminate\Contracts\Container\BindingResolutionException))
#20 C:\xampp\htdocs\ERP_model\vendor\laravel\framework\src\Illuminate\Foundation\Bootstrap\HandleExceptions.php(262): Illuminate\Foundation\Bootstrap\HandleExceptions->handleException(Object(Illuminate\Contracts\Container\BindingResolutionException))
#21 [internal function]: Illuminate\Foundation\Bootstrap\HandleExceptions->Illuminate\Foundation\Bootstrap\{closure}(Object(Illuminate\Contracts\Container\BindingResolutionException))
#22 {main}

Next Illuminate\Contracts\Container\BindingResolutionException: Target class [view] does not exist. in C:\xampp\htdocs\ERP_model\vendor\laravel\framework\src\Illuminate\Container\Container.php:1124
Stack trace:
#0 C:\xampp\htdocs\ERP_model\vendor\laravel\framework\src\Illuminate\Container\Container.php(933): Illuminate\Container\Container->build('view')
#1 C:\xampp\htdocs\ERP_model\vendor\laravel\framework\src\Illuminate\Foundation\Application.php(1078): Illuminate\Container\Container->resolve('view', Array, true)
#2 C:\xampp\htdocs\ERP_model\vendor\laravel\framework\src\Illuminate\Container\Container.php(864): Illuminate\Foundation\Application->resolve('view', Array)
#3 C:\xampp\htdocs\ERP_model\vendor\laravel\framework\src\Illuminate\Foundation\Application.php(1058): Illuminate\Container\Container->make('view', Array)
#4 C:\xampp\htdocs\ERP_model\vendor\laravel\framework\src\Illuminate\Container\Container.php(1805): Illuminate\Foundation\Application->make('view')
#5 C:\xampp\htdocs\ERP_model\vendor\laravel\framework\src\Illuminate\Routing\RoutingServiceProvider.php(177): Illuminate\Container\Container->offsetGet('Illuminate\\Cont...')
#6 C:\xampp\htdocs\ERP_model\vendor\laravel\framework\src\Illuminate\Container\Container.php(1115): Illuminate\Routing\RoutingServiceProvider->Illuminate\Routing\{closure}(Object(Illuminate\Foundation\Application), Array)
#7 C:\xampp\htdocs\ERP_model\vendor\laravel\framework\src\Illuminate\Container\Container.php(933): Illuminate\Container\Container->build(Object(Closure))
#8 C:\xampp\htdocs\ERP_model\vendor\laravel\framework\src\Illuminate\Foundation\Application.php(1078): Illuminate\Container\Container->resolve('Illuminate\\Cont...', Array, true)
#9 C:\xampp\htdocs\ERP_model\vendor\laravel\framework\src\Illuminate\Container\Container.php(864): Illuminate\Foundation\Application->resolve('Illuminate\\Cont...', Array)
#10 C:\xampp\htdocs\ERP_model\vendor\laravel\framework\src\Illuminate\Foundation\Application.php(1058): Illuminate\Container\Container->make('Illuminate\\Cont...', Array)
#11 C:\xampp\htdocs\ERP_model\vendor\laravel\framework\src\Illuminate\Foundation\helpers.php(138): Illuminate\Foundation\Application->make('Illuminate\\Cont...', Array)
#12 C:\xampp\htdocs\ERP_model\vendor\laravel\framework\src\Illuminate\Foundation\helpers.php(850): app('Illuminate\\Cont...')
#13 C:\xampp\htdocs\ERP_model\vendor\laravel\framework\src\Illuminate\Foundation\Exceptions\Handler.php(987): response('<!-- Target cla...', 500, Array)
#14 C:\xampp\htdocs\ERP_model\vendor\laravel\framework\src\Illuminate\Foundation\Exceptions\Handler.php(839): Illuminate\Foundation\Exceptions\Handler->toIlluminateResponse(Object(Symfony\Component\HttpFoundation\Response), Object(Illuminate\Contracts\Container\BindingResolutionException))
#15 C:\xampp\htdocs\ERP_model\vendor\laravel\framework\src\Illuminate\Foundation\Exceptions\Handler.php(738): Illuminate\Foundation\Exceptions\Handler->prepareResponse(Object(Illuminate\Http\Request), Object(Illuminate\Contracts\Container\BindingResolutionException))
#16 C:\xampp\htdocs\ERP_model\vendor\laravel\framework\src\Illuminate\Foundation\Exceptions\Handler.php(626): Illuminate\Foundation\Exceptions\Handler->renderExceptionResponse(Object(Illuminate\Http\Request), Object(Illuminate\Contracts\Container\BindingResolutionException))
#17 C:\xampp\htdocs\ERP_model\vendor\laravel\framework\src\Illuminate\Foundation\Bootstrap\HandleExceptions.php(225): Illuminate\Foundation\Exceptions\Handler->render(Object(Illuminate\Http\Request), Object(Illuminate\Contracts\Container\BindingResolutionException))
#18 C:\xampp\htdocs\ERP_model\vendor\laravel\framework\src\Illuminate\Foundation\Bootstrap\HandleExceptions.php(202): Illuminate\Foundation\Bootstrap\HandleExceptions->renderHttpResponse(Object(Illuminate\Contracts\Container\BindingResolutionException))
#19 C:\xampp\htdocs\ERP_model\vendor\laravel\framework\src\Illuminate\Foundation\Bootstrap\HandleExceptions.php(262): Illuminate\Foundation\Bootstrap\HandleExceptions->handleException(Object(Illuminate\Contracts\Container\BindingResolutionException))
#20 [internal function]: Illuminate\Foundation\Bootstrap\HandleExceptions->Illuminate\Foundation\Bootstrap\{closure}(Object(Illuminate\Contracts\Container\BindingResolutionException))
#21 {main}
  thrown {"exception":"[object] (Symfony\\Component\\ErrorHandler\\Error\\FatalError(code: 0): Uncaught ReflectionException: Class \"view\" does not exist in C:\\xampp\\htdocs\\ERP_model\\vendor\\laravel\\framework\\src\\Illuminate\\Container\\Container.php:1122
Stack trace:
#0 C:\\xampp\\htdocs\\ERP_model\\vendor\\laravel\\framework\\src\\Illuminate\\Container\\Container.php(1122): ReflectionClass->__construct('view')
#1 C:\\xampp\\htdocs\\ERP_model\\vendor\\laravel\\framework\\src\\Illuminate\\Container\\Container.php(933): Illuminate\\Container\\Container->build('view')
#2 C:\\xampp\\htdocs\\ERP_model\\vendor\\laravel\\framework\\src\\Illuminate\\Foundation\\Application.php(1078): Illuminate\\Container\\Container->resolve('view', Array, true)
#3 C:\\xampp\\htdocs\\ERP_model\\vendor\\laravel\\framework\\src\\Illuminate\\Container\\Container.php(864): Illuminate\\Foundation\\Application->resolve('view', Array)
#4 C:\\xampp\\htdocs\\ERP_model\\vendor\\laravel\\framework\\src\\Illuminate\\Foundation\\Application.php(1058): Illuminate\\Container\\Container->make('view', Array)
#5 C:\\xampp\\htdocs\\ERP_model\\vendor\\laravel\\framework\\src\\Illuminate\\Container\\Container.php(1805): Illuminate\\Foundation\\Application->make('view')
#6 C:\\xampp\\htdocs\\ERP_model\\vendor\\laravel\\framework\\src\\Illuminate\\Routing\\RoutingServiceProvider.php(177): Illuminate\\Container\\Container->offsetGet('Illuminate\\\\Cont...')
#7 C:\\xampp\\htdocs\\ERP_model\\vendor\\laravel\\framework\\src\\Illuminate\\Container\\Container.php(1115): Illuminate\\Routing\\RoutingServiceProvider->Illuminate\\Routing\\{closure}(Object(Illuminate\\Foundation\\Application), Array)
#8 C:\\xampp\\htdocs\\ERP_model\\vendor\\laravel\\framework\\src\\Illuminate\\Container\\Container.php(933): Illuminate\\Container\\Container->build(Object(Closure))
#9 C:\\xampp\\htdocs\\ERP_model\\vendor\\laravel\\framework\\src\\Illuminate\\Foundation\\Application.php(1078): Illuminate\\Container\\Container->resolve('Illuminate\\\\Cont...', Array, true)
#10 C:\\xampp\\htdocs\\ERP_model\\vendor\\laravel\\framework\\src\\Illuminate\\Container\\Container.php(864): Illuminate\\Foundation\\Application->resolve('Illuminate\\\\Cont...', Array)
#11 C:\\xampp\\htdocs\\ERP_model\\vendor\\laravel\\framework\\src\\Illuminate\\Foundation\\Application.php(1058): Illuminate\\Container\\Container->make('Illuminate\\\\Cont...', Array)
#12 C:\\xampp\\htdocs\\ERP_model\\vendor\\laravel\\framework\\src\\Illuminate\\Foundation\\helpers.php(138): Illuminate\\Foundation\\Application->make('Illuminate\\\\Cont...', Array)
#13 C:\\xampp\\htdocs\\ERP_model\\vendor\\laravel\\framework\\src\\Illuminate\\Foundation\\helpers.php(850): app('Illuminate\\\\Cont...')
#14 C:\\xampp\\htdocs\\ERP_model\\vendor\\laravel\\framework\\src\\Illuminate\\Foundation\\Exceptions\\Handler.php(987): response('<!-- Target cla...', 500, Array)
#15 C:\\xampp\\htdocs\\ERP_model\\vendor\\laravel\\framework\\src\\Illuminate\\Foundation\\Exceptions\\Handler.php(839): Illuminate\\Foundation\\Exceptions\\Handler->toIlluminateResponse(Object(Symfony\\Component\\HttpFoundation\\Response), Object(Illuminate\\Contracts\\Container\\BindingResolutionException))
#16 C:\\xampp\\htdocs\\ERP_model\\vendor\\laravel\\framework\\src\\Illuminate\\Foundation\\Exceptions\\Handler.php(738): Illuminate\\Foundation\\Exceptions\\Handler->prepareResponse(Object(Illuminate\\Http\\Request), Object(Illuminate\\Contracts\\Container\\BindingResolutionException))
#17 C:\\xampp\\htdocs\\ERP_model\\vendor\\laravel\\framework\\src\\Illuminate\\Foundation\\Exceptions\\Handler.php(626): Illuminate\\Foundation\\Exceptions\\Handler->renderExceptionResponse(Object(Illuminate\\Http\\Request), Object(Illuminate\\Contracts\\Container\\BindingResolutionException))
#18 C:\\xampp\\htdocs\\ERP_model\\vendor\\laravel\\framework\\src\\Illuminate\\Foundation\\Bootstrap\\HandleExceptions.php(225): Illuminate\\Foundation\\Exceptions\\Handler->render(Object(Illuminate\\Http\\Request), Object(Illuminate\\Contracts\\Container\\BindingResolutionException))
#19 C:\\xampp\\htdocs\\ERP_model\\vendor\\laravel\\framework\\src\\Illuminate\\Foundation\\Bootstrap\\HandleExceptions.php(202): Illuminate\\Foundation\\Bootstrap\\HandleExceptions->renderHttpResponse(Object(Illuminate\\Contracts\\Container\\BindingResolutionException))
#20 C:\\xampp\\htdocs\\ERP_model\\vendor\\laravel\\framework\\src\\Illuminate\\Foundation\\Bootstrap\\HandleExceptions.php(262): Illuminate\\Foundation\\Bootstrap\\HandleExceptions->handleException(Object(Illuminate\\Contracts\\Container\\BindingResolutionException))
#21 [internal function]: Illuminate\\Foundation\\Bootstrap\\HandleExceptions->Illuminate\\Foundation\\Bootstrap\\{closure}(Object(Illuminate\\Contracts\\Container\\BindingResolutionException))
#22 {main}

Next Illuminate\\Contracts\\Container\\BindingResolutionException: Target class [view] does not exist. in C:\\xampp\\htdocs\\ERP_model\\vendor\\laravel\\framework\\src\\Illuminate\\Container\\Container.php:1124
Stack trace:
#0 C:\\xampp\\htdocs\\ERP_model\\vendor\\laravel\\framework\\src\\Illuminate\\Container\\Container.php(933): Illuminate\\Container\\Container->build('view')
#1 C:\\xampp\\htdocs\\ERP_model\\vendor\\laravel\\framework\\src\\Illuminate\\Foundation\\Application.php(1078): Illuminate\\Container\\Container->resolve('view', Array, true)
#2 C:\\xampp\\htdocs\\ERP_model\\vendor\\laravel\\framework\\src\\Illuminate\\Container\\Container.php(864): Illuminate\\Foundation\\Application->resolve('view', Array)
#3 C:\\xampp\\htdocs\\ERP_model\\vendor\\laravel\\framework\\src\\Illuminate\\Foundation\\Application.php(1058): Illuminate\\Container\\Container->make('view', Array)
#4 C:\\xampp\\htdocs\\ERP_model\\vendor\\laravel\\framework\\src\\Illuminate\\Container\\Container.php(1805): Illuminate\\Foundation\\Application->make('view')
#5 C:\\xampp\\htdocs\\ERP_model\\vendor\\laravel\\framework\\src\\Illuminate\\Routing\\RoutingServiceProvider.php(177): Illuminate\\Container\\Container->offsetGet('Illuminate\\\\Cont...')
#6 C:\\xampp\\htdocs\\ERP_model\\vendor\\laravel\\framework\\src\\Illuminate\\Container\\Container.php(1115): Illuminate\\Routing\\RoutingServiceProvider->Illuminate\\Routing\\{closure}(Object(Illuminate\\Foundation\\Application), Array)
#7 C:\\xampp\\htdocs\\ERP_model\\vendor\\laravel\\framework\\src\\Illuminate\\Container\\Container.php(933): Illuminate\\Container\\Container->build(Object(Closure))
#8 C:\\xampp\\htdocs\\ERP_model\\vendor\\laravel\\framework\\src\\Illuminate\\Foundation\\Application.php(1078): Illuminate\\Container\\Container->resolve('Illuminate\\\\Cont...', Array, true)
#9 C:\\xampp\\htdocs\\ERP_model\\vendor\\laravel\\framework\\src\\Illuminate\\Container\\Container.php(864): Illuminate\\Foundation\\Application->resolve('Illuminate\\\\Cont...', Array)
#10 C:\\xampp\\htdocs\\ERP_model\\vendor\\laravel\\framework\\src\\Illuminate\\Foundation\\Application.php(1058): Illuminate\\Container\\Container->make('Illuminate\\\\Cont...', Array)
#11 C:\\xampp\\htdocs\\ERP_model\\vendor\\laravel\\framework\\src\\Illuminate\\Foundation\\helpers.php(138): Illuminate\\Foundation\\Application->make('Illuminate\\\\Cont...', Array)
#12 C:\\xampp\\htdocs\\ERP_model\\vendor\\laravel\\framework\\src\\Illuminate\\Foundation\\helpers.php(850): app('Illuminate\\\\Cont...')
#13 C:\\xampp\\htdocs\\ERP_model\\vendor\\laravel\\framework\\src\\Illuminate\\Foundation\\Exceptions\\Handler.php(987): response('<!-- Target cla...', 500, Array)
#14 C:\\xampp\\htdocs\\ERP_model\\vendor\\laravel\\framework\\src\\Illuminate\\Foundation\\Exceptions\\Handler.php(839): Illuminate\\Foundation\\Exceptions\\Handler->toIlluminateResponse(Object(Symfony\\Component\\HttpFoundation\\Response), Object(Illuminate\\Contracts\\Container\\BindingResolutionException))
#15 C:\\xampp\\htdocs\\ERP_model\\vendor\\laravel\\framework\\src\\Illuminate\\Foundation\\Exceptions\\Handler.php(738): Illuminate\\Foundation\\Exceptions\\Handler->prepareResponse(Object(Illuminate\\Http\\Request), Object(Illuminate\\Contracts\\Container\\BindingResolutionException))
#16 C:\\xampp\\htdocs\\ERP_model\\vendor\\laravel\\framework\\src\\Illuminate\\Foundation\\Exceptions\\Handler.php(626): Illuminate\\Foundation\\Exceptions\\Handler->renderExceptionResponse(Object(Illuminate\\Http\\Request), Object(Illuminate\\Contracts\\Container\\BindingResolutionException))
#17 C:\\xampp\\htdocs\\ERP_model\\vendor\\laravel\\framework\\src\\Illuminate\\Foundation\\Bootstrap\\HandleExceptions.php(225): Illuminate\\Foundation\\Exceptions\\Handler->render(Object(Illuminate\\Http\\Request), Object(Illuminate\\Contracts\\Container\\BindingResolutionException))
#18 C:\\xampp\\htdocs\\ERP_model\\vendor\\laravel\\framework\\src\\Illuminate\\Foundation\\Bootstrap\\HandleExceptions.php(202): Illuminate\\Foundation\\Bootstrap\\HandleExceptions->renderHttpResponse(Object(Illuminate\\Contracts\\Container\\BindingResolutionException))
#19 C:\\xampp\\htdocs\\ERP_model\\vendor\\laravel\\framework\\src\\Illuminate\\Foundation\\Bootstrap\\HandleExceptions.php(262): Illuminate\\Foundation\\Bootstrap\\HandleExceptions->handleException(Object(Illuminate\\Contracts\\Container\\BindingResolutionException))
#20 [internal function]: Illuminate\\Foundation\\Bootstrap\\HandleExceptions->Illuminate\\Foundation\\Bootstrap\\{closure}(Object(Illuminate\\Contracts\\Container\\BindingResolutionException))
#21 {main}
  thrown at C:/xampp/htdocs/ERP_model/vendor/laravel/framework/src/Illuminate/Container/Container.php:1124)
[stacktrace]
#0 {main}
"} 
[2026-06-19 06:54:14] local.ERROR: Class "App\Providers\AuthServiceProvider" not found {"exception":"[object] (Error(code: 0): Class \"App\\Providers\\AuthServiceProvider\" not found at C:/xampp/htdocs/ERP_model/vendor/laravel/framework/src/Illuminate/Foundation/ProviderRepository.php:205)
[stacktrace]
#0 C:/xampp/htdocs/ERP_model/vendor/laravel/framework/src/Illuminate/Foundation/ProviderRepository.php(141): Illuminate/Foundation/ProviderRepository->createProvider('App//Providers//A...')
#1 C:/xampp/htdocs/ERP_model/vendor/laravel/framework/src/Illuminate/Foundation/ProviderRepository.php(60): Illuminate/Foundation/ProviderRepository->compileManifest(Array)
#2 C:/xampp/htdocs/ERP_model/vendor/laravel/framework/src/Illuminate/Foundation/Application.php(871): Illuminate/Foundation/ProviderRepository->load(Array)
#3 C:/xampp/htdocs/ERP_model/vendor/laravel/framework/src/Illuminate/Foundation/Bootstrap/RegisterProviders.php(37): Illuminate/Foundation/Application->registerConfiguredProviders()
#4 C:/xampp/htdocs/ERP_model/vendor/laravel/framework/src/Illuminate/Foundation/Application.php(342): Illuminate/Foundation/Bootstrap/RegisterProviders->bootstrap(Object(Illuminate/Foundation/Application))
#5 C:/xampp/htdocs/ERP_model/vendor/laravel/framework/src/Illuminate/Foundation/Http/Kernel.php(186): Illuminate/Foundation/Application->bootstrapWith(Array)
#6 C:/xampp/htdocs/ERP_model/vendor/laravel/framework/src/Illuminate/Foundation/Http/Kernel.php(170): Illuminate/Foundation/Http/Kernel->bootstrap()
#7 C:/xampp/htdocs/ERP_model/vendor/laravel/framework/src/Illuminate/Foundation/Http/Kernel.php(144): Illuminate/Foundation/Http/Kernel->sendRequestThroughRouter(Object(Illuminate/Http/Request))
#8 C:/xampp/htdocs/ERP_model/vendor/laravel/framework/src/Illuminate/Foundation/Application.php(1220): Illuminate/Foundation/Http/Kernel->handle(Object(Illuminate/Http/Request))
#9 C:/xampp/htdocs/ERP_model/public/index.php(20): Illuminate/Foundation/Application->handleRequest(Object(Illuminate/Http/Request))
#10 C:/xampp/htdocs/ERP_model/vendor/laravel/framework/src/Illuminate/Foundation/resources/server.php(23): require_once('C://xampp//htdocs...')
#11 {main}
"} 
[2026-06-19 06:54:14] local.ERROR: Target class [view] does not exist. {"exception":"[object] (Illuminate\\Contracts\\Container\\BindingResolutionException(code: 0): Target class [view] does not exist. at C:/xampp/htdocs/ERP_model/vendor/laravel/framework/src/Illuminate/Container/Container.php:1124)
[stacktrace]
#0 C:/xampp/htdocs/ERP_model/vendor/laravel/framework/src/Illuminate/Container/Container.php(933): Illuminate/Container/Container->build('view')
#1 C:/xampp/htdocs/ERP_model/vendor/laravel/framework/src/Illuminate/Foundation/Application.php(1078): Illuminate/Container/Container->resolve('view', Array, true)
#2 C:/xampp/htdocs/ERP_model/vendor/laravel/framework/src/Illuminate/Container/Container.php(864): Illuminate/Foundation/Application->resolve('view', Array)
#3 C:/xampp/htdocs/ERP_model/vendor/laravel/framework/src/Illuminate/Foundation/Application.php(1058): Illuminate/Container/Container->make('view', Array)
#4 C:/xampp/htdocs/ERP_model/vendor/laravel/framework/src/Illuminate/Container/Container.php(1805): Illuminate/Foundation/Application->make('view')
#5 C:/xampp/htdocs/ERP_model/vendor/laravel/framework/src/Illuminate/Routing/RoutingServiceProvider.php(177): Illuminate/Container/Container->offsetGet('Illuminate//Cont...')
#6 C:/xampp/htdocs/ERP_model/vendor/laravel/framework/src/Illuminate/Container/Container.php(1115): Illuminate/Routing/RoutingServiceProvider->Illuminate/Routing/{closure}(Object(Illuminate/Foundation/Application), Array)
#7 C:/xampp/htdocs/ERP_model/vendor/laravel/framework/src/Illuminate/Container/Container.php(933): Illuminate/Container/Container->build(Object(Closure))
#8 C:/xampp/htdocs/ERP_model/vendor/laravel/framework/src/Illuminate/Foundation/Application.php(1078): Illuminate/Container/Container->resolve('Illuminate//Cont...', Array, true)
#9 C:/xampp/htdocs/ERP_model/vendor/laravel/framework/src/Illuminate/Container/Container.php(864): Illuminate/Foundation/Application->resolve('Illuminate//Cont...', Array)
#10 C:/xampp/htdocs/ERP_model/vendor/laravel/framework/src/Illuminate/Foundation/Application.php(1058): Illuminate/Container/Container->make('Illuminate//Cont...', Array)
#11 C:/xampp/htdocs/ERP_model/vendor/laravel/framework/src/Illuminate/Foundation/helpers.php(138): Illuminate/Foundation/Application->make('Illuminate//Cont...', Array)
#12 C:/xampp/htdocs/ERP_model/vendor/laravel/framework/src/Illuminate/Foundation/helpers.php(850): app('Illuminate//Cont...')
#13 C:/xampp/htdocs/ERP_model/vendor/laravel/framework/src/Illuminate/Foundation/Exceptions/Handler.php(987): response('<!-- Class &quo...', 500, Array)
#14 C:/xampp/htdocs/ERP_model/vendor/laravel/framework/src/Illuminate/Foundation/Exceptions/Handler.php(839): Illuminate/Foundation/Exceptions/Handler->toIlluminateResponse(Object(Symfony/Component/HttpFoundation/Response), Object(Error))
#15 C:/xampp/htdocs/ERP_model/vendor/laravel/framework/src/Illuminate/Foundation/Exceptions/Handler.php(738): Illuminate/Foundation/Exceptions/Handler->prepareResponse(Object(Illuminate/Http/Request), Object(Error))
#16 C:/xampp/htdocs/ERP_model/vendor/laravel/framework/src/Illuminate/Foundation/Exceptions/Handler.php(626): Illuminate/Foundation/Exceptions/Handler->renderExceptionResponse(Object(Illuminate/Http/Request), Object(Error))
#17 C:/xampp/htdocs/ERP_model/vendor/laravel/framework/src/Illuminate/Foundation/Http/Kernel.php(574): Illuminate/Foundation/Exceptions/Handler->render(Object(Illuminate/Http/Request), Object(Error))
#18 C:/xampp/htdocs/ERP_model/vendor/laravel/framework/src/Illuminate/Foundation/Http/Kernel.php(148): Illuminate/Foundation/Http/Kernel->renderException(Object(Illuminate/Http/Request), Object(Error))
#19 C:/xampp/htdocs/ERP_model/vendor/laravel/framework/src/Illuminate/Foundation/Application.php(1220): Illuminate/Foundation/Http/Kernel->handle(Object(Illuminate/Http/Request))
#20 C:/xampp/htdocs/ERP_model/public/index.php(20): Illuminate/Foundation/Application->handleRequest(Object(Illuminate/Http/Request))
#21 C:/xampp/htdocs/ERP_model/vendor/laravel/framework/src/Illuminate/Foundation/resources/server.php(23): require_once('C://xampp//htdocs...')
#22 {main}

[previous exception] [object] (ReflectionException(code: -1): Class \"view\" does not exist at C:/xampp/htdocs/ERP_model/vendor/laravel/framework/src/Illuminate/Container/Container.php:1122)
[stacktrace]
#0 C:/xampp/htdocs/ERP_model/vendor/laravel/framework/src/Illuminate/Container/Container.php(1122): ReflectionClass->__construct('view')
#1 C:/xampp/htdocs/ERP_model/vendor/laravel/framework/src/Illuminate/Container/Container.php(933): Illuminate/Container/Container->build('view')
#2 C:/xampp/htdocs/ERP_model/vendor/laravel/framework/src/Illuminate/Foundation/Application.php(1078): Illuminate/Container/Container->resolve('view', Array, true)
#3 C:/xampp/htdocs/ERP_model/vendor/laravel/framework/src/Illuminate/Container/Container.php(864): Illuminate/Foundation/Application->resolve('view', Array)
#4 C:/xampp/htdocs/ERP_model/vendor/laravel/framework/src/Illuminate/Foundation/Application.php(1058): Illuminate/Container/Container->make('view', Array)
#5 C:/xampp/htdocs/ERP_model/vendor/laravel/framework/src/Illuminate/Container/Container.php(1805): Illuminate/Foundation/Application->make('view')
#6 C:/xampp/htdocs/ERP_model/vendor/laravel/framework/src/Illuminate/Routing/RoutingServiceProvider.php(177): Illuminate/Container/Container->offsetGet('Illuminate//Cont...')
#7 C:/xampp/htdocs/ERP_model/vendor/laravel/framework/src/Illuminate/Container/Container.php(1115): Illuminate/Routing/RoutingServiceProvider->Illuminate/Routing/{closure}(Object(Illuminate/Foundation/Application), Array)
#8 C:/xampp/htdocs/ERP_model/vendor/laravel/framework/src/Illuminate/Container/Container.php(933): Illuminate/Container/Container->build(Object(Closure))
#9 C:/xampp/htdocs/ERP_model/vendor/laravel/framework/src/Illuminate/Foundation/Application.php(1078): Illuminate/Container/Container->resolve('Illuminate//Cont...', Array, true)
#10 C:/xampp/htdocs/ERP_model/vendor/laravel/framework/src/Illuminate/Container/Container.php(864): Illuminate/Foundation/Application->resolve('Illuminate//Cont...', Array)
#11 C:/xampp/htdocs/ERP_model/vendor/laravel/framework/src/Illuminate/Foundation/Application.php(1058): Illuminate/Container/Container->make('Illuminate//Cont...', Array)
#12 C:/xampp/htdocs/ERP_model/vendor/laravel/framework/src/Illuminate/Foundation/helpers.php(138): Illuminate/Foundation/Application->make('Illuminate//Cont...', Array)
#13 C:/xampp/htdocs/ERP_model/vendor/laravel/framework/src/Illuminate/Foundation/helpers.php(850): app('Illuminate//Cont...')
#14 C:/xampp/htdocs/ERP_model/vendor/laravel/framework/src/Illuminate/Foundation/Exceptions/Handler.php(987): response('<!-- Class &quo...', 500, Array)
#15 C:/xampp/htdocs/ERP_model/vendor/laravel/framework/src/Illuminate/Foundation/Exceptions/Handler.php(839): Illuminate/Foundation/Exceptions/Handler->toIlluminateResponse(Object(Symfony/Component/HttpFoundation/Response), Object(Error))
#16 C:/xampp/htdocs/ERP_model/vendor/laravel/framework/src/Illuminate/Foundation/Exceptions/Handler.php(738): Illuminate/Foundation/Exceptions/Handler->prepareResponse(Object(Illuminate/Http/Request), Object(Error))
#17 C:/xampp/htdocs/ERP_model/vendor/laravel/framework/src/Illuminate/Foundation/Exceptions/Handler.php(626): Illuminate/Foundation/Exceptions/Handler->renderExceptionResponse(Object(Illuminate/Http/Request), Object(Error))
#18 C:/xampp/htdocs/ERP_model/vendor/laravel/framework/src/Illuminate/Foundation/Http/Kernel.php(574): Illuminate/Foundation/Exceptions/Handler->render(Object(Illuminate/Http/Request), Object(Error))
#19 C:/xampp/htdocs/ERP_model/vendor/laravel/framework/src/Illuminate/Foundation/Http/Kernel.php(148): Illuminate/Foundation/Http/Kernel->renderException(Object(Illuminate/Http/Request), Object(Error))
#20 C:/xampp/htdocs/ERP_model/vendor/laravel/framework/src/Illuminate/Foundation/Application.php(1220): Illuminate/Foundation/Http/Kernel->handle(Object(Illuminate/Http/Request))
#21 C:/xampp/htdocs/ERP_model/public/index.php(20): Illuminate/Foundation/Application->handleRequest(Object(Illuminate/Http/Request))
#22 C:/xampp/htdocs/ERP_model/vendor/laravel/framework/src/Illuminate/Foundation/resources/server.php(23): require_once('C://xampp//htdocs...')
#23 {main}
"} 
[2026-06-19 06:54:14] local.ERROR: Uncaught ReflectionException: Class "view" does not exist in C:\xampp\htdocs\ERP_model\vendor\laravel\framework\src\Illuminate\Container\Container.php:1122
Stack trace:
#0 C:\xampp\htdocs\ERP_model\vendor\laravel\framework\src\Illuminate\Container\Container.php(1122): ReflectionClass->__construct('view')
#1 C:\xampp\htdocs\ERP_model\vendor\laravel\framework\src\Illuminate\Container\Container.php(933): Illuminate\Container\Container->build('view')
#2 C:\xampp\htdocs\ERP_model\vendor\laravel\framework\src\Illuminate\Foundation\Application.php(1078): Illuminate\Container\Container->resolve('view', Array, true)
#3 C:\xampp\htdocs\ERP_model\vendor\laravel\framework\src\Illuminate\Container\Container.php(864): Illuminate\Foundation\Application->resolve('view', Array)
#4 C:\xampp\htdocs\ERP_model\vendor\laravel\framework\src\Illuminate\Foundation\Application.php(1058): Illuminate\Container\Container->make('view', Array)
#5 C:\xampp\htdocs\ERP_model\vendor\laravel\framework\src\Illuminate\Container\Container.php(1805): Illuminate\Foundation\Application->make('view')
#6 C:\xampp\htdocs\ERP_model\vendor\laravel\framework\src\Illuminate\Routing\RoutingServiceProvider.php(177): Illuminate\Container\Container->offsetGet('Illuminate\\Cont...')
#7 C:\xampp\htdocs\ERP_model\vendor\laravel\framework\src\Illuminate\Container\Container.php(1115): Illuminate\Routing\RoutingServiceProvider->Illuminate\Routing\{closure}(Object(Illuminate\Foundation\Application), Array)
#8 C:\xampp\htdocs\ERP_model\vendor\laravel\framework\src\Illuminate\Container\Container.php(933): Illuminate\Container\Container->build(Object(Closure))
#9 C:\xampp\htdocs\ERP_model\vendor\laravel\framework\src\Illuminate\Foundation\Application.php(1078): Illuminate\Container\Container->resolve('Illuminate\\Cont...', Array, true)
#10 C:\xampp\htdocs\ERP_model\vendor\laravel\framework\src\Illuminate\Container\Container.php(864): Illuminate\Foundation\Application->resolve('Illuminate\\Cont...', Array)
#11 C:\xampp\htdocs\ERP_model\vendor\laravel\framework\src\Illuminate\Foundation\Application.php(1058): Illuminate\Container\Container->make('Illuminate\\Cont...', Array)
#12 C:\xampp\htdocs\ERP_model\vendor\laravel\framework\src\Illuminate\Foundation\helpers.php(138): Illuminate\Foundation\Application->make('Illuminate\\Cont...', Array)
#13 C:\xampp\htdocs\ERP_model\vendor\laravel\framework\src\Illuminate\Foundation\helpers.php(850): app('Illuminate\\Cont...')
#14 C:\xampp\htdocs\ERP_model\vendor\laravel\framework\src\Illuminate\Foundation\Exceptions\Handler.php(987): response('<!-- Target cla...', 500, Array)
#15 C:\xampp\htdocs\ERP_model\vendor\laravel\framework\src\Illuminate\Foundation\Exceptions\Handler.php(839): Illuminate\Foundation\Exceptions\Handler->toIlluminateResponse(Object(Symfony\Component\HttpFoundation\Response), Object(Illuminate\Contracts\Container\BindingResolutionException))
#16 C:\xampp\htdocs\ERP_model\vendor\laravel\framework\src\Illuminate\Foundation\Exceptions\Handler.php(738): Illuminate\Foundation\Exceptions\Handler->prepareResponse(Object(Illuminate\Http\Request), Object(Illuminate\Contracts\Container\BindingResolutionException))
#17 C:\xampp\htdocs\ERP_model\vendor\laravel\framework\src\Illuminate\Foundation\Exceptions\Handler.php(626): Illuminate\Foundation\Exceptions\Handler->renderExceptionResponse(Object(Illuminate\Http\Request), Object(Illuminate\Contracts\Container\BindingResolutionException))
#18 C:\xampp\htdocs\ERP_model\vendor\laravel\framework\src\Illuminate\Foundation\Bootstrap\HandleExceptions.php(225): Illuminate\Foundation\Exceptions\Handler->render(Object(Illuminate\Http\Request), Object(Illuminate\Contracts\Container\BindingResolutionException))
#19 C:\xampp\htdocs\ERP_model\vendor\laravel\framework\src\Illuminate\Foundation\Bootstrap\HandleExceptions.php(202): Illuminate\Foundation\Bootstrap\HandleExceptions->renderHttpResponse(Object(Illuminate\Contracts\Container\BindingResolutionException))
#20 C:\xampp\htdocs\ERP_model\vendor\laravel\framework\src\Illuminate\Foundation\Bootstrap\HandleExceptions.php(262): Illuminate\Foundation\Bootstrap\HandleExceptions->handleException(Object(Illuminate\Contracts\Container\BindingResolutionException))
#21 [internal function]: Illuminate\Foundation\Bootstrap\HandleExceptions->Illuminate\Foundation\Bootstrap\{closure}(Object(Illuminate\Contracts\Container\BindingResolutionException))
#22 {main}

Next Illuminate\Contracts\Container\BindingResolutionException: Target class [view] does not exist. in C:\xampp\htdocs\ERP_model\vendor\laravel\framework\src\Illuminate\Container\Container.php:1124
Stack trace:
#0 C:\xampp\htdocs\ERP_model\vendor\laravel\framework\src\Illuminate\Container\Container.php(933): Illuminate\Container\Container->build('view')
#1 C:\xampp\htdocs\ERP_model\vendor\laravel\framework\src\Illuminate\Foundation\Application.php(1078): Illuminate\Container\Container->resolve('view', Array, true)
#2 C:\xampp\htdocs\ERP_model\vendor\laravel\framework\src\Illuminate\Container\Container.php(864): Illuminate\Foundation\Application->resolve('view', Array)
#3 C:\xampp\htdocs\ERP_model\vendor\laravel\framework\src\Illuminate\Foundation\Application.php(1058): Illuminate\Container\Container->make('view', Array)
#4 C:\xampp\htdocs\ERP_model\vendor\laravel\framework\src\Illuminate\Container\Container.php(1805): Illuminate\Foundation\Application->make('view')
#5 C:\xampp\htdocs\ERP_model\vendor\laravel\framework\src\Illuminate\Routing\RoutingServiceProvider.php(177): Illuminate\Container\Container->offsetGet('Illuminate\\Cont...')
#6 C:\xampp\htdocs\ERP_model\vendor\laravel\framework\src\Illuminate\Container\Container.php(1115): Illuminate\Routing\RoutingServiceProvider->Illuminate\Routing\{closure}(Object(Illuminate\Foundation\Application), Array)
#7 C:\xampp\htdocs\ERP_model\vendor\laravel\framework\src\Illuminate\Container\Container.php(933): Illuminate\Container\Container->build(Object(Closure))
#8 C:\xampp\htdocs\ERP_model\vendor\laravel\framework\src\Illuminate\Foundation\Application.php(1078): Illuminate\Container\Container->resolve('Illuminate\\Cont...', Array, true)
#9 C:\xampp\htdocs\ERP_model\vendor\laravel\framework\src\Illuminate\Container\Container.php(864): Illuminate\Foundation\Application->resolve('Illuminate\\Cont...', Array)
#10 C:\xampp\htdocs\ERP_model\vendor\laravel\framework\src\Illuminate\Foundation\Application.php(1058): Illuminate\Container\Container->make('Illuminate\\Cont...', Array)
#11 C:\xampp\htdocs\ERP_model\vendor\laravel\framework\src\Illuminate\Foundation\helpers.php(138): Illuminate\Foundation\Application->make('Illuminate\\Cont...', Array)
#12 C:\xampp\htdocs\ERP_model\vendor\laravel\framework\src\Illuminate\Foundation\helpers.php(850): app('Illuminate\\Cont...')
#13 C:\xampp\htdocs\ERP_model\vendor\laravel\framework\src\Illuminate\Foundation\Exceptions\Handler.php(987): response('<!-- Target cla...', 500, Array)
#14 C:\xampp\htdocs\ERP_model\vendor\laravel\framework\src\Illuminate\Foundation\Exceptions\Handler.php(839): Illuminate\Foundation\Exceptions\Handler->toIlluminateResponse(Object(Symfony\Component\HttpFoundation\Response), Object(Illuminate\Contracts\Container\BindingResolutionException))
#15 C:\xampp\htdocs\ERP_model\vendor\laravel\framework\src\Illuminate\Foundation\Exceptions\Handler.php(738): Illuminate\Foundation\Exceptions\Handler->prepareResponse(Object(Illuminate\Http\Request), Object(Illuminate\Contracts\Container\BindingResolutionException))
#16 C:\xampp\htdocs\ERP_model\vendor\laravel\framework\src\Illuminate\Foundation\Exceptions\Handler.php(626): Illuminate\Foundation\Exceptions\Handler->renderExceptionResponse(Object(Illuminate\Http\Request), Object(Illuminate\Contracts\Container\BindingResolutionException))
#17 C:\xampp\htdocs\ERP_model\vendor\laravel\framework\src\Illuminate\Foundation\Bootstrap\HandleExceptions.php(225): Illuminate\Foundation\Exceptions\Handler->render(Object(Illuminate\Http\Request), Object(Illuminate\Contracts\Container\BindingResolutionException))
#18 C:\xampp\htdocs\ERP_model\vendor\laravel\framework\src\Illuminate\Foundation\Bootstrap\HandleExceptions.php(202): Illuminate\Foundation\Bootstrap\HandleExceptions->renderHttpResponse(Object(Illuminate\Contracts\Container\BindingResolutionException))
#19 C:\xampp\htdocs\ERP_model\vendor\laravel\framework\src\Illuminate\Foundation\Bootstrap\HandleExceptions.php(262): Illuminate\Foundation\Bootstrap\HandleExceptions->handleException(Object(Illuminate\Contracts\Container\BindingResolutionException))
#20 [internal function]: Illuminate\Foundation\Bootstrap\HandleExceptions->Illuminate\Foundation\Bootstrap\{closure}(Object(Illuminate\Contracts\Container\BindingResolutionException))
#21 {main}
  thrown {"exception":"[object] (Symfony\\Component\\ErrorHandler\\Error\\FatalError(code: 0): Uncaught ReflectionException: Class \"view\" does not exist in C:\\xampp\\htdocs\\ERP_model\\vendor\\laravel\\framework\\src\\Illuminate\\Container\\Container.php:1122
Stack trace:
#0 C:\\xampp\\htdocs\\ERP_model\\vendor\\laravel\\framework\\src\\Illuminate\\Container\\Container.php(1122): ReflectionClass->__construct('view')
#1 C:\\xampp\\htdocs\\ERP_model\\vendor\\laravel\\framework\\src\\Illuminate\\Container\\Container.php(933): Illuminate\\Container\\Container->build('view')
#2 C:\\xampp\\htdocs\\ERP_model\\vendor\\laravel\\framework\\src\\Illuminate\\Foundation\\Application.php(1078): Illuminate\\Container\\Container->resolve('view', Array, true)
#3 C:\\xampp\\htdocs\\ERP_model\\vendor\\laravel\\framework\\src\\Illuminate\\Container\\Container.php(864): Illuminate\\Foundation\\Application->resolve('view', Array)
#4 C:\\xampp\\htdocs\\ERP_model\\vendor\\laravel\\framework\\src\\Illuminate\\Foundation\\Application.php(1058): Illuminate\\Container\\Container->make('view', Array)
#5 C:\\xampp\\htdocs\\ERP_model\\vendor\\laravel\\framework\\src\\Illuminate\\Container\\Container.php(1805): Illuminate\\Foundation\\Application->make('view')
#6 C:\\xampp\\htdocs\\ERP_model\\vendor\\laravel\\framework\\src\\Illuminate\\Routing\\RoutingServiceProvider.php(177): Illuminate\\Container\\Container->offsetGet('Illuminate\\\\Cont...')
#7 C:\\xampp\\htdocs\\ERP_model\\vendor\\laravel\\framework\\src\\Illuminate\\Container\\Container.php(1115): Illuminate\\Routing\\RoutingServiceProvider->Illuminate\\Routing\\{closure}(Object(Illuminate\\Foundation\\Application), Array)
#8 C:\\xampp\\htdocs\\ERP_model\\vendor\\laravel\\framework\\src\\Illuminate\\Container\\Container.php(933): Illuminate\\Container\\Container->build(Object(Closure))
#9 C:\\xampp\\htdocs\\ERP_model\\vendor\\laravel\\framework\\src\\Illuminate\\Foundation\\Application.php(1078): Illuminate\\Container\\Container->resolve('Illuminate\\\\Cont...', Array, true)
#10 C:\\xampp\\htdocs\\ERP_model\\vendor\\laravel\\framework\\src\\Illuminate\\Container\\Container.php(864): Illuminate\\Foundation\\Application->resolve('Illuminate\\\\Cont...', Array)
#11 C:\\xampp\\htdocs\\ERP_model\\vendor\\laravel\\framework\\src\\Illuminate\\Foundation\\Application.php(1058): Illuminate\\Container\\Container->make('Illuminate\\\\Cont...', Array)
#12 C:\\xampp\\htdocs\\ERP_model\\vendor\\laravel\\framework\\src\\Illuminate\\Foundation\\helpers.php(138): Illuminate\\Foundation\\Application->make('Illuminate\\\\Cont...', Array)
#13 C:\\xampp\\htdocs\\ERP_model\\vendor\\laravel\\framework\\src\\Illuminate\\Foundation\\helpers.php(850): app('Illuminate\\\\Cont...')
#14 C:\\xampp\\htdocs\\ERP_model\\vendor\\laravel\\framework\\src\\Illuminate\\Foundation\\Exceptions\\Handler.php(987): response('<!-- Target cla...', 500, Array)
#15 C:\\xampp\\htdocs\\ERP_model\\vendor\\laravel\\framework\\src\\Illuminate\\Foundation\\Exceptions\\Handler.php(839): Illuminate\\Foundation\\Exceptions\\Handler->toIlluminateResponse(Object(Symfony\\Component\\HttpFoundation\\Response), Object(Illuminate\\Contracts\\Container\\BindingResolutionException))
#16 C:\\xampp\\htdocs\\ERP_model\\vendor\\laravel\\framework\\src\\Illuminate\\Foundation\\Exceptions\\Handler.php(738): Illuminate\\Foundation\\Exceptions\\Handler->prepareResponse(Object(Illuminate\\Http\\Request), Object(Illuminate\\Contracts\\Container\\BindingResolutionException))
#17 C:\\xampp\\htdocs\\ERP_model\\vendor\\laravel\\framework\\src\\Illuminate\\Foundation\\Exceptions\\Handler.php(626): Illuminate\\Foundation\\Exceptions\\Handler->renderExceptionResponse(Object(Illuminate\\Http\\Request), Object(Illuminate\\Contracts\\Container\\BindingResolutionException))
#18 C:\\xampp\\htdocs\\ERP_model\\vendor\\laravel\\framework\\src\\Illuminate\\Foundation\\Bootstrap\\HandleExceptions.php(225): Illuminate\\Foundation\\Exceptions\\Handler->render(Object(Illuminate\\Http\\Request), Object(Illuminate\\Contracts\\Container\\BindingResolutionException))
#19 C:\\xampp\\htdocs\\ERP_model\\vendor\\laravel\\framework\\src\\Illuminate\\Foundation\\Bootstrap\\HandleExceptions.php(202): Illuminate\\Foundation\\Bootstrap\\HandleExceptions->renderHttpResponse(Object(Illuminate\\Contracts\\Container\\BindingResolutionException))
#20 C:\\xampp\\htdocs\\ERP_model\\vendor\\laravel\\framework\\src\\Illuminate\\Foundation\\Bootstrap\\HandleExceptions.php(262): Illuminate\\Foundation\\Bootstrap\\HandleExceptions->handleException(Object(Illuminate\\Contracts\\Container\\BindingResolutionException))
#21 [internal function]: Illuminate\\Foundation\\Bootstrap\\HandleExceptions->Illuminate\\Foundation\\Bootstrap\\{closure}(Object(Illuminate\\Contracts\\Container\\BindingResolutionException))
#22 {main}

Next Illuminate\\Contracts\\Container\\BindingResolutionException: Target class [view] does not exist. in C:\\xampp\\htdocs\\ERP_model\\vendor\\laravel\\framework\\src\\Illuminate\\Container\\Container.php:1124
Stack trace:
#0 C:\\xampp\\htdocs\\ERP_model\\vendor\\laravel\\framework\\src\\Illuminate\\Container\\Container.php(933): Illuminate\\Container\\Container->build('view')
#1 C:\\xampp\\htdocs\\ERP_model\\vendor\\laravel\\framework\\src\\Illuminate\\Foundation\\Application.php(1078): Illuminate\\Container\\Container->resolve('view', Array, true)
#2 C:\\xampp\\htdocs\\ERP_model\\vendor\\laravel\\framework\\src\\Illuminate\\Container\\Container.php(864): Illuminate\\Foundation\\Application->resolve('view', Array)
#3 C:\\xampp\\htdocs\\ERP_model\\vendor\\laravel\\framework\\src\\Illuminate\\Foundation\\Application.php(1058): Illuminate\\Container\\Container->make('view', Array)
#4 C:\\xampp\\htdocs\\ERP_model\\vendor\\laravel\\framework\\src\\Illuminate\\Container\\Container.php(1805): Illuminate\\Foundation\\Application->make('view')
#5 C:\\xampp\\htdocs\\ERP_model\\vendor\\laravel\\framework\\src\\Illuminate\\Routing\\RoutingServiceProvider.php(177): Illuminate\\Container\\Container->offsetGet('Illuminate\\\\Cont...')
#6 C:\\xampp\\htdocs\\ERP_model\\vendor\\laravel\\framework\\src\\Illuminate\\Container\\Container.php(1115): Illuminate\\Routing\\RoutingServiceProvider->Illuminate\\Routing\\{closure}(Object(Illuminate\\Foundation\\Application), Array)
#7 C:\\xampp\\htdocs\\ERP_model\\vendor\\laravel\\framework\\src\\Illuminate\\Container\\Container.php(933): Illuminate\\Container\\Container->build(Object(Closure))
#8 C:\\xampp\\htdocs\\ERP_model\\vendor\\laravel\\framework\\src\\Illuminate\\Foundation\\Application.php(1078): Illuminate\\Container\\Container->resolve('Illuminate\\\\Cont...', Array, true)
#9 C:\\xampp\\htdocs\\ERP_model\\vendor\\laravel\\framework\\src\\Illuminate\\Container\\Container.php(864): Illuminate\\Foundation\\Application->resolve('Illuminate\\\\Cont...', Array)
#10 C:\\xampp\\htdocs\\ERP_model\\vendor\\laravel\\framework\\src\\Illuminate\\Foundation\\Application.php(1058): Illuminate\\Container\\Container->make('Illuminate\\\\Cont...', Array)
#11 C:\\xampp\\htdocs\\ERP_model\\vendor\\laravel\\framework\\src\\Illuminate\\Foundation\\helpers.php(138): Illuminate\\Foundation\\Application->make('Illuminate\\\\Cont...', Array)
#12 C:\\xampp\\htdocs\\ERP_model\\vendor\\laravel\\framework\\src\\Illuminate\\Foundation\\helpers.php(850): app('Illuminate\\\\Cont...')
#13 C:\\xampp\\htdocs\\ERP_model\\vendor\\laravel\\framework\\src\\Illuminate\\Foundation\\Exceptions\\Handler.php(987): response('<!-- Target cla...', 500, Array)
#14 C:\\xampp\\htdocs\\ERP_model\\vendor\\laravel\\framework\\src\\Illuminate\\Foundation\\Exceptions\\Handler.php(839): Illuminate\\Foundation\\Exceptions\\Handler->toIlluminateResponse(Object(Symfony\\Component\\HttpFoundation\\Response), Object(Illuminate\\Contracts\\Container\\BindingResolutionException))
#15 C:\\xampp\\htdocs\\ERP_model\\vendor\\laravel\\framework\\src\\Illuminate\\Foundation\\Exceptions\\Handler.php(738): Illuminate\\Foundation\\Exceptions\\Handler->prepareResponse(Object(Illuminate\\Http\\Request), Object(Illuminate\\Contracts\\Container\\BindingResolutionException))
#16 C:\\xampp\\htdocs\\ERP_model\\vendor\\laravel\\framework\\src\\Illuminate\\Foundation\\Exceptions\\Handler.php(626): Illuminate\\Foundation\\Exceptions\\Handler->renderExceptionResponse(Object(Illuminate\\Http\\Request), Object(Illuminate\\Contracts\\Container\\BindingResolutionException))
#17 C:\\xampp\\htdocs\\ERP_model\\vendor\\laravel\\framework\\src\\Illuminate\\Foundation\\Bootstrap\\HandleExceptions.php(225): Illuminate\\Foundation\\Exceptions\\Handler->render(Object(Illuminate\\Http\\Request), Object(Illuminate\\Contracts\\Container\\BindingResolutionException))
#18 C:\\xampp\\htdocs\\ERP_model\\vendor\\laravel\\framework\\src\\Illuminate\\Foundation\\Bootstrap\\HandleExceptions.php(202): Illuminate\\Foundation\\Bootstrap\\HandleExceptions->renderHttpResponse(Object(Illuminate\\Contracts\\Container\\BindingResolutionException))
#19 C:\\xampp\\htdocs\\ERP_model\\vendor\\laravel\\framework\\src\\Illuminate\\Foundation\\Bootstrap\\HandleExceptions.php(262): Illuminate\\Foundation\\Bootstrap\\HandleExceptions->handleException(Object(Illuminate\\Contracts\\Container\\BindingResolutionException))
#20 [internal function]: Illuminate\\Foundation\\Bootstrap\\HandleExceptions->Illuminate\\Foundation\\Bootstrap\\{closure}(Object(Illuminate\\Contracts\\Container\\BindingResolutionException))
#21 {main}
  thrown at C:/xampp/htdocs/ERP_model/vendor/laravel/framework/src/Illuminate/Container/Container.php:1124)
[stacktrace]
#0 {main}
"} 
[2026-06-19 06:54:14] local.ERROR: Class "App\Providers\AuthServiceProvider" not found {"exception":"[object] (Error(code: 0): Class \"App\\Providers\\AuthServiceProvider\" not found at C:/xampp/htdocs/ERP_model/vendor/laravel/framework/src/Illuminate/Foundation/ProviderRepository.php:205)
[stacktrace]
#0 C:/xampp/htdocs/ERP_model/vendor/laravel/framework/src/Illuminate/Foundation/ProviderRepository.php(141): Illuminate/Foundation/ProviderRepository->createProvider('App//Providers//A...')
#1 C:/xampp/htdocs/ERP_model/vendor/laravel/framework/src/Illuminate/Foundation/ProviderRepository.php(60): Illuminate/Foundation/ProviderRepository->compileManifest(Array)
#2 C:/xampp/htdocs/ERP_model/vendor/laravel/framework/src/Illuminate/Foundation/Application.php(871): Illuminate/Foundation/ProviderRepository->load(Array)
#3 C:/xampp/htdocs/ERP_model/vendor/laravel/framework/src/Illuminate/Foundation/Bootstrap/RegisterProviders.php(37): Illuminate/Foundation/Application->registerConfiguredProviders()
#4 C:/xampp/htdocs/ERP_model/vendor/laravel/framework/src/Illuminate/Foundation/Application.php(342): Illuminate/Foundation/Bootstrap/RegisterProviders->bootstrap(Object(Illuminate/Foundation/Application))
#5 C:/xampp/htdocs/ERP_model/vendor/laravel/framework/src/Illuminate/Foundation/Http/Kernel.php(186): Illuminate/Foundation/Application->bootstrapWith(Array)
#6 C:/xampp/htdocs/ERP_model/vendor/laravel/framework/src/Illuminate/Foundation/Http/Kernel.php(170): Illuminate/Foundation/Http/Kernel->bootstrap()
#7 C:/xampp/htdocs/ERP_model/vendor/laravel/framework/src/Illuminate/Foundation/Http/Kernel.php(144): Illuminate/Foundation/Http/Kernel->sendRequestThroughRouter(Object(Illuminate/Http/Request))
#8 C:/xampp/htdocs/ERP_model/vendor/laravel/framework/src/Illuminate/Foundation/Application.php(1220): Illuminate/Foundation/Http/Kernel->handle(Object(Illuminate/Http/Request))
#9 C:/xampp/htdocs/ERP_model/public/index.php(20): Illuminate/Foundation/Application->handleRequest(Object(Illuminate/Http/Request))
#10 C:/xampp/htdocs/ERP_model/vendor/laravel/framework/src/Illuminate/Foundation/resources/server.php(23): require_once('C://xampp//htdocs...')
#11 {main}
"} 
[2026-06-19 06:54:14] local.ERROR: Target class [view] does not exist. {"exception":"[object] (Illuminate\\Contracts\\Container\\BindingResolutionException(code: 0): Target class [view] does not exist. at C:/xampp/htdocs/ERP_model/vendor/laravel/framework/src/Illuminate/Container/Container.php:1124)
[stacktrace]
#0 C:/xampp/htdocs/ERP_model/vendor/laravel/framework/src/Illuminate/Container/Container.php(933): Illuminate/Container/Container->build('view')
#1 C:/xampp/htdocs/ERP_model/vendor/laravel/framework/src/Illuminate/Foundation/Application.php(1078): Illuminate/Container/Container->resolve('view', Array, true)
#2 C:/xampp/htdocs/ERP_model/vendor/laravel/framework/src/Illuminate/Container/Container.php(864): Illuminate/Foundation/Application->resolve('view', Array)
#3 C:/xampp/htdocs/ERP_model/vendor/laravel/framework/src/Illuminate/Foundation/Application.php(1058): Illuminate/Container/Container->make('view', Array)
#4 C:/xampp/htdocs/ERP_model/vendor/laravel/framework/src/Illuminate/Container/Container.php(1805): Illuminate/Foundation/Application->make('view')
#5 C:/xampp/htdocs/ERP_model/vendor/laravel/framework/src/Illuminate/Routing/RoutingServiceProvider.php(177): Illuminate/Container/Container->offsetGet('Illuminate//Cont...')
#6 C:/xampp/htdocs/ERP_model/vendor/laravel/framework/src/Illuminate/Container/Container.php(1115): Illuminate/Routing/RoutingServiceProvider->Illuminate/Routing/{closure}(Object(Illuminate/Foundation/Application), Array)
#7 C:/xampp/htdocs/ERP_model/vendor/laravel/framework/src/Illuminate/Container/Container.php(933): Illuminate/Container/Container->build(Object(Closure))
#8 C:/xampp/htdocs/ERP_model/vendor/laravel/framework/src/Illuminate/Foundation/Application.php(1078): Illuminate/Container/Container->resolve('Illuminate//Cont...', Array, true)
#9 C:/xampp/htdocs/ERP_model/vendor/laravel/framework/src/Illuminate/Container/Container.php(864): Illuminate/Foundation/Application->resolve('Illuminate//Cont...', Array)
#10 C:/xampp/htdocs/ERP_model/vendor/laravel/framework/src/Illuminate/Foundation/Application.php(1058): Illuminate/Container/Container->make('Illuminate//Cont...', Array)
#11 C:/xampp/htdocs/ERP_model/vendor/laravel/framework/src/Illuminate/Foundation/helpers.php(138): Illuminate/Foundation/Application->make('Illuminate//Cont...', Array)
#12 C:/xampp/htdocs/ERP_model/vendor/laravel/framework/src/Illuminate/Foundation/helpers.php(850): app('Illuminate//Cont...')
#13 C:/xampp/htdocs/ERP_model/vendor/laravel/framework/src/Illuminate/Foundation/Exceptions/Handler.php(987): response('<!-- Class &quo...', 500, Array)
#14 C:/xampp/htdocs/ERP_model/vendor/laravel/framework/src/Illuminate/Foundation/Exceptions/Handler.php(839): Illuminate/Foundation/Exceptions/Handler->toIlluminateResponse(Object(Symfony/Component/HttpFoundation/Response), Object(Error))
#15 C:/xampp/htdocs/ERP_model/vendor/laravel/framework/src/Illuminate/Foundation/Exceptions/Handler.php(738): Illuminate/Foundation/Exceptions/Handler->prepareResponse(Object(Illuminate/Http/Request), Object(Error))
#16 C:/xampp/htdocs/ERP_model/vendor/laravel/framework/src/Illuminate/Foundation/Exceptions/Handler.php(626): Illuminate/Foundation/Exceptions/Handler->renderExceptionResponse(Object(Illuminate/Http/Request), Object(Error))
#17 C:/xampp/htdocs/ERP_model/vendor/laravel/framework/src/Illuminate/Foundation/Http/Kernel.php(574): Illuminate/Foundation/Exceptions/Handler->render(Object(Illuminate/Http/Request), Object(Error))
#18 C:/xampp/htdocs/ERP_model/vendor/laravel/framework/src/Illuminate/Foundation/Http/Kernel.php(148): Illuminate/Foundation/Http/Kernel->renderException(Object(Illuminate/Http/Request), Object(Error))
#19 C:/xampp/htdocs/ERP_model/vendor/laravel/framework/src/Illuminate/Foundation/Application.php(1220): Illuminate/Foundation/Http/Kernel->handle(Object(Illuminate/Http/Request))
#20 C:/xampp/htdocs/ERP_model/public/index.php(20): Illuminate/Foundation/Application->handleRequest(Object(Illuminate/Http/Request))
#21 C:/xampp/htdocs/ERP_model/vendor/laravel/framework/src/Illuminate/Foundation/resources/server.php(23): require_once('C://xampp//htdocs...')
#22 {main}

[previous exception] [object] (ReflectionException(code: -1): Class \"view\" does not exist at C:/xampp/htdocs/ERP_model/vendor/laravel/framework/src/Illuminate/Container/Container.php:1122)
[stacktrace]
#0 C:/xampp/htdocs/ERP_model/vendor/laravel/framework/src/Illuminate/Container/Container.php(1122): ReflectionClass->__construct('view')
#1 C:/xampp/htdocs/ERP_model/vendor/laravel/framework/src/Illuminate/Container/Container.php(933): Illuminate/Container/Container->build('view')
#2 C:/xampp/htdocs/ERP_model/vendor/laravel/framework/src/Illuminate/Foundation/Application.php(1078): Illuminate/Container/Container->resolve('view', Array, true)
#3 C:/xampp/htdocs/ERP_model/vendor/laravel/framework/src/Illuminate/Container/Container.php(864): Illuminate/Foundation/Application->resolve('view', Array)
#4 C:/xampp/htdocs/ERP_model/vendor/laravel/framework/src/Illuminate/Foundation/Application.php(1058): Illuminate/Container/Container->make('view', Array)
#5 C:/xampp/htdocs/ERP_model/vendor/laravel/framework/src/Illuminate/Container/Container.php(1805): Illuminate/Foundation/Application->make('view')
#6 C:/xampp/htdocs/ERP_model/vendor/laravel/framework/src/Illuminate/Routing/RoutingServiceProvider.php(177): Illuminate/Container/Container->offsetGet('Illuminate//Cont...')
#7 C:/xampp/htdocs/ERP_model/vendor/laravel/framework/src/Illuminate/Container/Container.php(1115): Illuminate/Routing/RoutingServiceProvider->Illuminate/Routing/{closure}(Object(Illuminate/Foundation/Application), Array)
#8 C:/xampp/htdocs/ERP_model/vendor/laravel/framework/src/Illuminate/Container/Container.php(933): Illuminate/Container/Container->build(Object(Closure))
#9 C:/xampp/htdocs/ERP_model/vendor/laravel/framework/src/Illuminate/Foundation/Application.php(1078): Illuminate/Container/Container->resolve('Illuminate//Cont...', Array, true)
#10 C:/xampp/htdocs/ERP_model/vendor/laravel/framework/src/Illuminate/Container/Container.php(864): Illuminate/Foundation/Application->resolve('Illuminate//Cont...', Array)
#11 C:/xampp/htdocs/ERP_model/vendor/laravel/framework/src/Illuminate/Foundation/Application.php(1058): Illuminate/Container/Container->make('Illuminate//Cont...', Array)
#12 C:/xampp/htdocs/ERP_model/vendor/laravel/framework/src/Illuminate/Foundation/helpers.php(138): Illuminate/Foundation/Application->make('Illuminate//Cont...', Array)
#13 C:/xampp/htdocs/ERP_model/vendor/laravel/framework/src/Illuminate/Foundation/helpers.php(850): app('Illuminate//Cont...')
#14 C:/xampp/htdocs/ERP_model/vendor/laravel/framework/src/Illuminate/Foundation/Exceptions/Handler.php(987): response('<!-- Class &quo...', 500, Array)
#15 C:/xampp/htdocs/ERP_model/vendor/laravel/framework/src/Illuminate/Foundation/Exceptions/Handler.php(839): Illuminate/Foundation/Exceptions/Handler->toIlluminateResponse(Object(Symfony/Component/HttpFoundation/Response), Object(Error))
#16 C:/xampp/htdocs/ERP_model/vendor/laravel/framework/src/Illuminate/Foundation/Exceptions/Handler.php(738): Illuminate/Foundation/Exceptions/Handler->prepareResponse(Object(Illuminate/Http/Request), Object(Error))
#17 C:/xampp/htdocs/ERP_model/vendor/laravel/framework/src/Illuminate/Foundation/Exceptions/Handler.php(626): Illuminate/Foundation/Exceptions/Handler->renderExceptionResponse(Object(Illuminate/Http/Request), Object(Error))
#18 C:/xampp/htdocs/ERP_model/vendor/laravel/framework/src/Illuminate/Foundation/Http/Kernel.php(574): Illuminate/Foundation/Exceptions/Handler->render(Object(Illuminate/Http/Request), Object(Error))
#19 C:/xampp/htdocs/ERP_model/vendor/laravel/framework/src/Illuminate/Foundation/Http/Kernel.php(148): Illuminate/Foundation/Http/Kernel->renderException(Object(Illuminate/Http/Request), Object(Error))
#20 C:/xampp/htdocs/ERP_model/vendor/laravel/framework/src/Illuminate/Foundation/Application.php(1220): Illuminate/Foundation/Http/Kernel->handle(Object(Illuminate/Http/Request))
#21 C:/xampp/htdocs/ERP_model/public/index.php(20): Illuminate/Foundation/Application->handleRequest(Object(Illuminate/Http/Request))
#22 C:/xampp/htdocs/ERP_model/vendor/laravel/framework/src/Illuminate/Foundation/resources/server.php(23): require_once('C://xampp//htdocs...')
#23 {main}
"} 
[2026-06-19 06:54:14] local.ERROR: Uncaught ReflectionException: Class "view" does not exist in C:\xampp\htdocs\ERP_model\vendor\laravel\framework\src\Illuminate\Container\Container.php:1122
Stack trace:
#0 C:\xampp\htdocs\ERP_model\vendor\laravel\framework\src\Illuminate\Container\Container.php(1122): ReflectionClass->__construct('view')
#1 C:\xampp\htdocs\ERP_model\vendor\laravel\framework\src\Illuminate\Container\Container.php(933): Illuminate\Container\Container->build('view')
#2 C:\xampp\htdocs\ERP_model\vendor\laravel\framework\src\Illuminate\Foundation\Application.php(1078): Illuminate\Container\Container->resolve('view', Array, true)
#3 C:\xampp\htdocs\ERP_model\vendor\laravel\framework\src\Illuminate\Container\Container.php(864): Illuminate\Foundation\Application->resolve('view', Array)
#4 C:\xampp\htdocs\ERP_model\vendor\laravel\framework\src\Illuminate\Foundation\Application.php(1058): Illuminate\Container\Container->make('view', Array)
#5 C:\xampp\htdocs\ERP_model\vendor\laravel\framework\src\Illuminate\Container\Container.php(1805): Illuminate\Foundation\Application->make('view')
#6 C:\xampp\htdocs\ERP_model\vendor\laravel\framework\src\Illuminate\Routing\RoutingServiceProvider.php(177): Illuminate\Container\Container->offsetGet('Illuminate\\Cont...')
#7 C:\xampp\htdocs\ERP_model\vendor\laravel\framework\src\Illuminate\Container\Container.php(1115): Illuminate\Routing\RoutingServiceProvider->Illuminate\Routing\{closure}(Object(Illuminate\Foundation\Application), Array)
#8 C:\xampp\htdocs\ERP_model\vendor\laravel\framework\src\Illuminate\Container\Container.php(933): Illuminate\Container\Container->build(Object(Closure))
#9 C:\xampp\htdocs\ERP_model\vendor\laravel\framework\src\Illuminate\Foundation\Application.php(1078): Illuminate\Container\Container->resolve('Illuminate\\Cont...', Array, true)
#10 C:\xampp\htdocs\ERP_model\vendor\laravel\framework\src\Illuminate\Container\Container.php(864): Illuminate\Foundation\Application->resolve('Illuminate\\Cont...', Array)
#11 C:\xampp\htdocs\ERP_model\vendor\laravel\framework\src\Illuminate\Foundation\Application.php(1058): Illuminate\Container\Container->make('Illuminate\\Cont...', Array)
#12 C:\xampp\htdocs\ERP_model\vendor\laravel\framework\src\Illuminate\Foundation\helpers.php(138): Illuminate\Foundation\Application->make('Illuminate\\Cont...', Array)
#13 C:\xampp\htdocs\ERP_model\vendor\laravel\framework\src\Illuminate\Foundation\helpers.php(850): app('Illuminate\\Cont...')
#14 C:\xampp\htdocs\ERP_model\vendor\laravel\framework\src\Illuminate\Foundation\Exceptions\Handler.php(987): response('<!-- Target cla...', 500, Array)
#15 C:\xampp\htdocs\ERP_model\vendor\laravel\framework\src\Illuminate\Foundation\Exceptions\Handler.php(839): Illuminate\Foundation\Exceptions\Handler->toIlluminateResponse(Object(Symfony\Component\HttpFoundation\Response), Object(Illuminate\Contracts\Container\BindingResolutionException))
#16 C:\xampp\htdocs\ERP_model\vendor\laravel\framework\src\Illuminate\Foundation\Exceptions\Handler.php(738): Illuminate\Foundation\Exceptions\Handler->prepareResponse(Object(Illuminate\Http\Request), Object(Illuminate\Contracts\Container\BindingResolutionException))
#17 C:\xampp\htdocs\ERP_model\vendor\laravel\framework\src\Illuminate\Foundation\Exceptions\Handler.php(626): Illuminate\Foundation\Exceptions\Handler->renderExceptionResponse(Object(Illuminate\Http\Request), Object(Illuminate\Contracts\Container\BindingResolutionException))
#18 C:\xampp\htdocs\ERP_model\vendor\laravel\framework\src\Illuminate\Foundation\Bootstrap\HandleExceptions.php(225): Illuminate\Foundation\Exceptions\Handler->render(Object(Illuminate\Http\Request), Object(Illuminate\Contracts\Container\BindingResolutionException))
#19 C:\xampp\htdocs\ERP_model\vendor\laravel\framework\src\Illuminate\Foundation\Bootstrap\HandleExceptions.php(202): Illuminate\Foundation\Bootstrap\HandleExceptions->renderHttpResponse(Object(Illuminate\Contracts\Container\BindingResolutionException))
#20 C:\xampp\htdocs\ERP_model\vendor\laravel\framework\src\Illuminate\Foundation\Bootstrap\HandleExceptions.php(262): Illuminate\Foundation\Bootstrap\HandleExceptions->handleException(Object(Illuminate\Contracts\Container\BindingResolutionException))
#21 [internal function]: Illuminate\Foundation\Bootstrap\HandleExceptions->Illuminate\Foundation\Bootstrap\{closure}(Object(Illuminate\Contracts\Container\BindingResolutionException))
#22 {main}

Next Illuminate\Contracts\Container\BindingResolutionException: Target class [view] does not exist. in C:\xampp\htdocs\ERP_model\vendor\laravel\framework\src\Illuminate\Container\Container.php:1124
Stack trace:
#0 C:\xampp\htdocs\ERP_model\vendor\laravel\framework\src\Illuminate\Container\Container.php(933): Illuminate\Container\Container->build('view')
#1 C:\xampp\htdocs\ERP_model\vendor\laravel\framework\src\Illuminate\Foundation\Application.php(1078): Illuminate\Container\Container->resolve('view', Array, true)
#2 C:\xampp\htdocs\ERP_model\vendor\laravel\framework\src\Illuminate\Container\Container.php(864): Illuminate\Foundation\Application->resolve('view', Array)
#3 C:\xampp\htdocs\ERP_model\vendor\laravel\framework\src\Illuminate\Foundation\Application.php(1058): Illuminate\Container\Container->make('view', Array)
#4 C:\xampp\htdocs\ERP_model\vendor\laravel\framework\src\Illuminate\Container\Container.php(1805): Illuminate\Foundation\Application->make('view')
#5 C:\xampp\htdocs\ERP_model\vendor\laravel\framework\src\Illuminate\Routing\RoutingServiceProvider.php(177): Illuminate\Container\Container->offsetGet('Illuminate\\Cont...')
#6 C:\xampp\htdocs\ERP_model\vendor\laravel\framework\src\Illuminate\Container\Container.php(1115): Illuminate\Routing\RoutingServiceProvider->Illuminate\Routing\{closure}(Object(Illuminate\Foundation\Application), Array)
#7 C:\xampp\htdocs\ERP_model\vendor\laravel\framework\src\Illuminate\Container\Container.php(933): Illuminate\Container\Container->build(Object(Closure))
#8 C:\xampp\htdocs\ERP_model\vendor\laravel\framework\src\Illuminate\Foundation\Application.php(1078): Illuminate\Container\Container->resolve('Illuminate\\Cont...', Array, true)
#9 C:\xampp\htdocs\ERP_model\vendor\laravel\framework\src\Illuminate\Container\Container.php(864): Illuminate\Foundation\Application->resolve('Illuminate\\Cont...', Array)
#10 C:\xampp\htdocs\ERP_model\vendor\laravel\framework\src\Illuminate\Foundation\Application.php(1058): Illuminate\Container\Container->make('Illuminate\\Cont...', Array)
#11 C:\xampp\htdocs\ERP_model\vendor\laravel\framework\src\Illuminate\Foundation\helpers.php(138): Illuminate\Foundation\Application->make('Illuminate\\Cont...', Array)
#12 C:\xampp\htdocs\ERP_model\vendor\laravel\framework\src\Illuminate\Foundation\helpers.php(850): app('Illuminate\\Cont...')
#13 C:\xampp\htdocs\ERP_model\vendor\laravel\framework\src\Illuminate\Foundation\Exceptions\Handler.php(987): response('<!-- Target cla...', 500, Array)
#14 C:\xampp\htdocs\ERP_model\vendor\laravel\framework\src\Illuminate\Foundation\Exceptions\Handler.php(839): Illuminate\Foundation\Exceptions\Handler->toIlluminateResponse(Object(Symfony\Component\HttpFoundation\Response), Object(Illuminate\Contracts\Container\BindingResolutionException))
#15 C:\xampp\htdocs\ERP_model\vendor\laravel\framework\src\Illuminate\Foundation\Exceptions\Handler.php(738): Illuminate\Foundation\Exceptions\Handler->prepareResponse(Object(Illuminate\Http\Request), Object(Illuminate\Contracts\Container\BindingResolutionException))
#16 C:\xampp\htdocs\ERP_model\vendor\laravel\framework\src\Illuminate\Foundation\Exceptions\Handler.php(626): Illuminate\Foundation\Exceptions\Handler->renderExceptionResponse(Object(Illuminate\Http\Request), Object(Illuminate\Contracts\Container\BindingResolutionException))
#17 C:\xampp\htdocs\ERP_model\vendor\laravel\framework\src\Illuminate\Foundation\Bootstrap\HandleExceptions.php(225): Illuminate\Foundation\Exceptions\Handler->render(Object(Illuminate\Http\Request), Object(Illuminate\Contracts\Container\BindingResolutionException))
#18 C:\xampp\htdocs\ERP_model\vendor\laravel\framework\src\Illuminate\Foundation\Bootstrap\HandleExceptions.php(202): Illuminate\Foundation\Bootstrap\HandleExceptions->renderHttpResponse(Object(Illuminate\Contracts\Container\BindingResolutionException))
#19 C:\xampp\htdocs\ERP_model\vendor\laravel\framework\src\Illuminate\Foundation\Bootstrap\HandleExceptions.php(262): Illuminate\Foundation\Bootstrap\HandleExceptions->handleException(Object(Illuminate\Contracts\Container\BindingResolutionException))
#20 [internal function]: Illuminate\Foundation\Bootstrap\HandleExceptions->Illuminate\Foundation\Bootstrap\{closure}(Object(Illuminate\Contracts\Container\BindingResolutionException))
#21 {main}
  thrown {"exception":"[object] (Symfony\\Component\\ErrorHandler\\Error\\FatalError(code: 0): Uncaught ReflectionException: Class \"view\" does not exist in C:\\xampp\\htdocs\\ERP_model\\vendor\\laravel\\framework\\src\\Illuminate\\Container\\Container.php:1122
Stack trace:
#0 C:\\xampp\\htdocs\\ERP_model\\vendor\\laravel\\framework\\src\\Illuminate\\Container\\Container.php(1122): ReflectionClass->__construct('view')
#1 C:\\xampp\\htdocs\\ERP_model\\vendor\\laravel\\framework\\src\\Illuminate\\Container\\Container.php(933): Illuminate\\Container\\Container->build('view')
#2 C:\\xampp\\htdocs\\ERP_model\\vendor\\laravel\\framework\\src\\Illuminate\\Foundation\\Application.php(1078): Illuminate\\Container\\Container->resolve('view', Array, true)
#3 C:\\xampp\\htdocs\\ERP_model\\vendor\\laravel\\framework\\src\\Illuminate\\Container\\Container.php(864): Illuminate\\Foundation\\Application->resolve('view', Array)
#4 C:\\xampp\\htdocs\\ERP_model\\vendor\\laravel\\framework\\src\\Illuminate\\Foundation\\Application.php(1058): Illuminate\\Container\\Container->make('view', Array)
#5 C:\\xampp\\htdocs\\ERP_model\\vendor\\laravel\\framework\\src\\Illuminate\\Container\\Container.php(1805): Illuminate\\Foundation\\Application->make('view')
#6 C:\\xampp\\htdocs\\ERP_model\\vendor\\laravel\\framework\\src\\Illuminate\\Routing\\RoutingServiceProvider.php(177): Illuminate\\Container\\Container->offsetGet('Illuminate\\\\Cont...')
#7 C:\\xampp\\htdocs\\ERP_model\\vendor\\laravel\\framework\\src\\Illuminate\\Container\\Container.php(1115): Illuminate\\Routing\\RoutingServiceProvider->Illuminate\\Routing\\{closure}(Object(Illuminate\\Foundation\\Application), Array)
#8 C:\\xampp\\htdocs\\ERP_model\\vendor\\laravel\\framework\\src\\Illuminate\\Container\\Container.php(933): Illuminate\\Container\\Container->build(Object(Closure))
#9 C:\\xampp\\htdocs\\ERP_model\\vendor\\laravel\\framework\\src\\Illuminate\\Foundation\\Application.php(1078): Illuminate\\Container\\Container->resolve('Illuminate\\\\Cont...', Array, true)
#10 C:\\xampp\\htdocs\\ERP_model\\vendor\\laravel\\framework\\src\\Illuminate\\Container\\Container.php(864): Illuminate\\Foundation\\Application->resolve('Illuminate\\\\Cont...', Array)
#11 C:\\xampp\\htdocs\\ERP_model\\vendor\\laravel\\framework\\src\\Illuminate\\Foundation\\Application.php(1058): Illuminate\\Container\\Container->make('Illuminate\\\\Cont...', Array)
#12 C:\\xampp\\htdocs\\ERP_model\\vendor\\laravel\\framework\\src\\Illuminate\\Foundation\\helpers.php(138): Illuminate\\Foundation\\Application->make('Illuminate\\\\Cont...', Array)
#13 C:\\xampp\\htdocs\\ERP_model\\vendor\\laravel\\framework\\src\\Illuminate\\Foundation\\helpers.php(850): app('Illuminate\\\\Cont...')
#14 C:\\xampp\\htdocs\\ERP_model\\vendor\\laravel\\framework\\src\\Illuminate\\Foundation\\Exceptions\\Handler.php(987): response('<!-- Target cla...', 500, Array)
#15 C:\\xampp\\htdocs\\ERP_model\\vendor\\laravel\\framework\\src\\Illuminate\\Foundation\\Exceptions\\Handler.php(839): Illuminate\\Foundation\\Exceptions\\Handler->toIlluminateResponse(Object(Symfony\\Component\\HttpFoundation\\Response), Object(Illuminate\\Contracts\\Container\\BindingResolutionException))
#16 C:\\xampp\\htdocs\\ERP_model\\vendor\\laravel\\framework\\src\\Illuminate\\Foundation\\Exceptions\\Handler.php(738): Illuminate\\Foundation\\Exceptions\\Handler->prepareResponse(Object(Illuminate\\Http\\Request), Object(Illuminate\\Contracts\\Container\\BindingResolutionException))
#17 C:\\xampp\\htdocs\\ERP_model\\vendor\\laravel\\framework\\src\\Illuminate\\Foundation\\Exceptions\\Handler.php(626): Illuminate\\Foundation\\Exceptions\\Handler->renderExceptionResponse(Object(Illuminate\\Http\\Request), Object(Illuminate\\Contracts\\Container\\BindingResolutionException))
#18 C:\\xampp\\htdocs\\ERP_model\\vendor\\laravel\\framework\\src\\Illuminate\\Foundation\\Bootstrap\\HandleExceptions.php(225): Illuminate\\Foundation\\Exceptions\\Handler->render(Object(Illuminate\\Http\\Request), Object(Illuminate\\Contracts\\Container\\BindingResolutionException))
#19 C:\\xampp\\htdocs\\ERP_model\\vendor\\laravel\\framework\\src\\Illuminate\\Foundation\\Bootstrap\\HandleExceptions.php(202): Illuminate\\Foundation\\Bootstrap\\HandleExceptions->renderHttpResponse(Object(Illuminate\\Contracts\\Container\\BindingResolutionException))
#20 C:\\xampp\\htdocs\\ERP_model\\vendor\\laravel\\framework\\src\\Illuminate\\Foundation\\Bootstrap\\HandleExceptions.php(262): Illuminate\\Foundation\\Bootstrap\\HandleExceptions->handleException(Object(Illuminate\\Contracts\\Container\\BindingResolutionException))
#21 [internal function]: Illuminate\\Foundation\\Bootstrap\\HandleExceptions->Illuminate\\Foundation\\Bootstrap\\{closure}(Object(Illuminate\\Contracts\\Container\\BindingResolutionException))
#22 {main}

Next Illuminate\\Contracts\\Container\\BindingResolutionException: Target class [view] does not exist. in C:\\xampp\\htdocs\\ERP_model\\vendor\\laravel\\framework\\src\\Illuminate\\Container\\Container.php:1124
Stack trace:
#0 C:\\xampp\\htdocs\\ERP_model\\vendor\\laravel\\framework\\src\\Illuminate\\Container\\Container.php(933): Illuminate\\Container\\Container->build('view')
#1 C:\\xampp\\htdocs\\ERP_model\\vendor\\laravel\\framework\\src\\Illuminate\\Foundation\\Application.php(1078): Illuminate\\Container\\Container->resolve('view', Array, true)
#2 C:\\xampp\\htdocs\\ERP_model\\vendor\\laravel\\framework\\src\\Illuminate\\Container\\Container.php(864): Illuminate\\Foundation\\Application->resolve('view', Array)
#3 C:\\xampp\\htdocs\\ERP_model\\vendor\\laravel\\framework\\src\\Illuminate\\Foundation\\Application.php(1058): Illuminate\\Container\\Container->make('view', Array)
#4 C:\\xampp\\htdocs\\ERP_model\\vendor\\laravel\\framework\\src\\Illuminate\\Container\\Container.php(1805): Illuminate\\Foundation\\Application->make('view')
#5 C:\\xampp\\htdocs\\ERP_model\\vendor\\laravel\\framework\\src\\Illuminate\\Routing\\RoutingServiceProvider.php(177): Illuminate\\Container\\Container->offsetGet('Illuminate\\\\Cont...')
#6 C:\\xampp\\htdocs\\ERP_model\\vendor\\laravel\\framework\\src\\Illuminate\\Container\\Container.php(1115): Illuminate\\Routing\\RoutingServiceProvider->Illuminate\\Routing\\{closure}(Object(Illuminate\\Foundation\\Application), Array)
#7 C:\\xampp\\htdocs\\ERP_model\\vendor\\laravel\\framework\\src\\Illuminate\\Container\\Container.php(933): Illuminate\\Container\\Container->build(Object(Closure))
#8 C:\\xampp\\htdocs\\ERP_model\\vendor\\laravel\\framework\\src\\Illuminate\\Foundation\\Application.php(1078): Illuminate\\Container\\Container->resolve('Illuminate\\\\Cont...', Array, true)
#9 C:\\xampp\\htdocs\\ERP_model\\vendor\\laravel\\framework\\src\\Illuminate\\Container\\Container.php(864): Illuminate\\Foundation\\Application->resolve('Illuminate\\\\Cont...', Array)
#10 C:\\xampp\\htdocs\\ERP_model\\vendor\\laravel\\framework\\src\\Illuminate\\Foundation\\Application.php(1058): Illuminate\\Container\\Container->make('Illuminate\\\\Cont...', Array)
#11 C:\\xampp\\htdocs\\ERP_model\\vendor\\laravel\\framework\\src\\Illuminate\\Foundation\\helpers.php(138): Illuminate\\Foundation\\Application->make('Illuminate\\\\Cont...', Array)
#12 C:\\xampp\\htdocs\\ERP_model\\vendor\\laravel\\framework\\src\\Illuminate\\Foundation\\helpers.php(850): app('Illuminate\\\\Cont...')
#13 C:\\xampp\\htdocs\\ERP_model\\vendor\\laravel\\framework\\src\\Illuminate\\Foundation\\Exceptions\\Handler.php(987): response('<!-- Target cla...', 500, Array)
#14 C:\\xampp\\htdocs\\ERP_model\\vendor\\laravel\\framework\\src\\Illuminate\\Foundation\\Exceptions\\Handler.php(839): Illuminate\\Foundation\\Exceptions\\Handler->toIlluminateResponse(Object(Symfony\\Component\\HttpFoundation\\Response), Object(Illuminate\\Contracts\\Container\\BindingResolutionException))
#15 C:\\xampp\\htdocs\\ERP_model\\vendor\\laravel\\framework\\src\\Illuminate\\Foundation\\Exceptions\\Handler.php(738): Illuminate\\Foundation\\Exceptions\\Handler->prepareResponse(Object(Illuminate\\Http\\Request), Object(Illuminate\\Contracts\\Container\\BindingResolutionException))
#16 C:\\xampp\\htdocs\\ERP_model\\vendor\\laravel\\framework\\src\\Illuminate\\Foundation\\Exceptions\\Handler.php(626): Illuminate\\Foundation\\Exceptions\\Handler->renderExceptionResponse(Object(Illuminate\\Http\\Request), Object(Illuminate\\Contracts\\Container\\BindingResolutionException))
#17 C:\\xampp\\htdocs\\ERP_model\\vendor\\laravel\\framework\\src\\Illuminate\\Foundation\\Bootstrap\\HandleExceptions.php(225): Illuminate\\Foundation\\Exceptions\\Handler->render(Object(Illuminate\\Http\\Request), Object(Illuminate\\Contracts\\Container\\BindingResolutionException))
#18 C:\\xampp\\htdocs\\ERP_model\\vendor\\laravel\\framework\\src\\Illuminate\\Foundation\\Bootstrap\\HandleExceptions.php(202): Illuminate\\Foundation\\Bootstrap\\HandleExceptions->renderHttpResponse(Object(Illuminate\\Contracts\\Container\\BindingResolutionException))
#19 C:\\xampp\\htdocs\\ERP_model\\vendor\\laravel\\framework\\src\\Illuminate\\Foundation\\Bootstrap\\HandleExceptions.php(262): Illuminate\\Foundation\\Bootstrap\\HandleExceptions->handleException(Object(Illuminate\\Contracts\\Container\\BindingResolutionException))
#20 [internal function]: Illuminate\\Foundation\\Bootstrap\\HandleExceptions->Illuminate\\Foundation\\Bootstrap\\{closure}(Object(Illuminate\\Contracts\\Container\\BindingResolutionException))
#21 {main}
  thrown at C:/xampp/htdocs/ERP_model/vendor/laravel/framework/src/Illuminate/Container/Container.php:1124)
[stacktrace]
#0 {main}
"} 
[2026-06-19 06:55:21] local.ERROR: Call to undefined method App\Http\Controllers\Admin\ProductController::middleware() {"userId":1,"exception":"[object] (Error(code: 0): Call to undefined method App\\Http\\Controllers\\Admin\\ProductController::middleware() at C:/xampp/htdocs/ERP_model/app/Http/Controllers/Admin/ProductController.php:16)
[stacktrace]
#0 C:/xampp/htdocs/ERP_model/vendor/laravel/framework/src/Illuminate/Container/Container.php(1168): App/Http/Controllers/Admin/ProductController->__construct()
#1 C:/xampp/htdocs/ERP_model/vendor/laravel/framework/src/Illuminate/Container/Container.php(933): Illuminate/Container/Container->build('App//Http//Contro...')
#2 C:/xampp/htdocs/ERP_model/vendor/laravel/framework/src/Illuminate/Foundation/Application.php(1078): Illuminate/Container/Container->resolve('App//Http//Contro...', Array, true)
#3 C:/xampp/htdocs/ERP_model/vendor/laravel/framework/src/Illuminate/Container/Container.php(864): Illuminate/Foundation/Application->resolve('App//Http//Contro...', Array)
#4 C:/xampp/htdocs/ERP_model/vendor/laravel/framework/src/Illuminate/Foundation/Application.php(1058): Illuminate/Container/Container->make('App//Http//Contro...', Array)
#5 C:/xampp/htdocs/ERP_model/vendor/laravel/framework/src/Illuminate/Routing/Route.php(286): Illuminate/Foundation/Application->make('App//Http//Contro...')
#6 C:/xampp/htdocs/ERP_model/vendor/laravel/framework/src/Illuminate/Routing/Route.php(266): Illuminate/Routing/Route->getController()
#7 C:/xampp/htdocs/ERP_model/vendor/laravel/framework/src/Illuminate/Routing/Route.php(211): Illuminate/Routing/Route->runController()
#8 C:/xampp/htdocs/ERP_model/vendor/laravel/framework/src/Illuminate/Routing/Router.php(822): Illuminate/Routing/Route->run()
#9 C:/xampp/htdocs/ERP_model/vendor/laravel/framework/src/Illuminate/Pipeline/Pipeline.php(180): Illuminate/Routing/Router->Illuminate/Routing/{closure}(Object(Illuminate/Http/Request))
#10 C:/xampp/htdocs/ERP_model/vendor/laravel/framework/src/Illuminate/Routing/Middleware/SubstituteBindings.php(50): Illuminate/Pipeline/Pipeline->Illuminate/Pipeline/{closure}(Object(Illuminate/Http/Request))
#11 C:/xampp/htdocs/ERP_model/vendor/laravel/framework/src/Illuminate/Pipeline/Pipeline.php(219): Illuminate/Routing/Middleware/SubstituteBindings->handle(Object(Illuminate/Http/Request), Object(Closure))
#12 C:/xampp/htdocs/ERP_model/vendor/laravel/framework/src/Illuminate/Auth/Middleware/Authenticate.php(63): Illuminate/Pipeline/Pipeline->Illuminate/Pipeline/{closure}(Object(Illuminate/Http/Request))
#13 C:/xampp/htdocs/ERP_model/vendor/laravel/framework/src/Illuminate/Pipeline/Pipeline.php(219): Illuminate/Auth/Middleware/Authenticate->handle(Object(Illuminate/Http/Request), Object(Closure))
#14 C:/xampp/htdocs/ERP_model/vendor/laravel/framework/src/Illuminate/Foundation/Http/Middleware/VerifyCsrfToken.php(87): Illuminate/Pipeline/Pipeline->Illuminate/Pipeline/{closure}(Object(Illuminate/Http/Request))
#15 C:/xampp/htdocs/ERP_model/vendor/laravel/framework/src/Illuminate/Pipeline/Pipeline.php(219): Illuminate/Foundation/Http/Middleware/VerifyCsrfToken->handle(Object(Illuminate/Http/Request), Object(Closure))
#16 C:/xampp/htdocs/ERP_model/vendor/laravel/framework/src/Illuminate/View/Middleware/ShareErrorsFromSession.php(48): Illuminate/Pipeline/Pipeline->Illuminate/Pipeline/{closure}(Object(Illuminate/Http/Request))
#17 C:/xampp/htdocs/ERP_model/vendor/laravel/framework/src/Illuminate/Pipeline/Pipeline.php(219): Illuminate/View/Middleware/ShareErrorsFromSession->handle(Object(Illuminate/Http/Request), Object(Closure))
#18 C:/xampp/htdocs/ERP_model/vendor/laravel/framework/src/Illuminate/Session/Middleware/StartSession.php(120): Illuminate/Pipeline/Pipeline->Illuminate/Pipeline/{closure}(Object(Illuminate/Http/Request))
#19 C:/xampp/htdocs/ERP_model/vendor/laravel/framework/src/Illuminate/Session/Middleware/StartSession.php(63): Illuminate/Session/Middleware/StartSession->handleStatefulRequest(Object(Illuminate/Http/Request), Object(Illuminate/Session/Store), Object(Closure))
#20 C:/xampp/htdocs/ERP_model/vendor/laravel/framework/src/Illuminate/Pipeline/Pipeline.php(219): Illuminate/Session/Middleware/StartSession->handle(Object(Illuminate/Http/Request), Object(Closure))
#21 C:/xampp/htdocs/ERP_model/vendor/laravel/framework/src/Illuminate/Cookie/Middleware/AddQueuedCookiesToResponse.php(36): Illuminate/Pipeline/Pipeline->Illuminate/Pipeline/{closure}(Object(Illuminate/Http/Request))
#22 C:/xampp/htdocs/ERP_model/vendor/laravel/framework/src/Illuminate/Pipeline/Pipeline.php(219): Illuminate/Cookie/Middleware/AddQueuedCookiesToResponse->handle(Object(Illuminate/Http/Request), Object(Closure))
#23 C:/xampp/htdocs/ERP_model/vendor/laravel/framework/src/Illuminate/Cookie/Middleware/EncryptCookies.php(74): Illuminate/Pipeline/Pipeline->Illuminate/Pipeline/{closure}(Object(Illuminate/Http/Request))
#24 C:/xampp/htdocs/ERP_model/vendor/laravel/framework/src/Illuminate/Pipeline/Pipeline.php(219): Illuminate/Cookie/Middleware/EncryptCookies->handle(Object(Illuminate/Http/Request), Object(Closure))
#25 C:/xampp/htdocs/ERP_model/vendor/laravel/framework/src/Illuminate/Pipeline/Pipeline.php(137): Illuminate/Pipeline/Pipeline->Illuminate/Pipeline/{closure}(Object(Illuminate/Http/Request))
#26 C:/xampp/htdocs/ERP_model/vendor/laravel/framework/src/Illuminate/Routing/Router.php(821): Illuminate/Pipeline/Pipeline->then(Object(Closure))
#27 C:/xampp/htdocs/ERP_model/vendor/laravel/framework/src/Illuminate/Routing/Router.php(800): Illuminate/Routing/Router->runRouteWithinStack(Object(Illuminate/Routing/Route), Object(Illuminate/Http/Request))
#28 C:/xampp/htdocs/ERP_model/vendor/laravel/framework/src/Illuminate/Routing/Router.php(764): Illuminate/Routing/Router->runRoute(Object(Illuminate/Http/Request), Object(Illuminate/Routing/Route))
#29 C:/xampp/htdocs/ERP_model/vendor/laravel/framework/src/Illuminate/Routing/Router.php(753): Illuminate/Routing/Router->dispatchToRoute(Object(Illuminate/Http/Request))
#30 C:/xampp/htdocs/ERP_model/vendor/laravel/framework/src/Illuminate/Foundation/Http/Kernel.php(200): Illuminate/Routing/Router->dispatch(Object(Illuminate/Http/Request))
#31 C:/xampp/htdocs/ERP_model/vendor/laravel/framework/src/Illuminate/Pipeline/Pipeline.php(180): Illuminate/Foundation/Http/Kernel->Illuminate/Foundation/Http/{closure}(Object(Illuminate/Http/Request))
#32 C:/xampp/htdocs/ERP_model/vendor/laravel/framework/src/Illuminate/Foundation/Http/Middleware/TransformsRequest.php(21): Illuminate/Pipeline/Pipeline->Illuminate/Pipeline/{closure}(Object(Illuminate/Http/Request))
#33 C:/xampp/htdocs/ERP_model/vendor/laravel/framework/src/Illuminate/Foundation/Http/Middleware/ConvertEmptyStringsToNull.php(31): Illuminate/Foundation/Http/Middleware/TransformsRequest->handle(Object(Illuminate/Http/Request), Object(Closure))
#34 C:/xampp/htdocs/ERP_model/vendor/laravel/framework/src/Illuminate/Pipeline/Pipeline.php(219): Illuminate/Foundation/Http/Middleware/ConvertEmptyStringsToNull->handle(Object(Illuminate/Http/Request), Object(Closure))
#35 C:/xampp/htdocs/ERP_model/vendor/laravel/framework/src/Illuminate/Foundation/Http/Middleware/TransformsRequest.php(21): Illuminate/Pipeline/Pipeline->Illuminate/Pipeline/{closure}(Object(Illuminate/Http/Request))
#36 C:/xampp/htdocs/ERP_model/vendor/laravel/framework/src/Illuminate/Foundation/Http/Middleware/TrimStrings.php(51): Illuminate/Foundation/Http/Middleware/TransformsRequest->handle(Object(Illuminate/Http/Request), Object(Closure))
#37 C:/xampp/htdocs/ERP_model/vendor/laravel/framework/src/Illuminate/Pipeline/Pipeline.php(219): Illuminate/Foundation/Http/Middleware/TrimStrings->handle(Object(Illuminate/Http/Request), Object(Closure))
#38 C:/xampp/htdocs/ERP_model/vendor/laravel/framework/src/Illuminate/Http/Middleware/ValidatePostSize.php(27): Illuminate/Pipeline/Pipeline->Illuminate/Pipeline/{closure}(Object(Illuminate/Http/Request))
#39 C:/xampp/htdocs/ERP_model/vendor/laravel/framework/src/Illuminate/Pipeline/Pipeline.php(219): Illuminate/Http/Middleware/ValidatePostSize->handle(Object(Illuminate/Http/Request), Object(Closure))
#40 C:/xampp/htdocs/ERP_model/vendor/laravel/framework/src/Illuminate/Foundation/Http/Middleware/PreventRequestsDuringMaintenance.php(109): Illuminate/Pipeline/Pipeline->Illuminate/Pipeline/{closure}(Object(Illuminate/Http/Request))
#41 C:/xampp/htdocs/ERP_model/vendor/laravel/framework/src/Illuminate/Pipeline/Pipeline.php(219): Illuminate/Foundation/Http/Middleware/PreventRequestsDuringMaintenance->handle(Object(Illuminate/Http/Request), Object(Closure))
#42 C:/xampp/htdocs/ERP_model/vendor/laravel/framework/src/Illuminate/Http/Middleware/HandleCors.php(61): Illuminate/Pipeline/Pipeline->Illuminate/Pipeline/{closure}(Object(Illuminate/Http/Request))
#43 C:/xampp/htdocs/ERP_model/vendor/laravel/framework/src/Illuminate/Pipeline/Pipeline.php(219): Illuminate/Http/Middleware/HandleCors->handle(Object(Illuminate/Http/Request), Object(Closure))
#44 C:/xampp/htdocs/ERP_model/vendor/laravel/framework/src/Illuminate/Http/Middleware/TrustProxies.php(58): Illuminate/Pipeline/Pipeline->Illuminate/Pipeline/{closure}(Object(Illuminate/Http/Request))
#45 C:/xampp/htdocs/ERP_model/vendor/laravel/framework/src/Illuminate/Pipeline/Pipeline.php(219): Illuminate/Http/Middleware/TrustProxies->handle(Object(Illuminate/Http/Request), Object(Closure))
#46 C:/xampp/htdocs/ERP_model/vendor/laravel/framework/src/Illuminate/Foundation/Http/Middleware/InvokeDeferredCallbacks.php(22): Illuminate/Pipeline/Pipeline->Illuminate/Pipeline/{closure}(Object(Illuminate/Http/Request))
#47 C:/xampp/htdocs/ERP_model/vendor/laravel/framework/src/Illuminate/Pipeline/Pipeline.php(219): Illuminate/Foundation/Http/Middleware/InvokeDeferredCallbacks->handle(Object(Illuminate/Http/Request), Object(Closure))
#48 C:/xampp/htdocs/ERP_model/vendor/laravel/framework/src/Illuminate/Http/Middleware/ValidatePathEncoding.php(26): Illuminate/Pipeline/Pipeline->Illuminate/Pipeline/{closure}(Object(Illuminate/Http/Request))
#49 C:/xampp/htdocs/ERP_model/vendor/laravel/framework/src/Illuminate/Pipeline/Pipeline.php(219): Illuminate/Http/Middleware/ValidatePathEncoding->handle(Object(Illuminate/Http/Request), Object(Closure))
#50 C:/xampp/htdocs/ERP_model/vendor/laravel/framework/src/Illuminate/Pipeline/Pipeline.php(137): Illuminate/Pipeline/Pipeline->Illuminate/Pipeline/{closure}(Object(Illuminate/Http/Request))
#51 C:/xampp/htdocs/ERP_model/vendor/laravel/framework/src/Illuminate/Foundation/Http/Kernel.php(175): Illuminate/Pipeline/Pipeline->then(Object(Closure))
#52 C:/xampp/htdocs/ERP_model/vendor/laravel/framework/src/Illuminate/Foundation/Http/Kernel.php(144): Illuminate/Foundation/Http/Kernel->sendRequestThroughRouter(Object(Illuminate/Http/Request))
#53 C:/xampp/htdocs/ERP_model/vendor/laravel/framework/src/Illuminate/Foundation/Application.php(1220): Illuminate/Foundation/Http/Kernel->handle(Object(Illuminate/Http/Request))
#54 C:/xampp/htdocs/ERP_model/public/index.php(20): Illuminate/Foundation/Application->handleRequest(Object(Illuminate/Http/Request))
#55 C:/xampp/htdocs/ERP_model/vendor/laravel/framework/src/Illuminate/Foundation/resources/server.php(23): require_once('C://xampp//htdocs...')
#56 {main}
"} 
[2026-06-19 06:56:20] local.ERROR: View [admin.products.create] not found. {"userId":1,"exception":"[object] (InvalidArgumentException(code: 0): View [admin.products.create] not found. at C:/xampp/htdocs/ERP_model/vendor/laravel/framework/src/Illuminate/View/FileViewFinder.php:138)
[stacktrace]
#0 C:/xampp/htdocs/ERP_model/vendor/laravel/framework/src/Illuminate/View/FileViewFinder.php(78): Illuminate/View/FileViewFinder->findInPaths('admin.products....', Array)
#1 C:/xampp/htdocs/ERP_model/vendor/laravel/framework/src/Illuminate/View/Factory.php(150): Illuminate/View/FileViewFinder->find('admin.products....')
#2 C:/xampp/htdocs/ERP_model/vendor/laravel/framework/src/Illuminate/Foundation/helpers.php(1100): Illuminate/View/Factory->make('admin.products....', Array, Array)
#3 C:/xampp/htdocs/ERP_model/app/Http/Controllers/Admin/ProductController.php(33): view('admin.products....', Array)
#4 C:/xampp/htdocs/ERP_model/vendor/laravel/framework/src/Illuminate/Routing/ControllerDispatcher.php(46): App/Http/Controllers/Admin/ProductController->create()
#5 C:/xampp/htdocs/ERP_model/vendor/laravel/framework/src/Illuminate/Routing/Route.php(265): Illuminate/Routing/ControllerDispatcher->dispatch(Object(Illuminate/Routing/Route), Object(App/Http/Controllers/Admin/ProductController), 'create')
#6 C:/xampp/htdocs/ERP_model/vendor/laravel/framework/src/Illuminate/Routing/Route.php(211): Illuminate/Routing/Route->runController()
#7 C:/xampp/htdocs/ERP_model/vendor/laravel/framework/src/Illuminate/Routing/Router.php(822): Illuminate/Routing/Route->run()
#8 C:/xampp/htdocs/ERP_model/vendor/laravel/framework/src/Illuminate/Pipeline/Pipeline.php(180): Illuminate/Routing/Router->Illuminate/Routing/{closure}(Object(Illuminate/Http/Request))
#9 C:/xampp/htdocs/ERP_model/vendor/laravel/framework/src/Illuminate/Routing/Middleware/SubstituteBindings.php(50): Illuminate/Pipeline/Pipeline->Illuminate/Pipeline/{closure}(Object(Illuminate/Http/Request))
#10 C:/xampp/htdocs/ERP_model/vendor/laravel/framework/src/Illuminate/Pipeline/Pipeline.php(219): Illuminate/Routing/Middleware/SubstituteBindings->handle(Object(Illuminate/Http/Request), Object(Closure))
#11 C:/xampp/htdocs/ERP_model/vendor/laravel/framework/src/Illuminate/Auth/Middleware/Authenticate.php(63): Illuminate/Pipeline/Pipeline->Illuminate/Pipeline/{closure}(Object(Illuminate/Http/Request))
#12 C:/xampp/htdocs/ERP_model/vendor/laravel/framework/src/Illuminate/Pipeline/Pipeline.php(219): Illuminate/Auth/Middleware/Authenticate->handle(Object(Illuminate/Http/Request), Object(Closure))
#13 C:/xampp/htdocs/ERP_model/vendor/laravel/framework/src/Illuminate/Foundation/Http/Middleware/VerifyCsrfToken.php(87): Illuminate/Pipeline/Pipeline->Illuminate/Pipeline/{closure}(Object(Illuminate/Http/Request))
#14 C:/xampp/htdocs/ERP_model/vendor/laravel/framework/src/Illuminate/Pipeline/Pipeline.php(219): Illuminate/Foundation/Http/Middleware/VerifyCsrfToken->handle(Object(Illuminate/Http/Request), Object(Closure))
#15 C:/xampp/htdocs/ERP_model/vendor/laravel/framework/src/Illuminate/View/Middleware/ShareErrorsFromSession.php(48): Illuminate/Pipeline/Pipeline->Illuminate/Pipeline/{closure}(Object(Illuminate/Http/Request))
#16 C:/xampp/htdocs/ERP_model/vendor/laravel/framework/src/Illuminate/Pipeline/Pipeline.php(219): Illuminate/View/Middleware/ShareErrorsFromSession->handle(Object(Illuminate/Http/Request), Object(Closure))
#17 C:/xampp/htdocs/ERP_model/vendor/laravel/framework/src/Illuminate/Session/Middleware/StartSession.php(120): Illuminate/Pipeline/Pipeline->Illuminate/Pipeline/{closure}(Object(Illuminate/Http/Request))
#18 C:/xampp/htdocs/ERP_model/vendor/laravel/framework/src/Illuminate/Session/Middleware/StartSession.php(63): Illuminate/Session/Middleware/StartSession->handleStatefulRequest(Object(Illuminate/Http/Request), Object(Illuminate/Session/Store), Object(Closure))
#19 C:/xampp/htdocs/ERP_model/vendor/laravel/framework/src/Illuminate/Pipeline/Pipeline.php(219): Illuminate/Session/Middleware/StartSession->handle(Object(Illuminate/Http/Request), Object(Closure))
#20 C:/xampp/htdocs/ERP_model/vendor/laravel/framework/src/Illuminate/Cookie/Middleware/AddQueuedCookiesToResponse.php(36): Illuminate/Pipeline/Pipeline->Illuminate/Pipeline/{closure}(Object(Illuminate/Http/Request))
#21 C:/xampp/htdocs/ERP_model/vendor/laravel/framework/src/Illuminate/Pipeline/Pipeline.php(219): Illuminate/Cookie/Middleware/AddQueuedCookiesToResponse->handle(Object(Illuminate/Http/Request), Object(Closure))
#22 C:/xampp/htdocs/ERP_model/vendor/laravel/framework/src/Illuminate/Cookie/Middleware/EncryptCookies.php(74): Illuminate/Pipeline/Pipeline->Illuminate/Pipeline/{closure}(Object(Illuminate/Http/Request))
#23 C:/xampp/htdocs/ERP_model/vendor/laravel/framework/src/Illuminate/Pipeline/Pipeline.php(219): Illuminate/Cookie/Middleware/EncryptCookies->handle(Object(Illuminate/Http/Request), Object(Closure))
#24 C:/xampp/htdocs/ERP_model/vendor/laravel/framework/src/Illuminate/Pipeline/Pipeline.php(137): Illuminate/Pipeline/Pipeline->Illuminate/Pipeline/{closure}(Object(Illuminate/Http/Request))
#25 C:/xampp/htdocs/ERP_model/vendor/laravel/framework/src/Illuminate/Routing/Router.php(821): Illuminate/Pipeline/Pipeline->then(Object(Closure))
#26 C:/xampp/htdocs/ERP_model/vendor/laravel/framework/src/Illuminate/Routing/Router.php(800): Illuminate/Routing/Router->runRouteWithinStack(Object(Illuminate/Routing/Route), Object(Illuminate/Http/Request))
#27 C:/xampp/htdocs/ERP_model/vendor/laravel/framework/src/Illuminate/Routing/Router.php(764): Illuminate/Routing/Router->runRoute(Object(Illuminate/Http/Request), Object(Illuminate/Routing/Route))
#28 C:/xampp/htdocs/ERP_model/vendor/laravel/framework/src/Illuminate/Routing/Router.php(753): Illuminate/Routing/Router->dispatchToRoute(Object(Illuminate/Http/Request))
#29 C:/xampp/htdocs/ERP_model/vendor/laravel/framework/src/Illuminate/Foundation/Http/Kernel.php(200): Illuminate/Routing/Router->dispatch(Object(Illuminate/Http/Request))
#30 C:/xampp/htdocs/ERP_model/vendor/laravel/framework/src/Illuminate/Pipeline/Pipeline.php(180): Illuminate/Foundation/Http/Kernel->Illuminate/Foundation/Http/{closure}(Object(Illuminate/Http/Request))
#31 C:/xampp/htdocs/ERP_model/vendor/laravel/framework/src/Illuminate/Foundation/Http/Middleware/TransformsRequest.php(21): Illuminate/Pipeline/Pipeline->Illuminate/Pipeline/{closure}(Object(Illuminate/Http/Request))
#32 C:/xampp/htdocs/ERP_model/vendor/laravel/framework/src/Illuminate/Foundation/Http/Middleware/ConvertEmptyStringsToNull.php(31): Illuminate/Foundation/Http/Middleware/TransformsRequest->handle(Object(Illuminate/Http/Request), Object(Closure))
#33 C:/xampp/htdocs/ERP_model/vendor/laravel/framework/src/Illuminate/Pipeline/Pipeline.php(219): Illuminate/Foundation/Http/Middleware/ConvertEmptyStringsToNull->handle(Object(Illuminate/Http/Request), Object(Closure))
#34 C:/xampp/htdocs/ERP_model/vendor/laravel/framework/src/Illuminate/Foundation/Http/Middleware/TransformsRequest.php(21): Illuminate/Pipeline/Pipeline->Illuminate/Pipeline/{closure}(Object(Illuminate/Http/Request))
#35 C:/xampp/htdocs/ERP_model/vendor/laravel/framework/src/Illuminate/Foundation/Http/Middleware/TrimStrings.php(51): Illuminate/Foundation/Http/Middleware/TransformsRequest->handle(Object(Illuminate/Http/Request), Object(Closure))
#36 C:/xampp/htdocs/ERP_model/vendor/laravel/framework/src/Illuminate/Pipeline/Pipeline.php(219): Illuminate/Foundation/Http/Middleware/TrimStrings->handle(Object(Illuminate/Http/Request), Object(Closure))
#37 C:/xampp/htdocs/ERP_model/vendor/laravel/framework/src/Illuminate/Http/Middleware/ValidatePostSize.php(27): Illuminate/Pipeline/Pipeline->Illuminate/Pipeline/{closure}(Object(Illuminate/Http/Request))
#38 C:/xampp/htdocs/ERP_model/vendor/laravel/framework/src/Illuminate/Pipeline/Pipeline.php(219): Illuminate/Http/Middleware/ValidatePostSize->handle(Object(Illuminate/Http/Request), Object(Closure))
#39 C:/xampp/htdocs/ERP_model/vendor/laravel/framework/src/Illuminate/Foundation/Http/Middleware/PreventRequestsDuringMaintenance.php(109): Illuminate/Pipeline/Pipeline->Illuminate/Pipeline/{closure}(Object(Illuminate/Http/Request))
#40 C:/xampp/htdocs/ERP_model/vendor/laravel/framework/src/Illuminate/Pipeline/Pipeline.php(219): Illuminate/Foundation/Http/Middleware/PreventRequestsDuringMaintenance->handle(Object(Illuminate/Http/Request), Object(Closure))
#41 C:/xampp/htdocs/ERP_model/vendor/laravel/framework/src/Illuminate/Http/Middleware/HandleCors.php(61): Illuminate/Pipeline/Pipeline->Illuminate/Pipeline/{closure}(Object(Illuminate/Http/Request))
#42 C:/xampp/htdocs/ERP_model/vendor/laravel/framework/src/Illuminate/Pipeline/Pipeline.php(219): Illuminate/Http/Middleware/HandleCors->handle(Object(Illuminate/Http/Request), Object(Closure))
#43 C:/xampp/htdocs/ERP_model/vendor/laravel/framework/src/Illuminate/Http/Middleware/TrustProxies.php(58): Illuminate/Pipeline/Pipeline->Illuminate/Pipeline/{closure}(Object(Illuminate/Http/Request))
#44 C:/xampp/htdocs/ERP_model/vendor/laravel/framework/src/Illuminate/Pipeline/Pipeline.php(219): Illuminate/Http/Middleware/TrustProxies->handle(Object(Illuminate/Http/Request), Object(Closure))
#45 C:/xampp/htdocs/ERP_model/vendor/laravel/framework/src/Illuminate/Foundation/Http/Middleware/InvokeDeferredCallbacks.php(22): Illuminate/Pipeline/Pipeline->Illuminate/Pipeline/{closure}(Object(Illuminate/Http/Request))
#46 C:/xampp/htdocs/ERP_model/vendor/laravel/framework/src/Illuminate/Pipeline/Pipeline.php(219): Illuminate/Foundation/Http/Middleware/InvokeDeferredCallbacks->handle(Object(Illuminate/Http/Request), Object(Closure))
#47 C:/xampp/htdocs/ERP_model/vendor/laravel/framework/src/Illuminate/Http/Middleware/ValidatePathEncoding.php(26): Illuminate/Pipeline/Pipeline->Illuminate/Pipeline/{closure}(Object(Illuminate/Http/Request))
#48 C:/xampp/htdocs/ERP_model/vendor/laravel/framework/src/Illuminate/Pipeline/Pipeline.php(219): Illuminate/Http/Middleware/ValidatePathEncoding->handle(Object(Illuminate/Http/Request), Object(Closure))
#49 C:/xampp/htdocs/ERP_model/vendor/laravel/framework/src/Illuminate/Pipeline/Pipeline.php(137): Illuminate/Pipeline/Pipeline->Illuminate/Pipeline/{closure}(Object(Illuminate/Http/Request))
#50 C:/xampp/htdocs/ERP_model/vendor/laravel/framework/src/Illuminate/Foundation/Http/Kernel.php(175): Illuminate/Pipeline/Pipeline->then(Object(Closure))
#51 C:/xampp/htdocs/ERP_model/vendor/laravel/framework/src/Illuminate/Foundation/Http/Kernel.php(144): Illuminate/Foundation/Http/Kernel->sendRequestThroughRouter(Object(Illuminate/Http/Request))
#52 C:/xampp/htdocs/ERP_model/vendor/laravel/framework/src/Illuminate/Foundation/Application.php(1220): Illuminate/Foundation/Http/Kernel->handle(Object(Illuminate/Http/Request))
#53 C:/xampp/htdocs/ERP_model/public/index.php(20): Illuminate/Foundation/Application->handleRequest(Object(Illuminate/Http/Request))
#54 C:/xampp/htdocs/ERP_model/vendor/laravel/framework/src/Illuminate/Foundation/resources/server.php(23): require_once('C://xampp//htdocs...')
#55 {main}
"} 
[2026-06-19 07:10:45] local.ERROR: Class "App\Http\Requests\ProductRequest" does not exist {"userId":1,"exception":"[object] (ReflectionException(code: -1): Class \"App\\Http\\Requests\\ProductRequest\" does not exist at C:/xampp/htdocs/ERP_model/vendor/laravel/framework/src/Illuminate/Routing/ResolvesRouteDependencies.php:88)
[stacktrace]
#0 C:/xampp/htdocs/ERP_model/vendor/laravel/framework/src/Illuminate/Routing/ResolvesRouteDependencies.php(88): ReflectionClass->__construct('App//Http//Reques...')
#1 C:/xampp/htdocs/ERP_model/vendor/laravel/framework/src/Illuminate/Routing/ResolvesRouteDependencies.php(51): Illuminate/Routing/ControllerDispatcher->transformDependency(Object(ReflectionParameter), Array, Object(stdClass))
#2 C:/xampp/htdocs/ERP_model/vendor/laravel/framework/src/Illuminate/Routing/ResolvesRouteDependencies.php(30): Illuminate/Routing/ControllerDispatcher->resolveMethodDependencies(Array, Object(ReflectionMethod))
#3 C:/xampp/htdocs/ERP_model/vendor/laravel/framework/src/Illuminate/Routing/ControllerDispatcher.php(59): Illuminate/Routing/ControllerDispatcher->resolveClassMethodDependencies(Array, Object(App/Http/Controllers/Admin/ProductController), 'store')
#4 C:/xampp/htdocs/ERP_model/vendor/laravel/framework/src/Illuminate/Routing/ControllerDispatcher.php(40): Illuminate/Routing/ControllerDispatcher->resolveParameters(Object(Illuminate/Routing/Route), Object(App/Http/Controllers/Admin/ProductController), 'store')
#5 C:/xampp/htdocs/ERP_model/vendor/laravel/framework/src/Illuminate/Routing/Route.php(265): Illuminate/Routing/ControllerDispatcher->dispatch(Object(Illuminate/Routing/Route), Object(App/Http/Controllers/Admin/ProductController), 'store')
#6 C:/xampp/htdocs/ERP_model/vendor/laravel/framework/src/Illuminate/Routing/Route.php(211): Illuminate/Routing/Route->runController()
#7 C:/xampp/htdocs/ERP_model/vendor/laravel/framework/src/Illuminate/Routing/Router.php(822): Illuminate/Routing/Route->run()
#8 C:/xampp/htdocs/ERP_model/vendor/laravel/framework/src/Illuminate/Pipeline/Pipeline.php(180): Illuminate/Routing/Router->Illuminate/Routing/{closure}(Object(Illuminate/Http/Request))
#9 C:/xampp/htdocs/ERP_model/vendor/laravel/framework/src/Illuminate/Routing/Middleware/SubstituteBindings.php(50): Illuminate/Pipeline/Pipeline->Illuminate/Pipeline/{closure}(Object(Illuminate/Http/Request))
#10 C:/xampp/htdocs/ERP_model/vendor/laravel/framework/src/Illuminate/Pipeline/Pipeline.php(219): Illuminate/Routing/Middleware/SubstituteBindings->handle(Object(Illuminate/Http/Request), Object(Closure))
#11 C:/xampp/htdocs/ERP_model/vendor/laravel/framework/src/Illuminate/Auth/Middleware/Authenticate.php(63): Illuminate/Pipeline/Pipeline->Illuminate/Pipeline/{closure}(Object(Illuminate/Http/Request))
#12 C:/xampp/htdocs/ERP_model/vendor/laravel/framework/src/Illuminate/Pipeline/Pipeline.php(219): Illuminate/Auth/Middleware/Authenticate->handle(Object(Illuminate/Http/Request), Object(Closure))
#13 C:/xampp/htdocs/ERP_model/vendor/laravel/framework/src/Illuminate/Foundation/Http/Middleware/VerifyCsrfToken.php(87): Illuminate/Pipeline/Pipeline->Illuminate/Pipeline/{closure}(Object(Illuminate/Http/Request))
#14 C:/xampp/htdocs/ERP_model/vendor/laravel/framework/src/Illuminate/Pipeline/Pipeline.php(219): Illuminate/Foundation/Http/Middleware/VerifyCsrfToken->handle(Object(Illuminate/Http/Request), Object(Closure))
#15 C:/xampp/htdocs/ERP_model/vendor/laravel/framework/src/Illuminate/View/Middleware/ShareErrorsFromSession.php(48): Illuminate/Pipeline/Pipeline->Illuminate/Pipeline/{closure}(Object(Illuminate/Http/Request))
#16 C:/xampp/htdocs/ERP_model/vendor/laravel/framework/src/Illuminate/Pipeline/Pipeline.php(219): Illuminate/View/Middleware/ShareErrorsFromSession->handle(Object(Illuminate/Http/Request), Object(Closure))
#17 C:/xampp/htdocs/ERP_model/vendor/laravel/framework/src/Illuminate/Session/Middleware/StartSession.php(120): Illuminate/Pipeline/Pipeline->Illuminate/Pipeline/{closure}(Object(Illuminate/Http/Request))
#18 C:/xampp/htdocs/ERP_model/vendor/laravel/framework/src/Illuminate/Session/Middleware/StartSession.php(63): Illuminate/Session/Middleware/StartSession->handleStatefulRequest(Object(Illuminate/Http/Request), Object(Illuminate/Session/Store), Object(Closure))
#19 C:/xampp/htdocs/ERP_model/vendor/laravel/framework/src/Illuminate/Pipeline/Pipeline.php(219): Illuminate/Session/Middleware/StartSession->handle(Object(Illuminate/Http/Request), Object(Closure))
#20 C:/xampp/htdocs/ERP_model/vendor/laravel/framework/src/Illuminate/Cookie/Middleware/AddQueuedCookiesToResponse.php(36): Illuminate/Pipeline/Pipeline->Illuminate/Pipeline/{closure}(Object(Illuminate/Http/Request))
#21 C:/xampp/htdocs/ERP_model/vendor/laravel/framework/src/Illuminate/Pipeline/Pipeline.php(219): Illuminate/Cookie/Middleware/AddQueuedCookiesToResponse->handle(Object(Illuminate/Http/Request), Object(Closure))
#22 C:/xampp/htdocs/ERP_model/vendor/laravel/framework/src/Illuminate/Cookie/Middleware/EncryptCookies.php(74): Illuminate/Pipeline/Pipeline->Illuminate/Pipeline/{closure}(Object(Illuminate/Http/Request))
#23 C:/xampp/htdocs/ERP_model/vendor/laravel/framework/src/Illuminate/Pipeline/Pipeline.php(219): Illuminate/Cookie/Middleware/EncryptCookies->handle(Object(Illuminate/Http/Request), Object(Closure))
#24 C:/xampp/htdocs/ERP_model/vendor/laravel/framework/src/Illuminate/Pipeline/Pipeline.php(137): Illuminate/Pipeline/Pipeline->Illuminate/Pipeline/{closure}(Object(Illuminate/Http/Request))
#25 C:/xampp/htdocs/ERP_model/vendor/laravel/framework/src/Illuminate/Routing/Router.php(821): Illuminate/Pipeline/Pipeline->then(Object(Closure))
#26 C:/xampp/htdocs/ERP_model/vendor/laravel/framework/src/Illuminate/Routing/Router.php(800): Illuminate/Routing/Router->runRouteWithinStack(Object(Illuminate/Routing/Route), Object(Illuminate/Http/Request))
#27 C:/xampp/htdocs/ERP_model/vendor/laravel/framework/src/Illuminate/Routing/Router.php(764): Illuminate/Routing/Router->runRoute(Object(Illuminate/Http/Request), Object(Illuminate/Routing/Route))
#28 C:/xampp/htdocs/ERP_model/vendor/laravel/framework/src/Illuminate/Routing/Router.php(753): Illuminate/Routing/Router->dispatchToRoute(Object(Illuminate/Http/Request))
#29 C:/xampp/htdocs/ERP_model/vendor/laravel/framework/src/Illuminate/Foundation/Http/Kernel.php(200): Illuminate/Routing/Router->dispatch(Object(Illuminate/Http/Request))
#30 C:/xampp/htdocs/ERP_model/vendor/laravel/framework/src/Illuminate/Pipeline/Pipeline.php(180): Illuminate/Foundation/Http/Kernel->Illuminate/Foundation/Http/{closure}(Object(Illuminate/Http/Request))
#31 C:/xampp/htdocs/ERP_model/vendor/laravel/framework/src/Illuminate/Foundation/Http/Middleware/TransformsRequest.php(21): Illuminate/Pipeline/Pipeline->Illuminate/Pipeline/{closure}(Object(Illuminate/Http/Request))
#32 C:/xampp/htdocs/ERP_model/vendor/laravel/framework/src/Illuminate/Foundation/Http/Middleware/ConvertEmptyStringsToNull.php(31): Illuminate/Foundation/Http/Middleware/TransformsRequest->handle(Object(Illuminate/Http/Request), Object(Closure))
#33 C:/xampp/htdocs/ERP_model/vendor/laravel/framework/src/Illuminate/Pipeline/Pipeline.php(219): Illuminate/Foundation/Http/Middleware/ConvertEmptyStringsToNull->handle(Object(Illuminate/Http/Request), Object(Closure))
#34 C:/xampp/htdocs/ERP_model/vendor/laravel/framework/src/Illuminate/Foundation/Http/Middleware/TransformsRequest.php(21): Illuminate/Pipeline/Pipeline->Illuminate/Pipeline/{closure}(Object(Illuminate/Http/Request))
#35 C:/xampp/htdocs/ERP_model/vendor/laravel/framework/src/Illuminate/Foundation/Http/Middleware/TrimStrings.php(51): Illuminate/Foundation/Http/Middleware/TransformsRequest->handle(Object(Illuminate/Http/Request), Object(Closure))
#36 C:/xampp/htdocs/ERP_model/vendor/laravel/framework/src/Illuminate/Pipeline/Pipeline.php(219): Illuminate/Foundation/Http/Middleware/TrimStrings->handle(Object(Illuminate/Http/Request), Object(Closure))
#37 C:/xampp/htdocs/ERP_model/vendor/laravel/framework/src/Illuminate/Http/Middleware/ValidatePostSize.php(27): Illuminate/Pipeline/Pipeline->Illuminate/Pipeline/{closure}(Object(Illuminate/Http/Request))
#38 C:/xampp/htdocs/ERP_model/vendor/laravel/framework/src/Illuminate/Pipeline/Pipeline.php(219): Illuminate/Http/Middleware/ValidatePostSize->handle(Object(Illuminate/Http/Request), Object(Closure))
#39 C:/xampp/htdocs/ERP_model/vendor/laravel/framework/src/Illuminate/Foundation/Http/Middleware/PreventRequestsDuringMaintenance.php(109): Illuminate/Pipeline/Pipeline->Illuminate/Pipeline/{closure}(Object(Illuminate/Http/Request))
#40 C:/xampp/htdocs/ERP_model/vendor/laravel/framework/src/Illuminate/Pipeline/Pipeline.php(219): Illuminate/Foundation/Http/Middleware/PreventRequestsDuringMaintenance->handle(Object(Illuminate/Http/Request), Object(Closure))
#41 C:/xampp/htdocs/ERP_model/vendor/laravel/framework/src/Illuminate/Http/Middleware/HandleCors.php(61): Illuminate/Pipeline/Pipeline->Illuminate/Pipeline/{closure}(Object(Illuminate/Http/Request))
#42 C:/xampp/htdocs/ERP_model/vendor/laravel/framework/src/Illuminate/Pipeline/Pipeline.php(219): Illuminate/Http/Middleware/HandleCors->handle(Object(Illuminate/Http/Request), Object(Closure))
#43 C:/xampp/htdocs/ERP_model/vendor/laravel/framework/src/Illuminate/Http/Middleware/TrustProxies.php(58): Illuminate/Pipeline/Pipeline->Illuminate/Pipeline/{closure}(Object(Illuminate/Http/Request))
#44 C:/xampp/htdocs/ERP_model/vendor/laravel/framework/src/Illuminate/Pipeline/Pipeline.php(219): Illuminate/Http/Middleware/TrustProxies->handle(Object(Illuminate/Http/Request), Object(Closure))
#45 C:/xampp/htdocs/ERP_model/vendor/laravel/framework/src/Illuminate/Foundation/Http/Middleware/InvokeDeferredCallbacks.php(22): Illuminate/Pipeline/Pipeline->Illuminate/Pipeline/{closure}(Object(Illuminate/Http/Request))
#46 C:/xampp/htdocs/ERP_model/vendor/laravel/framework/src/Illuminate/Pipeline/Pipeline.php(219): Illuminate/Foundation/Http/Middleware/InvokeDeferredCallbacks->handle(Object(Illuminate/Http/Request), Object(Closure))
#47 C:/xampp/htdocs/ERP_model/vendor/laravel/framework/src/Illuminate/Http/Middleware/ValidatePathEncoding.php(26): Illuminate/Pipeline/Pipeline->Illuminate/Pipeline/{closure}(Object(Illuminate/Http/Request))
#48 C:/xampp/htdocs/ERP_model/vendor/laravel/framework/src/Illuminate/Pipeline/Pipeline.php(219): Illuminate/Http/Middleware/ValidatePathEncoding->handle(Object(Illuminate/Http/Request), Object(Closure))
#49 C:/xampp/htdocs/ERP_model/vendor/laravel/framework/src/Illuminate/Pipeline/Pipeline.php(137): Illuminate/Pipeline/Pipeline->Illuminate/Pipeline/{closure}(Object(Illuminate/Http/Request))
#50 C:/xampp/htdocs/ERP_model/vendor/laravel/framework/src/Illuminate/Foundation/Http/Kernel.php(175): Illuminate/Pipeline/Pipeline->then(Object(Closure))
#51 C:/xampp/htdocs/ERP_model/vendor/laravel/framework/src/Illuminate/Foundation/Http/Kernel.php(144): Illuminate/Foundation/Http/Kernel->sendRequestThroughRouter(Object(Illuminate/Http/Request))
#52 C:/xampp/htdocs/ERP_model/vendor/laravel/framework/src/Illuminate/Foundation/Application.php(1220): Illuminate/Foundation/Http/Kernel->handle(Object(Illuminate/Http/Request))
#53 C:/xampp/htdocs/ERP_model/public/index.php(20): Illuminate/Foundation/Application->handleRequest(Object(Illuminate/Http/Request))
#54 C:/xampp/htdocs/ERP_model/vendor/laravel/framework/src/Illuminate/Foundation/resources/server.php(23): require_once('C://xampp//htdocs...')
#55 {main}
"} 
[2026-06-19 07:13:45] local.ERROR: Class "App\Http\Requests\ProductRequest" does not exist {"userId":1,"exception":"[object] (ReflectionException(code: -1): Class \"App\\Http\\Requests\\ProductRequest\" does not exist at C:/xampp/htdocs/ERP_model/vendor/laravel/framework/src/Illuminate/Routing/ResolvesRouteDependencies.php:88)
[stacktrace]
#0 C:/xampp/htdocs/ERP_model/vendor/laravel/framework/src/Illuminate/Routing/ResolvesRouteDependencies.php(88): ReflectionClass->__construct('App//Http//Reques...')
#1 C:/xampp/htdocs/ERP_model/vendor/laravel/framework/src/Illuminate/Routing/ResolvesRouteDependencies.php(51): Illuminate/Routing/ControllerDispatcher->transformDependency(Object(ReflectionParameter), Array, Object(stdClass))
#2 C:/xampp/htdocs/ERP_model/vendor/laravel/framework/src/Illuminate/Routing/ResolvesRouteDependencies.php(30): Illuminate/Routing/ControllerDispatcher->resolveMethodDependencies(Array, Object(ReflectionMethod))
#3 C:/xampp/htdocs/ERP_model/vendor/laravel/framework/src/Illuminate/Routing/ControllerDispatcher.php(59): Illuminate/Routing/ControllerDispatcher->resolveClassMethodDependencies(Array, Object(App/Http/Controllers/Admin/ProductController), 'store')
#4 C:/xampp/htdocs/ERP_model/vendor/laravel/framework/src/Illuminate/Routing/ControllerDispatcher.php(40): Illuminate/Routing/ControllerDispatcher->resolveParameters(Object(Illuminate/Routing/Route), Object(App/Http/Controllers/Admin/ProductController), 'store')
#5 C:/xampp/htdocs/ERP_model/vendor/laravel/framework/src/Illuminate/Routing/Route.php(265): Illuminate/Routing/ControllerDispatcher->dispatch(Object(Illuminate/Routing/Route), Object(App/Http/Controllers/Admin/ProductController), 'store')
#6 C:/xampp/htdocs/ERP_model/vendor/laravel/framework/src/Illuminate/Routing/Route.php(211): Illuminate/Routing/Route->runController()
#7 C:/xampp/htdocs/ERP_model/vendor/laravel/framework/src/Illuminate/Routing/Router.php(822): Illuminate/Routing/Route->run()
#8 C:/xampp/htdocs/ERP_model/vendor/laravel/framework/src/Illuminate/Pipeline/Pipeline.php(180): Illuminate/Routing/Router->Illuminate/Routing/{closure}(Object(Illuminate/Http/Request))
#9 C:/xampp/htdocs/ERP_model/vendor/laravel/framework/src/Illuminate/Routing/Middleware/SubstituteBindings.php(50): Illuminate/Pipeline/Pipeline->Illuminate/Pipeline/{closure}(Object(Illuminate/Http/Request))
#10 C:/xampp/htdocs/ERP_model/vendor/laravel/framework/src/Illuminate/Pipeline/Pipeline.php(219): Illuminate/Routing/Middleware/SubstituteBindings->handle(Object(Illuminate/Http/Request), Object(Closure))
#11 C:/xampp/htdocs/ERP_model/vendor/laravel/framework/src/Illuminate/Auth/Middleware/Authenticate.php(63): Illuminate/Pipeline/Pipeline->Illuminate/Pipeline/{closure}(Object(Illuminate/Http/Request))
#12 C:/xampp/htdocs/ERP_model/vendor/laravel/framework/src/Illuminate/Pipeline/Pipeline.php(219): Illuminate/Auth/Middleware/Authenticate->handle(Object(Illuminate/Http/Request), Object(Closure))
#13 C:/xampp/htdocs/ERP_model/vendor/laravel/framework/src/Illuminate/Foundation/Http/Middleware/VerifyCsrfToken.php(87): Illuminate/Pipeline/Pipeline->Illuminate/Pipeline/{closure}(Object(Illuminate/Http/Request))
#14 C:/xampp/htdocs/ERP_model/vendor/laravel/framework/src/Illuminate/Pipeline/Pipeline.php(219): Illuminate/Foundation/Http/Middleware/VerifyCsrfToken->handle(Object(Illuminate/Http/Request), Object(Closure))
#15 C:/xampp/htdocs/ERP_model/vendor/laravel/framework/src/Illuminate/View/Middleware/ShareErrorsFromSession.php(48): Illuminate/Pipeline/Pipeline->Illuminate/Pipeline/{closure}(Object(Illuminate/Http/Request))
#16 C:/xampp/htdocs/ERP_model/vendor/laravel/framework/src/Illuminate/Pipeline/Pipeline.php(219): Illuminate/View/Middleware/ShareErrorsFromSession->handle(Object(Illuminate/Http/Request), Object(Closure))
#17 C:/xampp/htdocs/ERP_model/vendor/laravel/framework/src/Illuminate/Session/Middleware/StartSession.php(120): Illuminate/Pipeline/Pipeline->Illuminate/Pipeline/{closure}(Object(Illuminate/Http/Request))
#18 C:/xampp/htdocs/ERP_model/vendor/laravel/framework/src/Illuminate/Session/Middleware/StartSession.php(63): Illuminate/Session/Middleware/StartSession->handleStatefulRequest(Object(Illuminate/Http/Request), Object(Illuminate/Session/Store), Object(Closure))
#19 C:/xampp/htdocs/ERP_model/vendor/laravel/framework/src/Illuminate/Pipeline/Pipeline.php(219): Illuminate/Session/Middleware/StartSession->handle(Object(Illuminate/Http/Request), Object(Closure))
#20 C:/xampp/htdocs/ERP_model/vendor/laravel/framework/src/Illuminate/Cookie/Middleware/AddQueuedCookiesToResponse.php(36): Illuminate/Pipeline/Pipeline->Illuminate/Pipeline/{closure}(Object(Illuminate/Http/Request))
#21 C:/xampp/htdocs/ERP_model/vendor/laravel/framework/src/Illuminate/Pipeline/Pipeline.php(219): Illuminate/Cookie/Middleware/AddQueuedCookiesToResponse->handle(Object(Illuminate/Http/Request), Object(Closure))
#22 C:/xampp/htdocs/ERP_model/vendor/laravel/framework/src/Illuminate/Cookie/Middleware/EncryptCookies.php(74): Illuminate/Pipeline/Pipeline->Illuminate/Pipeline/{closure}(Object(Illuminate/Http/Request))
#23 C:/xampp/htdocs/ERP_model/vendor/laravel/framework/src/Illuminate/Pipeline/Pipeline.php(219): Illuminate/Cookie/Middleware/EncryptCookies->handle(Object(Illuminate/Http/Request), Object(Closure))
#24 C:/xampp/htdocs/ERP_model/vendor/laravel/framework/src/Illuminate/Pipeline/Pipeline.php(137): Illuminate/Pipeline/Pipeline->Illuminate/Pipeline/{closure}(Object(Illuminate/Http/Request))
#25 C:/xampp/htdocs/ERP_model/vendor/laravel/framework/src/Illuminate/Routing/Router.php(821): Illuminate/Pipeline/Pipeline->then(Object(Closure))
#26 C:/xampp/htdocs/ERP_model/vendor/laravel/framework/src/Illuminate/Routing/Router.php(800): Illuminate/Routing/Router->runRouteWithinStack(Object(Illuminate/Routing/Route), Object(Illuminate/Http/Request))
#27 C:/xampp/htdocs/ERP_model/vendor/laravel/framework/src/Illuminate/Routing/Router.php(764): Illuminate/Routing/Router->runRoute(Object(Illuminate/Http/Request), Object(Illuminate/Routing/Route))
#28 C:/xampp/htdocs/ERP_model/vendor/laravel/framework/src/Illuminate/Routing/Router.php(753): Illuminate/Routing/Router->dispatchToRoute(Object(Illuminate/Http/Request))
#29 C:/xampp/htdocs/ERP_model/vendor/laravel/framework/src/Illuminate/Foundation/Http/Kernel.php(200): Illuminate/Routing/Router->dispatch(Object(Illuminate/Http/Request))
#30 C:/xampp/htdocs/ERP_model/vendor/laravel/framework/src/Illuminate/Pipeline/Pipeline.php(180): Illuminate/Foundation/Http/Kernel->Illuminate/Foundation/Http/{closure}(Object(Illuminate/Http/Request))
#31 C:/xampp/htdocs/ERP_model/vendor/laravel/framework/src/Illuminate/Foundation/Http/Middleware/TransformsRequest.php(21): Illuminate/Pipeline/Pipeline->Illuminate/Pipeline/{closure}(Object(Illuminate/Http/Request))
#32 C:/xampp/htdocs/ERP_model/vendor/laravel/framework/src/Illuminate/Foundation/Http/Middleware/ConvertEmptyStringsToNull.php(31): Illuminate/Foundation/Http/Middleware/TransformsRequest->handle(Object(Illuminate/Http/Request), Object(Closure))
#33 C:/xampp/htdocs/ERP_model/vendor/laravel/framework/src/Illuminate/Pipeline/Pipeline.php(219): Illuminate/Foundation/Http/Middleware/ConvertEmptyStringsToNull->handle(Object(Illuminate/Http/Request), Object(Closure))
#34 C:/xampp/htdocs/ERP_model/vendor/laravel/framework/src/Illuminate/Foundation/Http/Middleware/TransformsRequest.php(21): Illuminate/Pipeline/Pipeline->Illuminate/Pipeline/{closure}(Object(Illuminate/Http/Request))
#35 C:/xampp/htdocs/ERP_model/vendor/laravel/framework/src/Illuminate/Foundation/Http/Middleware/TrimStrings.php(51): Illuminate/Foundation/Http/Middleware/TransformsRequest->handle(Object(Illuminate/Http/Request), Object(Closure))
#36 C:/xampp/htdocs/ERP_model/vendor/laravel/framework/src/Illuminate/Pipeline/Pipeline.php(219): Illuminate/Foundation/Http/Middleware/TrimStrings->handle(Object(Illuminate/Http/Request), Object(Closure))
#37 C:/xampp/htdocs/ERP_model/vendor/laravel/framework/src/Illuminate/Http/Middleware/ValidatePostSize.php(27): Illuminate/Pipeline/Pipeline->Illuminate/Pipeline/{closure}(Object(Illuminate/Http/Request))
#38 C:/xampp/htdocs/ERP_model/vendor/laravel/framework/src/Illuminate/Pipeline/Pipeline.php(219): Illuminate/Http/Middleware/ValidatePostSize->handle(Object(Illuminate/Http/Request), Object(Closure))
#39 C:/xampp/htdocs/ERP_model/vendor/laravel/framework/src/Illuminate/Foundation/Http/Middleware/PreventRequestsDuringMaintenance.php(109): Illuminate/Pipeline/Pipeline->Illuminate/Pipeline/{closure}(Object(Illuminate/Http/Request))
#40 C:/xampp/htdocs/ERP_model/vendor/laravel/framework/src/Illuminate/Pipeline/Pipeline.php(219): Illuminate/Foundation/Http/Middleware/PreventRequestsDuringMaintenance->handle(Object(Illuminate/Http/Request), Object(Closure))
#41 C:/xampp/htdocs/ERP_model/vendor/laravel/framework/src/Illuminate/Http/Middleware/HandleCors.php(61): Illuminate/Pipeline/Pipeline->Illuminate/Pipeline/{closure}(Object(Illuminate/Http/Request))
#42 C:/xampp/htdocs/ERP_model/vendor/laravel/framework/src/Illuminate/Pipeline/Pipeline.php(219): Illuminate/Http/Middleware/HandleCors->handle(Object(Illuminate/Http/Request), Object(Closure))
#43 C:/xampp/htdocs/ERP_model/vendor/laravel/framework/src/Illuminate/Http/Middleware/TrustProxies.php(58): Illuminate/Pipeline/Pipeline->Illuminate/Pipeline/{closure}(Object(Illuminate/Http/Request))
#44 C:/xampp/htdocs/ERP_model/vendor/laravel/framework/src/Illuminate/Pipeline/Pipeline.php(219): Illuminate/Http/Middleware/TrustProxies->handle(Object(Illuminate/Http/Request), Object(Closure))
#45 C:/xampp/htdocs/ERP_model/vendor/laravel/framework/src/Illuminate/Foundation/Http/Middleware/InvokeDeferredCallbacks.php(22): Illuminate/Pipeline/Pipeline->Illuminate/Pipeline/{closure}(Object(Illuminate/Http/Request))
#46 C:/xampp/htdocs/ERP_model/vendor/laravel/framework/src/Illuminate/Pipeline/Pipeline.php(219): Illuminate/Foundation/Http/Middleware/InvokeDeferredCallbacks->handle(Object(Illuminate/Http/Request), Object(Closure))
#47 C:/xampp/htdocs/ERP_model/vendor/laravel/framework/src/Illuminate/Http/Middleware/ValidatePathEncoding.php(26): Illuminate/Pipeline/Pipeline->Illuminate/Pipeline/{closure}(Object(Illuminate/Http/Request))
#48 C:/xampp/htdocs/ERP_model/vendor/laravel/framework/src/Illuminate/Pipeline/Pipeline.php(219): Illuminate/Http/Middleware/ValidatePathEncoding->handle(Object(Illuminate/Http/Request), Object(Closure))
#49 C:/xampp/htdocs/ERP_model/vendor/laravel/framework/src/Illuminate/Pipeline/Pipeline.php(137): Illuminate/Pipeline/Pipeline->Illuminate/Pipeline/{closure}(Object(Illuminate/Http/Request))
#50 C:/xampp/htdocs/ERP_model/vendor/laravel/framework/src/Illuminate/Foundation/Http/Kernel.php(175): Illuminate/Pipeline/Pipeline->then(Object(Closure))
#51 C:/xampp/htdocs/ERP_model/vendor/laravel/framework/src/Illuminate/Foundation/Http/Kernel.php(144): Illuminate/Foundation/Http/Kernel->sendRequestThroughRouter(Object(Illuminate/Http/Request))
#52 C:/xampp/htdocs/ERP_model/vendor/laravel/framework/src/Illuminate/Foundation/Application.php(1220): Illuminate/Foundation/Http/Kernel->handle(Object(Illuminate/Http/Request))
#53 C:/xampp/htdocs/ERP_model/public/index.php(20): Illuminate/Foundation/Application->handleRequest(Object(Illuminate/Http/Request))
#54 C:/xampp/htdocs/ERP_model/vendor/laravel/framework/src/Illuminate/Foundation/resources/server.php(23): require_once('C://xampp//htdocs...')
#55 {main}
"} 
[2026-06-19 07:14:35] local.ERROR: Class "App\Http\Requests\ProductRequest" does not exist {"userId":1,"exception":"[object] (ReflectionException(code: -1): Class \"App\\Http\\Requests\\ProductRequest\" does not exist at C:/xampp/htdocs/ERP_model/vendor/laravel/framework/src/Illuminate/Routing/ResolvesRouteDependencies.php:88)
[stacktrace]
#0 C:/xampp/htdocs/ERP_model/vendor/laravel/framework/src/Illuminate/Routing/ResolvesRouteDependencies.php(88): ReflectionClass->__construct('App//Http//Reques...')
#1 C:/xampp/htdocs/ERP_model/vendor/laravel/framework/src/Illuminate/Routing/ResolvesRouteDependencies.php(51): Illuminate/Routing/ControllerDispatcher->transformDependency(Object(ReflectionParameter), Array, Object(stdClass))
#2 C:/xampp/htdocs/ERP_model/vendor/laravel/framework/src/Illuminate/Routing/ResolvesRouteDependencies.php(30): Illuminate/Routing/ControllerDispatcher->resolveMethodDependencies(Array, Object(ReflectionMethod))
#3 C:/xampp/htdocs/ERP_model/vendor/laravel/framework/src/Illuminate/Routing/ControllerDispatcher.php(59): Illuminate/Routing/ControllerDispatcher->resolveClassMethodDependencies(Array, Object(App/Http/Controllers/Admin/ProductController), 'store')
#4 C:/xampp/htdocs/ERP_model/vendor/laravel/framework/src/Illuminate/Routing/ControllerDispatcher.php(40): Illuminate/Routing/ControllerDispatcher->resolveParameters(Object(Illuminate/Routing/Route), Object(App/Http/Controllers/Admin/ProductController), 'store')
#5 C:/xampp/htdocs/ERP_model/vendor/laravel/framework/src/Illuminate/Routing/Route.php(265): Illuminate/Routing/ControllerDispatcher->dispatch(Object(Illuminate/Routing/Route), Object(App/Http/Controllers/Admin/ProductController), 'store')
#6 C:/xampp/htdocs/ERP_model/vendor/laravel/framework/src/Illuminate/Routing/Route.php(211): Illuminate/Routing/Route->runController()
#7 C:/xampp/htdocs/ERP_model/vendor/laravel/framework/src/Illuminate/Routing/Router.php(822): Illuminate/Routing/Route->run()
#8 C:/xampp/htdocs/ERP_model/vendor/laravel/framework/src/Illuminate/Pipeline/Pipeline.php(180): Illuminate/Routing/Router->Illuminate/Routing/{closure}(Object(Illuminate/Http/Request))
#9 C:/xampp/htdocs/ERP_model/vendor/laravel/framework/src/Illuminate/Routing/Middleware/SubstituteBindings.php(50): Illuminate/Pipeline/Pipeline->Illuminate/Pipeline/{closure}(Object(Illuminate/Http/Request))
#10 C:/xampp/htdocs/ERP_model/vendor/laravel/framework/src/Illuminate/Pipeline/Pipeline.php(219): Illuminate/Routing/Middleware/SubstituteBindings->handle(Object(Illuminate/Http/Request), Object(Closure))
#11 C:/xampp/htdocs/ERP_model/vendor/laravel/framework/src/Illuminate/Auth/Middleware/Authenticate.php(63): Illuminate/Pipeline/Pipeline->Illuminate/Pipeline/{closure}(Object(Illuminate/Http/Request))
#12 C:/xampp/htdocs/ERP_model/vendor/laravel/framework/src/Illuminate/Pipeline/Pipeline.php(219): Illuminate/Auth/Middleware/Authenticate->handle(Object(Illuminate/Http/Request), Object(Closure))
#13 C:/xampp/htdocs/ERP_model/vendor/laravel/framework/src/Illuminate/Foundation/Http/Middleware/VerifyCsrfToken.php(87): Illuminate/Pipeline/Pipeline->Illuminate/Pipeline/{closure}(Object(Illuminate/Http/Request))
#14 C:/xampp/htdocs/ERP_model/vendor/laravel/framework/src/Illuminate/Pipeline/Pipeline.php(219): Illuminate/Foundation/Http/Middleware/VerifyCsrfToken->handle(Object(Illuminate/Http/Request), Object(Closure))
#15 C:/xampp/htdocs/ERP_model/vendor/laravel/framework/src/Illuminate/View/Middleware/ShareErrorsFromSession.php(48): Illuminate/Pipeline/Pipeline->Illuminate/Pipeline/{closure}(Object(Illuminate/Http/Request))
#16 C:/xampp/htdocs/ERP_model/vendor/laravel/framework/src/Illuminate/Pipeline/Pipeline.php(219): Illuminate/View/Middleware/ShareErrorsFromSession->handle(Object(Illuminate/Http/Request), Object(Closure))
#17 C:/xampp/htdocs/ERP_model/vendor/laravel/framework/src/Illuminate/Session/Middleware/StartSession.php(120): Illuminate/Pipeline/Pipeline->Illuminate/Pipeline/{closure}(Object(Illuminate/Http/Request))
#18 C:/xampp/htdocs/ERP_model/vendor/laravel/framework/src/Illuminate/Session/Middleware/StartSession.php(63): Illuminate/Session/Middleware/StartSession->handleStatefulRequest(Object(Illuminate/Http/Request), Object(Illuminate/Session/Store), Object(Closure))
#19 C:/xampp/htdocs/ERP_model/vendor/laravel/framework/src/Illuminate/Pipeline/Pipeline.php(219): Illuminate/Session/Middleware/StartSession->handle(Object(Illuminate/Http/Request), Object(Closure))
#20 C:/xampp/htdocs/ERP_model/vendor/laravel/framework/src/Illuminate/Cookie/Middleware/AddQueuedCookiesToResponse.php(36): Illuminate/Pipeline/Pipeline->Illuminate/Pipeline/{closure}(Object(Illuminate/Http/Request))
#21 C:/xampp/htdocs/ERP_model/vendor/laravel/framework/src/Illuminate/Pipeline/Pipeline.php(219): Illuminate/Cookie/Middleware/AddQueuedCookiesToResponse->handle(Object(Illuminate/Http/Request), Object(Closure))
#22 C:/xampp/htdocs/ERP_model/vendor/laravel/framework/src/Illuminate/Cookie/Middleware/EncryptCookies.php(74): Illuminate/Pipeline/Pipeline->Illuminate/Pipeline/{closure}(Object(Illuminate/Http/Request))
#23 C:/xampp/htdocs/ERP_model/vendor/laravel/framework/src/Illuminate/Pipeline/Pipeline.php(219): Illuminate/Cookie/Middleware/EncryptCookies->handle(Object(Illuminate/Http/Request), Object(Closure))
#24 C:/xampp/htdocs/ERP_model/vendor/laravel/framework/src/Illuminate/Pipeline/Pipeline.php(137): Illuminate/Pipeline/Pipeline->Illuminate/Pipeline/{closure}(Object(Illuminate/Http/Request))
#25 C:/xampp/htdocs/ERP_model/vendor/laravel/framework/src/Illuminate/Routing/Router.php(821): Illuminate/Pipeline/Pipeline->then(Object(Closure))
#26 C:/xampp/htdocs/ERP_model/vendor/laravel/framework/src/Illuminate/Routing/Router.php(800): Illuminate/Routing/Router->runRouteWithinStack(Object(Illuminate/Routing/Route), Object(Illuminate/Http/Request))
#27 C:/xampp/htdocs/ERP_model/vendor/laravel/framework/src/Illuminate/Routing/Router.php(764): Illuminate/Routing/Router->runRoute(Object(Illuminate/Http/Request), Object(Illuminate/Routing/Route))
#28 C:/xampp/htdocs/ERP_model/vendor/laravel/framework/src/Illuminate/Routing/Router.php(753): Illuminate/Routing/Router->dispatchToRoute(Object(Illuminate/Http/Request))
#29 C:/xampp/htdocs/ERP_model/vendor/laravel/framework/src/Illuminate/Foundation/Http/Kernel.php(200): Illuminate/Routing/Router->dispatch(Object(Illuminate/Http/Request))
#30 C:/xampp/htdocs/ERP_model/vendor/laravel/framework/src/Illuminate/Pipeline/Pipeline.php(180): Illuminate/Foundation/Http/Kernel->Illuminate/Foundation/Http/{closure}(Object(Illuminate/Http/Request))
#31 C:/xampp/htdocs/ERP_model/vendor/laravel/framework/src/Illuminate/Foundation/Http/Middleware/TransformsRequest.php(21): Illuminate/Pipeline/Pipeline->Illuminate/Pipeline/{closure}(Object(Illuminate/Http/Request))
#32 C:/xampp/htdocs/ERP_model/vendor/laravel/framework/src/Illuminate/Foundation/Http/Middleware/ConvertEmptyStringsToNull.php(31): Illuminate/Foundation/Http/Middleware/TransformsRequest->handle(Object(Illuminate/Http/Request), Object(Closure))
#33 C:/xampp/htdocs/ERP_model/vendor/laravel/framework/src/Illuminate/Pipeline/Pipeline.php(219): Illuminate/Foundation/Http/Middleware/ConvertEmptyStringsToNull->handle(Object(Illuminate/Http/Request), Object(Closure))
#34 C:/xampp/htdocs/ERP_model/vendor/laravel/framework/src/Illuminate/Foundation/Http/Middleware/TransformsRequest.php(21): Illuminate/Pipeline/Pipeline->Illuminate/Pipeline/{closure}(Object(Illuminate/Http/Request))
#35 C:/xampp/htdocs/ERP_model/vendor/laravel/framework/src/Illuminate/Foundation/Http/Middleware/TrimStrings.php(51): Illuminate/Foundation/Http/Middleware/TransformsRequest->handle(Object(Illuminate/Http/Request), Object(Closure))
#36 C:/xampp/htdocs/ERP_model/vendor/laravel/framework/src/Illuminate/Pipeline/Pipeline.php(219): Illuminate/Foundation/Http/Middleware/TrimStrings->handle(Object(Illuminate/Http/Request), Object(Closure))
#37 C:/xampp/htdocs/ERP_model/vendor/laravel/framework/src/Illuminate/Http/Middleware/ValidatePostSize.php(27): Illuminate/Pipeline/Pipeline->Illuminate/Pipeline/{closure}(Object(Illuminate/Http/Request))
#38 C:/xampp/htdocs/ERP_model/vendor/laravel/framework/src/Illuminate/Pipeline/Pipeline.php(219): Illuminate/Http/Middleware/ValidatePostSize->handle(Object(Illuminate/Http/Request), Object(Closure))
#39 C:/xampp/htdocs/ERP_model/vendor/laravel/framework/src/Illuminate/Foundation/Http/Middleware/PreventRequestsDuringMaintenance.php(109): Illuminate/Pipeline/Pipeline->Illuminate/Pipeline/{closure}(Object(Illuminate/Http/Request))
#40 C:/xampp/htdocs/ERP_model/vendor/laravel/framework/src/Illuminate/Pipeline/Pipeline.php(219): Illuminate/Foundation/Http/Middleware/PreventRequestsDuringMaintenance->handle(Object(Illuminate/Http/Request), Object(Closure))
#41 C:/xampp/htdocs/ERP_model/vendor/laravel/framework/src/Illuminate/Http/Middleware/HandleCors.php(61): Illuminate/Pipeline/Pipeline->Illuminate/Pipeline/{closure}(Object(Illuminate/Http/Request))
#42 C:/xampp/htdocs/ERP_model/vendor/laravel/framework/src/Illuminate/Pipeline/Pipeline.php(219): Illuminate/Http/Middleware/HandleCors->handle(Object(Illuminate/Http/Request), Object(Closure))
#43 C:/xampp/htdocs/ERP_model/vendor/laravel/framework/src/Illuminate/Http/Middleware/TrustProxies.php(58): Illuminate/Pipeline/Pipeline->Illuminate/Pipeline/{closure}(Object(Illuminate/Http/Request))
#44 C:/xampp/htdocs/ERP_model/vendor/laravel/framework/src/Illuminate/Pipeline/Pipeline.php(219): Illuminate/Http/Middleware/TrustProxies->handle(Object(Illuminate/Http/Request), Object(Closure))
#45 C:/xampp/htdocs/ERP_model/vendor/laravel/framework/src/Illuminate/Foundation/Http/Middleware/InvokeDeferredCallbacks.php(22): Illuminate/Pipeline/Pipeline->Illuminate/Pipeline/{closure}(Object(Illuminate/Http/Request))
#46 C:/xampp/htdocs/ERP_model/vendor/laravel/framework/src/Illuminate/Pipeline/Pipeline.php(219): Illuminate/Foundation/Http/Middleware/InvokeDeferredCallbacks->handle(Object(Illuminate/Http/Request), Object(Closure))
#47 C:/xampp/htdocs/ERP_model/vendor/laravel/framework/src/Illuminate/Http/Middleware/ValidatePathEncoding.php(26): Illuminate/Pipeline/Pipeline->Illuminate/Pipeline/{closure}(Object(Illuminate/Http/Request))
#48 C:/xampp/htdocs/ERP_model/vendor/laravel/framework/src/Illuminate/Pipeline/Pipeline.php(219): Illuminate/Http/Middleware/ValidatePathEncoding->handle(Object(Illuminate/Http/Request), Object(Closure))
#49 C:/xampp/htdocs/ERP_model/vendor/laravel/framework/src/Illuminate/Pipeline/Pipeline.php(137): Illuminate/Pipeline/Pipeline->Illuminate/Pipeline/{closure}(Object(Illuminate/Http/Request))
#50 C:/xampp/htdocs/ERP_model/vendor/laravel/framework/src/Illuminate/Foundation/Http/Kernel.php(175): Illuminate/Pipeline/Pipeline->then(Object(Closure))
#51 C:/xampp/htdocs/ERP_model/vendor/laravel/framework/src/Illuminate/Foundation/Http/Kernel.php(144): Illuminate/Foundation/Http/Kernel->sendRequestThroughRouter(Object(Illuminate/Http/Request))
#52 C:/xampp/htdocs/ERP_model/vendor/laravel/framework/src/Illuminate/Foundation/Application.php(1220): Illuminate/Foundation/Http/Kernel->handle(Object(Illuminate/Http/Request))
#53 C:/xampp/htdocs/ERP_model/public/index.php(20): Illuminate/Foundation/Application->handleRequest(Object(Illuminate/Http/Request))
#54 C:/xampp/htdocs/ERP_model/vendor/laravel/framework/src/Illuminate/Foundation/resources/server.php(23): require_once('C://xampp//htdocs...')
#55 {main}
"} 
[2026-06-19 07:14:37] local.ERROR: Class "App\Http\Requests\ProductRequest" does not exist {"userId":1,"exception":"[object] (ReflectionException(code: -1): Class \"App\\Http\\Requests\\ProductRequest\" does not exist at C:/xampp/htdocs/ERP_model/vendor/laravel/framework/src/Illuminate/Routing/ResolvesRouteDependencies.php:88)
[stacktrace]
#0 C:/xampp/htdocs/ERP_model/vendor/laravel/framework/src/Illuminate/Routing/ResolvesRouteDependencies.php(88): ReflectionClass->__construct('App//Http//Reques...')
#1 C:/xampp/htdocs/ERP_model/vendor/laravel/framework/src/Illuminate/Routing/ResolvesRouteDependencies.php(51): Illuminate/Routing/ControllerDispatcher->transformDependency(Object(ReflectionParameter), Array, Object(stdClass))
#2 C:/xampp/htdocs/ERP_model/vendor/laravel/framework/src/Illuminate/Routing/ResolvesRouteDependencies.php(30): Illuminate/Routing/ControllerDispatcher->resolveMethodDependencies(Array, Object(ReflectionMethod))
#3 C:/xampp/htdocs/ERP_model/vendor/laravel/framework/src/Illuminate/Routing/ControllerDispatcher.php(59): Illuminate/Routing/ControllerDispatcher->resolveClassMethodDependencies(Array, Object(App/Http/Controllers/Admin/ProductController), 'store')
#4 C:/xampp/htdocs/ERP_model/vendor/laravel/framework/src/Illuminate/Routing/ControllerDispatcher.php(40): Illuminate/Routing/ControllerDispatcher->resolveParameters(Object(Illuminate/Routing/Route), Object(App/Http/Controllers/Admin/ProductController), 'store')
#5 C:/xampp/htdocs/ERP_model/vendor/laravel/framework/src/Illuminate/Routing/Route.php(265): Illuminate/Routing/ControllerDispatcher->dispatch(Object(Illuminate/Routing/Route), Object(App/Http/Controllers/Admin/ProductController), 'store')
#6 C:/xampp/htdocs/ERP_model/vendor/laravel/framework/src/Illuminate/Routing/Route.php(211): Illuminate/Routing/Route->runController()
#7 C:/xampp/htdocs/ERP_model/vendor/laravel/framework/src/Illuminate/Routing/Router.php(822): Illuminate/Routing/Route->run()
#8 C:/xampp/htdocs/ERP_model/vendor/laravel/framework/src/Illuminate/Pipeline/Pipeline.php(180): Illuminate/Routing/Router->Illuminate/Routing/{closure}(Object(Illuminate/Http/Request))
#9 C:/xampp/htdocs/ERP_model/vendor/laravel/framework/src/Illuminate/Routing/Middleware/SubstituteBindings.php(50): Illuminate/Pipeline/Pipeline->Illuminate/Pipeline/{closure}(Object(Illuminate/Http/Request))
#10 C:/xampp/htdocs/ERP_model/vendor/laravel/framework/src/Illuminate/Pipeline/Pipeline.php(219): Illuminate/Routing/Middleware/SubstituteBindings->handle(Object(Illuminate/Http/Request), Object(Closure))
#11 C:/xampp/htdocs/ERP_model/vendor/laravel/framework/src/Illuminate/Auth/Middleware/Authenticate.php(63): Illuminate/Pipeline/Pipeline->Illuminate/Pipeline/{closure}(Object(Illuminate/Http/Request))
#12 C:/xampp/htdocs/ERP_model/vendor/laravel/framework/src/Illuminate/Pipeline/Pipeline.php(219): Illuminate/Auth/Middleware/Authenticate->handle(Object(Illuminate/Http/Request), Object(Closure))
#13 C:/xampp/htdocs/ERP_model/vendor/laravel/framework/src/Illuminate/Foundation/Http/Middleware/VerifyCsrfToken.php(87): Illuminate/Pipeline/Pipeline->Illuminate/Pipeline/{closure}(Object(Illuminate/Http/Request))
#14 C:/xampp/htdocs/ERP_model/vendor/laravel/framework/src/Illuminate/Pipeline/Pipeline.php(219): Illuminate/Foundation/Http/Middleware/VerifyCsrfToken->handle(Object(Illuminate/Http/Request), Object(Closure))
#15 C:/xampp/htdocs/ERP_model/vendor/laravel/framework/src/Illuminate/View/Middleware/ShareErrorsFromSession.php(48): Illuminate/Pipeline/Pipeline->Illuminate/Pipeline/{closure}(Object(Illuminate/Http/Request))
#16 C:/xampp/htdocs/ERP_model/vendor/laravel/framework/src/Illuminate/Pipeline/Pipeline.php(219): Illuminate/View/Middleware/ShareErrorsFromSession->handle(Object(Illuminate/Http/Request), Object(Closure))
#17 C:/xampp/htdocs/ERP_model/vendor/laravel/framework/src/Illuminate/Session/Middleware/StartSession.php(120): Illuminate/Pipeline/Pipeline->Illuminate/Pipeline/{closure}(Object(Illuminate/Http/Request))
#18 C:/xampp/htdocs/ERP_model/vendor/laravel/framework/src/Illuminate/Session/Middleware/StartSession.php(63): Illuminate/Session/Middleware/StartSession->handleStatefulRequest(Object(Illuminate/Http/Request), Object(Illuminate/Session/Store), Object(Closure))
#19 C:/xampp/htdocs/ERP_model/vendor/laravel/framework/src/Illuminate/Pipeline/Pipeline.php(219): Illuminate/Session/Middleware/StartSession->handle(Object(Illuminate/Http/Request), Object(Closure))
#20 C:/xampp/htdocs/ERP_model/vendor/laravel/framework/src/Illuminate/Cookie/Middleware/AddQueuedCookiesToResponse.php(36): Illuminate/Pipeline/Pipeline->Illuminate/Pipeline/{closure}(Object(Illuminate/Http/Request))
#21 C:/xampp/htdocs/ERP_model/vendor/laravel/framework/src/Illuminate/Pipeline/Pipeline.php(219): Illuminate/Cookie/Middleware/AddQueuedCookiesToResponse->handle(Object(Illuminate/Http/Request), Object(Closure))
#22 C:/xampp/htdocs/ERP_model/vendor/laravel/framework/src/Illuminate/Cookie/Middleware/EncryptCookies.php(74): Illuminate/Pipeline/Pipeline->Illuminate/Pipeline/{closure}(Object(Illuminate/Http/Request))
#23 C:/xampp/htdocs/ERP_model/vendor/laravel/framework/src/Illuminate/Pipeline/Pipeline.php(219): Illuminate/Cookie/Middleware/EncryptCookies->handle(Object(Illuminate/Http/Request), Object(Closure))
#24 C:/xampp/htdocs/ERP_model/vendor/laravel/framework/src/Illuminate/Pipeline/Pipeline.php(137): Illuminate/Pipeline/Pipeline->Illuminate/Pipeline/{closure}(Object(Illuminate/Http/Request))
#25 C:/xampp/htdocs/ERP_model/vendor/laravel/framework/src/Illuminate/Routing/Router.php(821): Illuminate/Pipeline/Pipeline->then(Object(Closure))
#26 C:/xampp/htdocs/ERP_model/vendor/laravel/framework/src/Illuminate/Routing/Router.php(800): Illuminate/Routing/Router->runRouteWithinStack(Object(Illuminate/Routing/Route), Object(Illuminate/Http/Request))
#27 C:/xampp/htdocs/ERP_model/vendor/laravel/framework/src/Illuminate/Routing/Router.php(764): Illuminate/Routing/Router->runRoute(Object(Illuminate/Http/Request), Object(Illuminate/Routing/Route))
#28 C:/xampp/htdocs/ERP_model/vendor/laravel/framework/src/Illuminate/Routing/Router.php(753): Illuminate/Routing/Router->dispatchToRoute(Object(Illuminate/Http/Request))
#29 C:/xampp/htdocs/ERP_model/vendor/laravel/framework/src/Illuminate/Foundation/Http/Kernel.php(200): Illuminate/Routing/Router->dispatch(Object(Illuminate/Http/Request))
#30 C:/xampp/htdocs/ERP_model/vendor/laravel/framework/src/Illuminate/Pipeline/Pipeline.php(180): Illuminate/Foundation/Http/Kernel->Illuminate/Foundation/Http/{closure}(Object(Illuminate/Http/Request))
#31 C:/xampp/htdocs/ERP_model/vendor/laravel/framework/src/Illuminate/Foundation/Http/Middleware/TransformsRequest.php(21): Illuminate/Pipeline/Pipeline->Illuminate/Pipeline/{closure}(Object(Illuminate/Http/Request))
#32 C:/xampp/htdocs/ERP_model/vendor/laravel/framework/src/Illuminate/Foundation/Http/Middleware/ConvertEmptyStringsToNull.php(31): Illuminate/Foundation/Http/Middleware/TransformsRequest->handle(Object(Illuminate/Http/Request), Object(Closure))
#33 C:/xampp/htdocs/ERP_model/vendor/laravel/framework/src/Illuminate/Pipeline/Pipeline.php(219): Illuminate/Foundation/Http/Middleware/ConvertEmptyStringsToNull->handle(Object(Illuminate/Http/Request), Object(Closure))
#34 C:/xampp/htdocs/ERP_model/vendor/laravel/framework/src/Illuminate/Foundation/Http/Middleware/TransformsRequest.php(21): Illuminate/Pipeline/Pipeline->Illuminate/Pipeline/{closure}(Object(Illuminate/Http/Request))
#35 C:/xampp/htdocs/ERP_model/vendor/laravel/framework/src/Illuminate/Foundation/Http/Middleware/TrimStrings.php(51): Illuminate/Foundation/Http/Middleware/TransformsRequest->handle(Object(Illuminate/Http/Request), Object(Closure))
#36 C:/xampp/htdocs/ERP_model/vendor/laravel/framework/src/Illuminate/Pipeline/Pipeline.php(219): Illuminate/Foundation/Http/Middleware/TrimStrings->handle(Object(Illuminate/Http/Request), Object(Closure))
#37 C:/xampp/htdocs/ERP_model/vendor/laravel/framework/src/Illuminate/Http/Middleware/ValidatePostSize.php(27): Illuminate/Pipeline/Pipeline->Illuminate/Pipeline/{closure}(Object(Illuminate/Http/Request))
#38 C:/xampp/htdocs/ERP_model/vendor/laravel/framework/src/Illuminate/Pipeline/Pipeline.php(219): Illuminate/Http/Middleware/ValidatePostSize->handle(Object(Illuminate/Http/Request), Object(Closure))
#39 C:/xampp/htdocs/ERP_model/vendor/laravel/framework/src/Illuminate/Foundation/Http/Middleware/PreventRequestsDuringMaintenance.php(109): Illuminate/Pipeline/Pipeline->Illuminate/Pipeline/{closure}(Object(Illuminate/Http/Request))
#40 C:/xampp/htdocs/ERP_model/vendor/laravel/framework/src/Illuminate/Pipeline/Pipeline.php(219): Illuminate/Foundation/Http/Middleware/PreventRequestsDuringMaintenance->handle(Object(Illuminate/Http/Request), Object(Closure))
#41 C:/xampp/htdocs/ERP_model/vendor/laravel/framework/src/Illuminate/Http/Middleware/HandleCors.php(61): Illuminate/Pipeline/Pipeline->Illuminate/Pipeline/{closure}(Object(Illuminate/Http/Request))
#42 C:/xampp/htdocs/ERP_model/vendor/laravel/framework/src/Illuminate/Pipeline/Pipeline.php(219): Illuminate/Http/Middleware/HandleCors->handle(Object(Illuminate/Http/Request), Object(Closure))
#43 C:/xampp/htdocs/ERP_model/vendor/laravel/framework/src/Illuminate/Http/Middleware/TrustProxies.php(58): Illuminate/Pipeline/Pipeline->Illuminate/Pipeline/{closure}(Object(Illuminate/Http/Request))
#44 C:/xampp/htdocs/ERP_model/vendor/laravel/framework/src/Illuminate/Pipeline/Pipeline.php(219): Illuminate/Http/Middleware/TrustProxies->handle(Object(Illuminate/Http/Request), Object(Closure))
#45 C:/xampp/htdocs/ERP_model/vendor/laravel/framework/src/Illuminate/Foundation/Http/Middleware/InvokeDeferredCallbacks.php(22): Illuminate/Pipeline/Pipeline->Illuminate/Pipeline/{closure}(Object(Illuminate/Http/Request))
#46 C:/xampp/htdocs/ERP_model/vendor/laravel/framework/src/Illuminate/Pipeline/Pipeline.php(219): Illuminate/Foundation/Http/Middleware/InvokeDeferredCallbacks->handle(Object(Illuminate/Http/Request), Object(Closure))
#47 C:/xampp/htdocs/ERP_model/vendor/laravel/framework/src/Illuminate/Http/Middleware/ValidatePathEncoding.php(26): Illuminate/Pipeline/Pipeline->Illuminate/Pipeline/{closure}(Object(Illuminate/Http/Request))
#48 C:/xampp/htdocs/ERP_model/vendor/laravel/framework/src/Illuminate/Pipeline/Pipeline.php(219): Illuminate/Http/Middleware/ValidatePathEncoding->handle(Object(Illuminate/Http/Request), Object(Closure))
#49 C:/xampp/htdocs/ERP_model/vendor/laravel/framework/src/Illuminate/Pipeline/Pipeline.php(137): Illuminate/Pipeline/Pipeline->Illuminate/Pipeline/{closure}(Object(Illuminate/Http/Request))
#50 C:/xampp/htdocs/ERP_model/vendor/laravel/framework/src/Illuminate/Foundation/Http/Kernel.php(175): Illuminate/Pipeline/Pipeline->then(Object(Closure))
#51 C:/xampp/htdocs/ERP_model/vendor/laravel/framework/src/Illuminate/Foundation/Http/Kernel.php(144): Illuminate/Foundation/Http/Kernel->sendRequestThroughRouter(Object(Illuminate/Http/Request))
#52 C:/xampp/htdocs/ERP_model/vendor/laravel/framework/src/Illuminate/Foundation/Application.php(1220): Illuminate/Foundation/Http/Kernel->handle(Object(Illuminate/Http/Request))
#53 C:/xampp/htdocs/ERP_model/public/index.php(20): Illuminate/Foundation/Application->handleRequest(Object(Illuminate/Http/Request))
#54 C:/xampp/htdocs/ERP_model/vendor/laravel/framework/src/Illuminate/Foundation/resources/server.php(23): require_once('C://xampp//htdocs...')
#55 {main}
"} 
[2026-06-19 07:18:15] local.ERROR: Class "App\Http\Requests\ProductRequest" does not exist {"userId":1,"exception":"[object] (ReflectionException(code: -1): Class \"App\\Http\\Requests\\ProductRequest\" does not exist at C:/xampp/htdocs/ERP_model/vendor/laravel/framework/src/Illuminate/Routing/ResolvesRouteDependencies.php:88)
[stacktrace]
#0 C:/xampp/htdocs/ERP_model/vendor/laravel/framework/src/Illuminate/Routing/ResolvesRouteDependencies.php(88): ReflectionClass->__construct('App//Http//Reques...')
#1 C:/xampp/htdocs/ERP_model/vendor/laravel/framework/src/Illuminate/Routing/ResolvesRouteDependencies.php(51): Illuminate/Routing/ControllerDispatcher->transformDependency(Object(ReflectionParameter), Array, Object(stdClass))
#2 C:/xampp/htdocs/ERP_model/vendor/laravel/framework/src/Illuminate/Routing/ResolvesRouteDependencies.php(30): Illuminate/Routing/ControllerDispatcher->resolveMethodDependencies(Array, Object(ReflectionMethod))
#3 C:/xampp/htdocs/ERP_model/vendor/laravel/framework/src/Illuminate/Routing/ControllerDispatcher.php(59): Illuminate/Routing/ControllerDispatcher->resolveClassMethodDependencies(Array, Object(App/Http/Controllers/Admin/ProductController), 'store')
#4 C:/xampp/htdocs/ERP_model/vendor/laravel/framework/src/Illuminate/Routing/ControllerDispatcher.php(40): Illuminate/Routing/ControllerDispatcher->resolveParameters(Object(Illuminate/Routing/Route), Object(App/Http/Controllers/Admin/ProductController), 'store')
#5 C:/xampp/htdocs/ERP_model/vendor/laravel/framework/src/Illuminate/Routing/Route.php(265): Illuminate/Routing/ControllerDispatcher->dispatch(Object(Illuminate/Routing/Route), Object(App/Http/Controllers/Admin/ProductController), 'store')
#6 C:/xampp/htdocs/ERP_model/vendor/laravel/framework/src/Illuminate/Routing/Route.php(211): Illuminate/Routing/Route->runController()
#7 C:/xampp/htdocs/ERP_model/vendor/laravel/framework/src/Illuminate/Routing/Router.php(822): Illuminate/Routing/Route->run()
#8 C:/xampp/htdocs/ERP_model/vendor/laravel/framework/src/Illuminate/Pipeline/Pipeline.php(180): Illuminate/Routing/Router->Illuminate/Routing/{closure}(Object(Illuminate/Http/Request))
#9 C:/xampp/htdocs/ERP_model/vendor/laravel/framework/src/Illuminate/Routing/Middleware/SubstituteBindings.php(50): Illuminate/Pipeline/Pipeline->Illuminate/Pipeline/{closure}(Object(Illuminate/Http/Request))
#10 C:/xampp/htdocs/ERP_model/vendor/laravel/framework/src/Illuminate/Pipeline/Pipeline.php(219): Illuminate/Routing/Middleware/SubstituteBindings->handle(Object(Illuminate/Http/Request), Object(Closure))
#11 C:/xampp/htdocs/ERP_model/vendor/laravel/framework/src/Illuminate/Auth/Middleware/Authenticate.php(63): Illuminate/Pipeline/Pipeline->Illuminate/Pipeline/{closure}(Object(Illuminate/Http/Request))
#12 C:/xampp/htdocs/ERP_model/vendor/laravel/framework/src/Illuminate/Pipeline/Pipeline.php(219): Illuminate/Auth/Middleware/Authenticate->handle(Object(Illuminate/Http/Request), Object(Closure))
#13 C:/xampp/htdocs/ERP_model/vendor/laravel/framework/src/Illuminate/Foundation/Http/Middleware/VerifyCsrfToken.php(87): Illuminate/Pipeline/Pipeline->Illuminate/Pipeline/{closure}(Object(Illuminate/Http/Request))
#14 C:/xampp/htdocs/ERP_model/vendor/laravel/framework/src/Illuminate/Pipeline/Pipeline.php(219): Illuminate/Foundation/Http/Middleware/VerifyCsrfToken->handle(Object(Illuminate/Http/Request), Object(Closure))
#15 C:/xampp/htdocs/ERP_model/vendor/laravel/framework/src/Illuminate/View/Middleware/ShareErrorsFromSession.php(48): Illuminate/Pipeline/Pipeline->Illuminate/Pipeline/{closure}(Object(Illuminate/Http/Request))
#16 C:/xampp/htdocs/ERP_model/vendor/laravel/framework/src/Illuminate/Pipeline/Pipeline.php(219): Illuminate/View/Middleware/ShareErrorsFromSession->handle(Object(Illuminate/Http/Request), Object(Closure))
#17 C:/xampp/htdocs/ERP_model/vendor/laravel/framework/src/Illuminate/Session/Middleware/StartSession.php(120): Illuminate/Pipeline/Pipeline->Illuminate/Pipeline/{closure}(Object(Illuminate/Http/Request))
#18 C:/xampp/htdocs/ERP_model/vendor/laravel/framework/src/Illuminate/Session/Middleware/StartSession.php(63): Illuminate/Session/Middleware/StartSession->handleStatefulRequest(Object(Illuminate/Http/Request), Object(Illuminate/Session/Store), Object(Closure))
#19 C:/xampp/htdocs/ERP_model/vendor/laravel/framework/src/Illuminate/Pipeline/Pipeline.php(219): Illuminate/Session/Middleware/StartSession->handle(Object(Illuminate/Http/Request), Object(Closure))
#20 C:/xampp/htdocs/ERP_model/vendor/laravel/framework/src/Illuminate/Cookie/Middleware/AddQueuedCookiesToResponse.php(36): Illuminate/Pipeline/Pipeline->Illuminate/Pipeline/{closure}(Object(Illuminate/Http/Request))
#21 C:/xampp/htdocs/ERP_model/vendor/laravel/framework/src/Illuminate/Pipeline/Pipeline.php(219): Illuminate/Cookie/Middleware/AddQueuedCookiesToResponse->handle(Object(Illuminate/Http/Request), Object(Closure))
#22 C:/xampp/htdocs/ERP_model/vendor/laravel/framework/src/Illuminate/Cookie/Middleware/EncryptCookies.php(74): Illuminate/Pipeline/Pipeline->Illuminate/Pipeline/{closure}(Object(Illuminate/Http/Request))
#23 C:/xampp/htdocs/ERP_model/vendor/laravel/framework/src/Illuminate/Pipeline/Pipeline.php(219): Illuminate/Cookie/Middleware/EncryptCookies->handle(Object(Illuminate/Http/Request), Object(Closure))
#24 C:/xampp/htdocs/ERP_model/vendor/laravel/framework/src/Illuminate/Pipeline/Pipeline.php(137): Illuminate/Pipeline/Pipeline->Illuminate/Pipeline/{closure}(Object(Illuminate/Http/Request))
#25 C:/xampp/htdocs/ERP_model/vendor/laravel/framework/src/Illuminate/Routing/Router.php(821): Illuminate/Pipeline/Pipeline->then(Object(Closure))
#26 C:/xampp/htdocs/ERP_model/vendor/laravel/framework/src/Illuminate/Routing/Router.php(800): Illuminate/Routing/Router->runRouteWithinStack(Object(Illuminate/Routing/Route), Object(Illuminate/Http/Request))
#27 C:/xampp/htdocs/ERP_model/vendor/laravel/framework/src/Illuminate/Routing/Router.php(764): Illuminate/Routing/Router->runRoute(Object(Illuminate/Http/Request), Object(Illuminate/Routing/Route))
#28 C:/xampp/htdocs/ERP_model/vendor/laravel/framework/src/Illuminate/Routing/Router.php(753): Illuminate/Routing/Router->dispatchToRoute(Object(Illuminate/Http/Request))
#29 C:/xampp/htdocs/ERP_model/vendor/laravel/framework/src/Illuminate/Foundation/Http/Kernel.php(200): Illuminate/Routing/Router->dispatch(Object(Illuminate/Http/Request))
#30 C:/xampp/htdocs/ERP_model/vendor/laravel/framework/src/Illuminate/Pipeline/Pipeline.php(180): Illuminate/Foundation/Http/Kernel->Illuminate/Foundation/Http/{closure}(Object(Illuminate/Http/Request))
#31 C:/xampp/htdocs/ERP_model/vendor/laravel/framework/src/Illuminate/Foundation/Http/Middleware/TransformsRequest.php(21): Illuminate/Pipeline/Pipeline->Illuminate/Pipeline/{closure}(Object(Illuminate/Http/Request))
#32 C:/xampp/htdocs/ERP_model/vendor/laravel/framework/src/Illuminate/Foundation/Http/Middleware/ConvertEmptyStringsToNull.php(31): Illuminate/Foundation/Http/Middleware/TransformsRequest->handle(Object(Illuminate/Http/Request), Object(Closure))
#33 C:/xampp/htdocs/ERP_model/vendor/laravel/framework/src/Illuminate/Pipeline/Pipeline.php(219): Illuminate/Foundation/Http/Middleware/ConvertEmptyStringsToNull->handle(Object(Illuminate/Http/Request), Object(Closure))
#34 C:/xampp/htdocs/ERP_model/vendor/laravel/framework/src/Illuminate/Foundation/Http/Middleware/TransformsRequest.php(21): Illuminate/Pipeline/Pipeline->Illuminate/Pipeline/{closure}(Object(Illuminate/Http/Request))
#35 C:/xampp/htdocs/ERP_model/vendor/laravel/framework/src/Illuminate/Foundation/Http/Middleware/TrimStrings.php(51): Illuminate/Foundation/Http/Middleware/TransformsRequest->handle(Object(Illuminate/Http/Request), Object(Closure))
#36 C:/xampp/htdocs/ERP_model/vendor/laravel/framework/src/Illuminate/Pipeline/Pipeline.php(219): Illuminate/Foundation/Http/Middleware/TrimStrings->handle(Object(Illuminate/Http/Request), Object(Closure))
#37 C:/xampp/htdocs/ERP_model/vendor/laravel/framework/src/Illuminate/Http/Middleware/ValidatePostSize.php(27): Illuminate/Pipeline/Pipeline->Illuminate/Pipeline/{closure}(Object(Illuminate/Http/Request))
#38 C:/xampp/htdocs/ERP_model/vendor/laravel/framework/src/Illuminate/Pipeline/Pipeline.php(219): Illuminate/Http/Middleware/ValidatePostSize->handle(Object(Illuminate/Http/Request), Object(Closure))
#39 C:/xampp/htdocs/ERP_model/vendor/laravel/framework/src/Illuminate/Foundation/Http/Middleware/PreventRequestsDuringMaintenance.php(109): Illuminate/Pipeline/Pipeline->Illuminate/Pipeline/{closure}(Object(Illuminate/Http/Request))
#40 C:/xampp/htdocs/ERP_model/vendor/laravel/framework/src/Illuminate/Pipeline/Pipeline.php(219): Illuminate/Foundation/Http/Middleware/PreventRequestsDuringMaintenance->handle(Object(Illuminate/Http/Request), Object(Closure))
#41 C:/xampp/htdocs/ERP_model/vendor/laravel/framework/src/Illuminate/Http/Middleware/HandleCors.php(61): Illuminate/Pipeline/Pipeline->Illuminate/Pipeline/{closure}(Object(Illuminate/Http/Request))
#42 C:/xampp/htdocs/ERP_model/vendor/laravel/framework/src/Illuminate/Pipeline/Pipeline.php(219): Illuminate/Http/Middleware/HandleCors->handle(Object(Illuminate/Http/Request), Object(Closure))
#43 C:/xampp/htdocs/ERP_model/vendor/laravel/framework/src/Illuminate/Http/Middleware/TrustProxies.php(58): Illuminate/Pipeline/Pipeline->Illuminate/Pipeline/{closure}(Object(Illuminate/Http/Request))
#44 C:/xampp/htdocs/ERP_model/vendor/laravel/framework/src/Illuminate/Pipeline/Pipeline.php(219): Illuminate/Http/Middleware/TrustProxies->handle(Object(Illuminate/Http/Request), Object(Closure))
#45 C:/xampp/htdocs/ERP_model/vendor/laravel/framework/src/Illuminate/Foundation/Http/Middleware/InvokeDeferredCallbacks.php(22): Illuminate/Pipeline/Pipeline->Illuminate/Pipeline/{closure}(Object(Illuminate/Http/Request))
#46 C:/xampp/htdocs/ERP_model/vendor/laravel/framework/src/Illuminate/Pipeline/Pipeline.php(219): Illuminate/Foundation/Http/Middleware/InvokeDeferredCallbacks->handle(Object(Illuminate/Http/Request), Object(Closure))
#47 C:/xampp/htdocs/ERP_model/vendor/laravel/framework/src/Illuminate/Http/Middleware/ValidatePathEncoding.php(26): Illuminate/Pipeline/Pipeline->Illuminate/Pipeline/{closure}(Object(Illuminate/Http/Request))
#48 C:/xampp/htdocs/ERP_model/vendor/laravel/framework/src/Illuminate/Pipeline/Pipeline.php(219): Illuminate/Http/Middleware/ValidatePathEncoding->handle(Object(Illuminate/Http/Request), Object(Closure))
#49 C:/xampp/htdocs/ERP_model/vendor/laravel/framework/src/Illuminate/Pipeline/Pipeline.php(137): Illuminate/Pipeline/Pipeline->Illuminate/Pipeline/{closure}(Object(Illuminate/Http/Request))
#50 C:/xampp/htdocs/ERP_model/vendor/laravel/framework/src/Illuminate/Foundation/Http/Kernel.php(175): Illuminate/Pipeline/Pipeline->then(Object(Closure))
#51 C:/xampp/htdocs/ERP_model/vendor/laravel/framework/src/Illuminate/Foundation/Http/Kernel.php(144): Illuminate/Foundation/Http/Kernel->sendRequestThroughRouter(Object(Illuminate/Http/Request))
#52 C:/xampp/htdocs/ERP_model/vendor/laravel/framework/src/Illuminate/Foundation/Application.php(1220): Illuminate/Foundation/Http/Kernel->handle(Object(Illuminate/Http/Request))
#53 C:/xampp/htdocs/ERP_model/public/index.php(20): Illuminate/Foundation/Application->handleRequest(Object(Illuminate/Http/Request))
#54 C:/xampp/htdocs/ERP_model/vendor/laravel/framework/src/Illuminate/Foundation/resources/server.php(23): require_once('C://xampp//htdocs...')
#55 {main}
"} 
[2026-06-19 07:19:39] local.ERROR: Class "App\Http\Requests\ProductRequest" does not exist {"userId":1,"exception":"[object] (ReflectionException(code: -1): Class \"App\\Http\\Requests\\ProductRequest\" does not exist at C:/xampp/htdocs/ERP_model/vendor/laravel/framework/src/Illuminate/Routing/ResolvesRouteDependencies.php:88)
[stacktrace]
#0 C:/xampp/htdocs/ERP_model/vendor/laravel/framework/src/Illuminate/Routing/ResolvesRouteDependencies.php(88): ReflectionClass->__construct('App//Http//Reques...')
#1 C:/xampp/htdocs/ERP_model/vendor/laravel/framework/src/Illuminate/Routing/ResolvesRouteDependencies.php(51): Illuminate/Routing/ControllerDispatcher->transformDependency(Object(ReflectionParameter), Array, Object(stdClass))
#2 C:/xampp/htdocs/ERP_model/vendor/laravel/framework/src/Illuminate/Routing/ResolvesRouteDependencies.php(30): Illuminate/Routing/ControllerDispatcher->resolveMethodDependencies(Array, Object(ReflectionMethod))
#3 C:/xampp/htdocs/ERP_model/vendor/laravel/framework/src/Illuminate/Routing/ControllerDispatcher.php(59): Illuminate/Routing/ControllerDispatcher->resolveClassMethodDependencies(Array, Object(App/Http/Controllers/Admin/ProductController), 'store')
#4 C:/xampp/htdocs/ERP_model/vendor/laravel/framework/src/Illuminate/Routing/ControllerDispatcher.php(40): Illuminate/Routing/ControllerDispatcher->resolveParameters(Object(Illuminate/Routing/Route), Object(App/Http/Controllers/Admin/ProductController), 'store')
#5 C:/xampp/htdocs/ERP_model/vendor/laravel/framework/src/Illuminate/Routing/Route.php(265): Illuminate/Routing/ControllerDispatcher->dispatch(Object(Illuminate/Routing/Route), Object(App/Http/Controllers/Admin/ProductController), 'store')
#6 C:/xampp/htdocs/ERP_model/vendor/laravel/framework/src/Illuminate/Routing/Route.php(211): Illuminate/Routing/Route->runController()
#7 C:/xampp/htdocs/ERP_model/vendor/laravel/framework/src/Illuminate/Routing/Router.php(822): Illuminate/Routing/Route->run()
#8 C:/xampp/htdocs/ERP_model/vendor/laravel/framework/src/Illuminate/Pipeline/Pipeline.php(180): Illuminate/Routing/Router->Illuminate/Routing/{closure}(Object(Illuminate/Http/Request))
#9 C:/xampp/htdocs/ERP_model/vendor/laravel/framework/src/Illuminate/Routing/Middleware/SubstituteBindings.php(50): Illuminate/Pipeline/Pipeline->Illuminate/Pipeline/{closure}(Object(Illuminate/Http/Request))
#10 C:/xampp/htdocs/ERP_model/vendor/laravel/framework/src/Illuminate/Pipeline/Pipeline.php(219): Illuminate/Routing/Middleware/SubstituteBindings->handle(Object(Illuminate/Http/Request), Object(Closure))
#11 C:/xampp/htdocs/ERP_model/vendor/laravel/framework/src/Illuminate/Auth/Middleware/Authenticate.php(63): Illuminate/Pipeline/Pipeline->Illuminate/Pipeline/{closure}(Object(Illuminate/Http/Request))
#12 C:/xampp/htdocs/ERP_model/vendor/laravel/framework/src/Illuminate/Pipeline/Pipeline.php(219): Illuminate/Auth/Middleware/Authenticate->handle(Object(Illuminate/Http/Request), Object(Closure))
#13 C:/xampp/htdocs/ERP_model/vendor/laravel/framework/src/Illuminate/Foundation/Http/Middleware/VerifyCsrfToken.php(87): Illuminate/Pipeline/Pipeline->Illuminate/Pipeline/{closure}(Object(Illuminate/Http/Request))
#14 C:/xampp/htdocs/ERP_model/vendor/laravel/framework/src/Illuminate/Pipeline/Pipeline.php(219): Illuminate/Foundation/Http/Middleware/VerifyCsrfToken->handle(Object(Illuminate/Http/Request), Object(Closure))
#15 C:/xampp/htdocs/ERP_model/vendor/laravel/framework/src/Illuminate/View/Middleware/ShareErrorsFromSession.php(48): Illuminate/Pipeline/Pipeline->Illuminate/Pipeline/{closure}(Object(Illuminate/Http/Request))
#16 C:/xampp/htdocs/ERP_model/vendor/laravel/framework/src/Illuminate/Pipeline/Pipeline.php(219): Illuminate/View/Middleware/ShareErrorsFromSession->handle(Object(Illuminate/Http/Request), Object(Closure))
#17 C:/xampp/htdocs/ERP_model/vendor/laravel/framework/src/Illuminate/Session/Middleware/StartSession.php(120): Illuminate/Pipeline/Pipeline->Illuminate/Pipeline/{closure}(Object(Illuminate/Http/Request))
#18 C:/xampp/htdocs/ERP_model/vendor/laravel/framework/src/Illuminate/Session/Middleware/StartSession.php(63): Illuminate/Session/Middleware/StartSession->handleStatefulRequest(Object(Illuminate/Http/Request), Object(Illuminate/Session/Store), Object(Closure))
#19 C:/xampp/htdocs/ERP_model/vendor/laravel/framework/src/Illuminate/Pipeline/Pipeline.php(219): Illuminate/Session/Middleware/StartSession->handle(Object(Illuminate/Http/Request), Object(Closure))
#20 C:/xampp/htdocs/ERP_model/vendor/laravel/framework/src/Illuminate/Cookie/Middleware/AddQueuedCookiesToResponse.php(36): Illuminate/Pipeline/Pipeline->Illuminate/Pipeline/{closure}(Object(Illuminate/Http/Request))
#21 C:/xampp/htdocs/ERP_model/vendor/laravel/framework/src/Illuminate/Pipeline/Pipeline.php(219): Illuminate/Cookie/Middleware/AddQueuedCookiesToResponse->handle(Object(Illuminate/Http/Request), Object(Closure))
#22 C:/xampp/htdocs/ERP_model/vendor/laravel/framework/src/Illuminate/Cookie/Middleware/EncryptCookies.php(74): Illuminate/Pipeline/Pipeline->Illuminate/Pipeline/{closure}(Object(Illuminate/Http/Request))
#23 C:/xampp/htdocs/ERP_model/vendor/laravel/framework/src/Illuminate/Pipeline/Pipeline.php(219): Illuminate/Cookie/Middleware/EncryptCookies->handle(Object(Illuminate/Http/Request), Object(Closure))
#24 C:/xampp/htdocs/ERP_model/vendor/laravel/framework/src/Illuminate/Pipeline/Pipeline.php(137): Illuminate/Pipeline/Pipeline->Illuminate/Pipeline/{closure}(Object(Illuminate/Http/Request))
#25 C:/xampp/htdocs/ERP_model/vendor/laravel/framework/src/Illuminate/Routing/Router.php(821): Illuminate/Pipeline/Pipeline->then(Object(Closure))
#26 C:/xampp/htdocs/ERP_model/vendor/laravel/framework/src/Illuminate/Routing/Router.php(800): Illuminate/Routing/Router->runRouteWithinStack(Object(Illuminate/Routing/Route), Object(Illuminate/Http/Request))
#27 C:/xampp/htdocs/ERP_model/vendor/laravel/framework/src/Illuminate/Routing/Router.php(764): Illuminate/Routing/Router->runRoute(Object(Illuminate/Http/Request), Object(Illuminate/Routing/Route))
#28 C:/xampp/htdocs/ERP_model/vendor/laravel/framework/src/Illuminate/Routing/Router.php(753): Illuminate/Routing/Router->dispatchToRoute(Object(Illuminate/Http/Request))
#29 C:/xampp/htdocs/ERP_model/vendor/laravel/framework/src/Illuminate/Foundation/Http/Kernel.php(200): Illuminate/Routing/Router->dispatch(Object(Illuminate/Http/Request))
#30 C:/xampp/htdocs/ERP_model/vendor/laravel/framework/src/Illuminate/Pipeline/Pipeline.php(180): Illuminate/Foundation/Http/Kernel->Illuminate/Foundation/Http/{closure}(Object(Illuminate/Http/Request))
#31 C:/xampp/htdocs/ERP_model/vendor/laravel/framework/src/Illuminate/Foundation/Http/Middleware/TransformsRequest.php(21): Illuminate/Pipeline/Pipeline->Illuminate/Pipeline/{closure}(Object(Illuminate/Http/Request))
#32 C:/xampp/htdocs/ERP_model/vendor/laravel/framework/src/Illuminate/Foundation/Http/Middleware/ConvertEmptyStringsToNull.php(31): Illuminate/Foundation/Http/Middleware/TransformsRequest->handle(Object(Illuminate/Http/Request), Object(Closure))
#33 C:/xampp/htdocs/ERP_model/vendor/laravel/framework/src/Illuminate/Pipeline/Pipeline.php(219): Illuminate/Foundation/Http/Middleware/ConvertEmptyStringsToNull->handle(Object(Illuminate/Http/Request), Object(Closure))
#34 C:/xampp/htdocs/ERP_model/vendor/laravel/framework/src/Illuminate/Foundation/Http/Middleware/TransformsRequest.php(21): Illuminate/Pipeline/Pipeline->Illuminate/Pipeline/{closure}(Object(Illuminate/Http/Request))
#35 C:/xampp/htdocs/ERP_model/vendor/laravel/framework/src/Illuminate/Foundation/Http/Middleware/TrimStrings.php(51): Illuminate/Foundation/Http/Middleware/TransformsRequest->handle(Object(Illuminate/Http/Request), Object(Closure))
#36 C:/xampp/htdocs/ERP_model/vendor/laravel/framework/src/Illuminate/Pipeline/Pipeline.php(219): Illuminate/Foundation/Http/Middleware/TrimStrings->handle(Object(Illuminate/Http/Request), Object(Closure))
#37 C:/xampp/htdocs/ERP_model/vendor/laravel/framework/src/Illuminate/Http/Middleware/ValidatePostSize.php(27): Illuminate/Pipeline/Pipeline->Illuminate/Pipeline/{closure}(Object(Illuminate/Http/Request))
#38 C:/xampp/htdocs/ERP_model/vendor/laravel/framework/src/Illuminate/Pipeline/Pipeline.php(219): Illuminate/Http/Middleware/ValidatePostSize->handle(Object(Illuminate/Http/Request), Object(Closure))
#39 C:/xampp/htdocs/ERP_model/vendor/laravel/framework/src/Illuminate/Foundation/Http/Middleware/PreventRequestsDuringMaintenance.php(109): Illuminate/Pipeline/Pipeline->Illuminate/Pipeline/{closure}(Object(Illuminate/Http/Request))
#40 C:/xampp/htdocs/ERP_model/vendor/laravel/framework/src/Illuminate/Pipeline/Pipeline.php(219): Illuminate/Foundation/Http/Middleware/PreventRequestsDuringMaintenance->handle(Object(Illuminate/Http/Request), Object(Closure))
#41 C:/xampp/htdocs/ERP_model/vendor/laravel/framework/src/Illuminate/Http/Middleware/HandleCors.php(61): Illuminate/Pipeline/Pipeline->Illuminate/Pipeline/{closure}(Object(Illuminate/Http/Request))
#42 C:/xampp/htdocs/ERP_model/vendor/laravel/framework/src/Illuminate/Pipeline/Pipeline.php(219): Illuminate/Http/Middleware/HandleCors->handle(Object(Illuminate/Http/Request), Object(Closure))
#43 C:/xampp/htdocs/ERP_model/vendor/laravel/framework/src/Illuminate/Http/Middleware/TrustProxies.php(58): Illuminate/Pipeline/Pipeline->Illuminate/Pipeline/{closure}(Object(Illuminate/Http/Request))
#44 C:/xampp/htdocs/ERP_model/vendor/laravel/framework/src/Illuminate/Pipeline/Pipeline.php(219): Illuminate/Http/Middleware/TrustProxies->handle(Object(Illuminate/Http/Request), Object(Closure))
#45 C:/xampp/htdocs/ERP_model/vendor/laravel/framework/src/Illuminate/Foundation/Http/Middleware/InvokeDeferredCallbacks.php(22): Illuminate/Pipeline/Pipeline->Illuminate/Pipeline/{closure}(Object(Illuminate/Http/Request))
#46 C:/xampp/htdocs/ERP_model/vendor/laravel/framework/src/Illuminate/Pipeline/Pipeline.php(219): Illuminate/Foundation/Http/Middleware/InvokeDeferredCallbacks->handle(Object(Illuminate/Http/Request), Object(Closure))
#47 C:/xampp/htdocs/ERP_model/vendor/laravel/framework/src/Illuminate/Http/Middleware/ValidatePathEncoding.php(26): Illuminate/Pipeline/Pipeline->Illuminate/Pipeline/{closure}(Object(Illuminate/Http/Request))
#48 C:/xampp/htdocs/ERP_model/vendor/laravel/framework/src/Illuminate/Pipeline/Pipeline.php(219): Illuminate/Http/Middleware/ValidatePathEncoding->handle(Object(Illuminate/Http/Request), Object(Closure))
#49 C:/xampp/htdocs/ERP_model/vendor/laravel/framework/src/Illuminate/Pipeline/Pipeline.php(137): Illuminate/Pipeline/Pipeline->Illuminate/Pipeline/{closure}(Object(Illuminate/Http/Request))
#50 C:/xampp/htdocs/ERP_model/vendor/laravel/framework/src/Illuminate/Foundation/Http/Kernel.php(175): Illuminate/Pipeline/Pipeline->then(Object(Closure))
#51 C:/xampp/htdocs/ERP_model/vendor/laravel/framework/src/Illuminate/Foundation/Http/Kernel.php(144): Illuminate/Foundation/Http/Kernel->sendRequestThroughRouter(Object(Illuminate/Http/Request))
#52 C:/xampp/htdocs/ERP_model/vendor/laravel/framework/src/Illuminate/Foundation/Application.php(1220): Illuminate/Foundation/Http/Kernel->handle(Object(Illuminate/Http/Request))
#53 C:/xampp/htdocs/ERP_model/public/index.php(20): Illuminate/Foundation/Application->handleRequest(Object(Illuminate/Http/Request))
#54 C:/xampp/htdocs/ERP_model/vendor/laravel/framework/src/Illuminate/Foundation/resources/server.php(23): require_once('C://xampp//htdocs...')
#55 {main}
"} 
[2026-06-19 07:20:42] local.ERROR: Class "App\Http\Requests\ProductRequest" does not exist {"userId":1,"exception":"[object] (ReflectionException(code: -1): Class \"App\\Http\\Requests\\ProductRequest\" does not exist at C:/xampp/htdocs/ERP_model/vendor/laravel/framework/src/Illuminate/Routing/ResolvesRouteDependencies.php:88)
[stacktrace]
#0 C:/xampp/htdocs/ERP_model/vendor/laravel/framework/src/Illuminate/Routing/ResolvesRouteDependencies.php(88): ReflectionClass->__construct('App//Http//Reques...')
#1 C:/xampp/htdocs/ERP_model/vendor/laravel/framework/src/Illuminate/Routing/ResolvesRouteDependencies.php(51): Illuminate/Routing/ControllerDispatcher->transformDependency(Object(ReflectionParameter), Array, Object(stdClass))
#2 C:/xampp/htdocs/ERP_model/vendor/laravel/framework/src/Illuminate/Routing/ResolvesRouteDependencies.php(30): Illuminate/Routing/ControllerDispatcher->resolveMethodDependencies(Array, Object(ReflectionMethod))
#3 C:/xampp/htdocs/ERP_model/vendor/laravel/framework/src/Illuminate/Routing/ControllerDispatcher.php(59): Illuminate/Routing/ControllerDispatcher->resolveClassMethodDependencies(Array, Object(App/Http/Controllers/Admin/ProductController), 'store')
#4 C:/xampp/htdocs/ERP_model/vendor/laravel/framework/src/Illuminate/Routing/ControllerDispatcher.php(40): Illuminate/Routing/ControllerDispatcher->resolveParameters(Object(Illuminate/Routing/Route), Object(App/Http/Controllers/Admin/ProductController), 'store')
#5 C:/xampp/htdocs/ERP_model/vendor/laravel/framework/src/Illuminate/Routing/Route.php(265): Illuminate/Routing/ControllerDispatcher->dispatch(Object(Illuminate/Routing/Route), Object(App/Http/Controllers/Admin/ProductController), 'store')
#6 C:/xampp/htdocs/ERP_model/vendor/laravel/framework/src/Illuminate/Routing/Route.php(211): Illuminate/Routing/Route->runController()
#7 C:/xampp/htdocs/ERP_model/vendor/laravel/framework/src/Illuminate/Routing/Router.php(822): Illuminate/Routing/Route->run()
#8 C:/xampp/htdocs/ERP_model/vendor/laravel/framework/src/Illuminate/Pipeline/Pipeline.php(180): Illuminate/Routing/Router->Illuminate/Routing/{closure}(Object(Illuminate/Http/Request))
#9 C:/xampp/htdocs/ERP_model/vendor/laravel/framework/src/Illuminate/Routing/Middleware/SubstituteBindings.php(50): Illuminate/Pipeline/Pipeline->Illuminate/Pipeline/{closure}(Object(Illuminate/Http/Request))
#10 C:/xampp/htdocs/ERP_model/vendor/laravel/framework/src/Illuminate/Pipeline/Pipeline.php(219): Illuminate/Routing/Middleware/SubstituteBindings->handle(Object(Illuminate/Http/Request), Object(Closure))
#11 C:/xampp/htdocs/ERP_model/vendor/laravel/framework/src/Illuminate/Auth/Middleware/Authenticate.php(63): Illuminate/Pipeline/Pipeline->Illuminate/Pipeline/{closure}(Object(Illuminate/Http/Request))
#12 C:/xampp/htdocs/ERP_model/vendor/laravel/framework/src/Illuminate/Pipeline/Pipeline.php(219): Illuminate/Auth/Middleware/Authenticate->handle(Object(Illuminate/Http/Request), Object(Closure))
#13 C:/xampp/htdocs/ERP_model/vendor/laravel/framework/src/Illuminate/Foundation/Http/Middleware/VerifyCsrfToken.php(87): Illuminate/Pipeline/Pipeline->Illuminate/Pipeline/{closure}(Object(Illuminate/Http/Request))
#14 C:/xampp/htdocs/ERP_model/vendor/laravel/framework/src/Illuminate/Pipeline/Pipeline.php(219): Illuminate/Foundation/Http/Middleware/VerifyCsrfToken->handle(Object(Illuminate/Http/Request), Object(Closure))
#15 C:/xampp/htdocs/ERP_model/vendor/laravel/framework/src/Illuminate/View/Middleware/ShareErrorsFromSession.php(48): Illuminate/Pipeline/Pipeline->Illuminate/Pipeline/{closure}(Object(Illuminate/Http/Request))
#16 C:/xampp/htdocs/ERP_model/vendor/laravel/framework/src/Illuminate/Pipeline/Pipeline.php(219): Illuminate/View/Middleware/ShareErrorsFromSession->handle(Object(Illuminate/Http/Request), Object(Closure))
#17 C:/xampp/htdocs/ERP_model/vendor/laravel/framework/src/Illuminate/Session/Middleware/StartSession.php(120): Illuminate/Pipeline/Pipeline->Illuminate/Pipeline/{closure}(Object(Illuminate/Http/Request))
#18 C:/xampp/htdocs/ERP_model/vendor/laravel/framework/src/Illuminate/Session/Middleware/StartSession.php(63): Illuminate/Session/Middleware/StartSession->handleStatefulRequest(Object(Illuminate/Http/Request), Object(Illuminate/Session/Store), Object(Closure))
#19 C:/xampp/htdocs/ERP_model/vendor/laravel/framework/src/Illuminate/Pipeline/Pipeline.php(219): Illuminate/Session/Middleware/StartSession->handle(Object(Illuminate/Http/Request), Object(Closure))
#20 C:/xampp/htdocs/ERP_model/vendor/laravel/framework/src/Illuminate/Cookie/Middleware/AddQueuedCookiesToResponse.php(36): Illuminate/Pipeline/Pipeline->Illuminate/Pipeline/{closure}(Object(Illuminate/Http/Request))
#21 C:/xampp/htdocs/ERP_model/vendor/laravel/framework/src/Illuminate/Pipeline/Pipeline.php(219): Illuminate/Cookie/Middleware/AddQueuedCookiesToResponse->handle(Object(Illuminate/Http/Request), Object(Closure))
#22 C:/xampp/htdocs/ERP_model/vendor/laravel/framework/src/Illuminate/Cookie/Middleware/EncryptCookies.php(74): Illuminate/Pipeline/Pipeline->Illuminate/Pipeline/{closure}(Object(Illuminate/Http/Request))
#23 C:/xampp/htdocs/ERP_model/vendor/laravel/framework/src/Illuminate/Pipeline/Pipeline.php(219): Illuminate/Cookie/Middleware/EncryptCookies->handle(Object(Illuminate/Http/Request), Object(Closure))
#24 C:/xampp/htdocs/ERP_model/vendor/laravel/framework/src/Illuminate/Pipeline/Pipeline.php(137): Illuminate/Pipeline/Pipeline->Illuminate/Pipeline/{closure}(Object(Illuminate/Http/Request))
#25 C:/xampp/htdocs/ERP_model/vendor/laravel/framework/src/Illuminate/Routing/Router.php(821): Illuminate/Pipeline/Pipeline->then(Object(Closure))
#26 C:/xampp/htdocs/ERP_model/vendor/laravel/framework/src/Illuminate/Routing/Router.php(800): Illuminate/Routing/Router->runRouteWithinStack(Object(Illuminate/Routing/Route), Object(Illuminate/Http/Request))
#27 C:/xampp/htdocs/ERP_model/vendor/laravel/framework/src/Illuminate/Routing/Router.php(764): Illuminate/Routing/Router->runRoute(Object(Illuminate/Http/Request), Object(Illuminate/Routing/Route))
#28 C:/xampp/htdocs/ERP_model/vendor/laravel/framework/src/Illuminate/Routing/Router.php(753): Illuminate/Routing/Router->dispatchToRoute(Object(Illuminate/Http/Request))
#29 C:/xampp/htdocs/ERP_model/vendor/laravel/framework/src/Illuminate/Foundation/Http/Kernel.php(200): Illuminate/Routing/Router->dispatch(Object(Illuminate/Http/Request))
#30 C:/xampp/htdocs/ERP_model/vendor/laravel/framework/src/Illuminate/Pipeline/Pipeline.php(180): Illuminate/Foundation/Http/Kernel->Illuminate/Foundation/Http/{closure}(Object(Illuminate/Http/Request))
#31 C:/xampp/htdocs/ERP_model/vendor/laravel/framework/src/Illuminate/Foundation/Http/Middleware/TransformsRequest.php(21): Illuminate/Pipeline/Pipeline->Illuminate/Pipeline/{closure}(Object(Illuminate/Http/Request))
#32 C:/xampp/htdocs/ERP_model/vendor/laravel/framework/src/Illuminate/Foundation/Http/Middleware/ConvertEmptyStringsToNull.php(31): Illuminate/Foundation/Http/Middleware/TransformsRequest->handle(Object(Illuminate/Http/Request), Object(Closure))
#33 C:/xampp/htdocs/ERP_model/vendor/laravel/framework/src/Illuminate/Pipeline/Pipeline.php(219): Illuminate/Foundation/Http/Middleware/ConvertEmptyStringsToNull->handle(Object(Illuminate/Http/Request), Object(Closure))
#34 C:/xampp/htdocs/ERP_model/vendor/laravel/framework/src/Illuminate/Foundation/Http/Middleware/TransformsRequest.php(21): Illuminate/Pipeline/Pipeline->Illuminate/Pipeline/{closure}(Object(Illuminate/Http/Request))
#35 C:/xampp/htdocs/ERP_model/vendor/laravel/framework/src/Illuminate/Foundation/Http/Middleware/TrimStrings.php(51): Illuminate/Foundation/Http/Middleware/TransformsRequest->handle(Object(Illuminate/Http/Request), Object(Closure))
#36 C:/xampp/htdocs/ERP_model/vendor/laravel/framework/src/Illuminate/Pipeline/Pipeline.php(219): Illuminate/Foundation/Http/Middleware/TrimStrings->handle(Object(Illuminate/Http/Request), Object(Closure))
#37 C:/xampp/htdocs/ERP_model/vendor/laravel/framework/src/Illuminate/Http/Middleware/ValidatePostSize.php(27): Illuminate/Pipeline/Pipeline->Illuminate/Pipeline/{closure}(Object(Illuminate/Http/Request))
#38 C:/xampp/htdocs/ERP_model/vendor/laravel/framework/src/Illuminate/Pipeline/Pipeline.php(219): Illuminate/Http/Middleware/ValidatePostSize->handle(Object(Illuminate/Http/Request), Object(Closure))
#39 C:/xampp/htdocs/ERP_model/vendor/laravel/framework/src/Illuminate/Foundation/Http/Middleware/PreventRequestsDuringMaintenance.php(109): Illuminate/Pipeline/Pipeline->Illuminate/Pipeline/{closure}(Object(Illuminate/Http/Request))
#40 C:/xampp/htdocs/ERP_model/vendor/laravel/framework/src/Illuminate/Pipeline/Pipeline.php(219): Illuminate/Foundation/Http/Middleware/PreventRequestsDuringMaintenance->handle(Object(Illuminate/Http/Request), Object(Closure))
#41 C:/xampp/htdocs/ERP_model/vendor/laravel/framework/src/Illuminate/Http/Middleware/HandleCors.php(61): Illuminate/Pipeline/Pipeline->Illuminate/Pipeline/{closure}(Object(Illuminate/Http/Request))
#42 C:/xampp/htdocs/ERP_model/vendor/laravel/framework/src/Illuminate/Pipeline/Pipeline.php(219): Illuminate/Http/Middleware/HandleCors->handle(Object(Illuminate/Http/Request), Object(Closure))
#43 C:/xampp/htdocs/ERP_model/vendor/laravel/framework/src/Illuminate/Http/Middleware/TrustProxies.php(58): Illuminate/Pipeline/Pipeline->Illuminate/Pipeline/{closure}(Object(Illuminate/Http/Request))
#44 C:/xampp/htdocs/ERP_model/vendor/laravel/framework/src/Illuminate/Pipeline/Pipeline.php(219): Illuminate/Http/Middleware/TrustProxies->handle(Object(Illuminate/Http/Request), Object(Closure))
#45 C:/xampp/htdocs/ERP_model/vendor/laravel/framework/src/Illuminate/Foundation/Http/Middleware/InvokeDeferredCallbacks.php(22): Illuminate/Pipeline/Pipeline->Illuminate/Pipeline/{closure}(Object(Illuminate/Http/Request))
#46 C:/xampp/htdocs/ERP_model/vendor/laravel/framework/src/Illuminate/Pipeline/Pipeline.php(219): Illuminate/Foundation/Http/Middleware/InvokeDeferredCallbacks->handle(Object(Illuminate/Http/Request), Object(Closure))
#47 C:/xampp/htdocs/ERP_model/vendor/laravel/framework/src/Illuminate/Http/Middleware/ValidatePathEncoding.php(26): Illuminate/Pipeline/Pipeline->Illuminate/Pipeline/{closure}(Object(Illuminate/Http/Request))
#48 C:/xampp/htdocs/ERP_model/vendor/laravel/framework/src/Illuminate/Pipeline/Pipeline.php(219): Illuminate/Http/Middleware/ValidatePathEncoding->handle(Object(Illuminate/Http/Request), Object(Closure))
#49 C:/xampp/htdocs/ERP_model/vendor/laravel/framework/src/Illuminate/Pipeline/Pipeline.php(137): Illuminate/Pipeline/Pipeline->Illuminate/Pipeline/{closure}(Object(Illuminate/Http/Request))
#50 C:/xampp/htdocs/ERP_model/vendor/laravel/framework/src/Illuminate/Foundation/Http/Kernel.php(175): Illuminate/Pipeline/Pipeline->then(Object(Closure))
#51 C:/xampp/htdocs/ERP_model/vendor/laravel/framework/src/Illuminate/Foundation/Http/Kernel.php(144): Illuminate/Foundation/Http/Kernel->sendRequestThroughRouter(Object(Illuminate/Http/Request))
#52 C:/xampp/htdocs/ERP_model/vendor/laravel/framework/src/Illuminate/Foundation/Application.php(1220): Illuminate/Foundation/Http/Kernel->handle(Object(Illuminate/Http/Request))
#53 C:/xampp/htdocs/ERP_model/public/index.php(20): Illuminate/Foundation/Application->handleRequest(Object(Illuminate/Http/Request))
#54 C:/xampp/htdocs/ERP_model/vendor/laravel/framework/src/Illuminate/Foundation/resources/server.php(23): require_once('C://xampp//htdocs...')
#55 {main}
"} 
[2026-06-19 07:23:35] local.ERROR: Class "App\Http\Requests\ProductRequest" does not exist {"userId":1,"exception":"[object] (ReflectionException(code: -1): Class \"App\\Http\\Requests\\ProductRequest\" does not exist at C:/xampp/htdocs/ERP_model/vendor/laravel/framework/src/Illuminate/Routing/ResolvesRouteDependencies.php:88)
[stacktrace]
#0 C:/xampp/htdocs/ERP_model/vendor/laravel/framework/src/Illuminate/Routing/ResolvesRouteDependencies.php(88): ReflectionClass->__construct('App//Http//Reques...')
#1 C:/xampp/htdocs/ERP_model/vendor/laravel/framework/src/Illuminate/Routing/ResolvesRouteDependencies.php(51): Illuminate/Routing/ControllerDispatcher->transformDependency(Object(ReflectionParameter), Array, Object(stdClass))
#2 C:/xampp/htdocs/ERP_model/vendor/laravel/framework/src/Illuminate/Routing/ResolvesRouteDependencies.php(30): Illuminate/Routing/ControllerDispatcher->resolveMethodDependencies(Array, Object(ReflectionMethod))
#3 C:/xampp/htdocs/ERP_model/vendor/laravel/framework/src/Illuminate/Routing/ControllerDispatcher.php(59): Illuminate/Routing/ControllerDispatcher->resolveClassMethodDependencies(Array, Object(App/Http/Controllers/Admin/ProductController), 'store')
#4 C:/xampp/htdocs/ERP_model/vendor/laravel/framework/src/Illuminate/Routing/ControllerDispatcher.php(40): Illuminate/Routing/ControllerDispatcher->resolveParameters(Object(Illuminate/Routing/Route), Object(App/Http/Controllers/Admin/ProductController), 'store')
#5 C:/xampp/htdocs/ERP_model/vendor/laravel/framework/src/Illuminate/Routing/Route.php(265): Illuminate/Routing/ControllerDispatcher->dispatch(Object(Illuminate/Routing/Route), Object(App/Http/Controllers/Admin/ProductController), 'store')
#6 C:/xampp/htdocs/ERP_model/vendor/laravel/framework/src/Illuminate/Routing/Route.php(211): Illuminate/Routing/Route->runController()
#7 C:/xampp/htdocs/ERP_model/vendor/laravel/framework/src/Illuminate/Routing/Router.php(822): Illuminate/Routing/Route->run()
#8 C:/xampp/htdocs/ERP_model/vendor/laravel/framework/src/Illuminate/Pipeline/Pipeline.php(180): Illuminate/Routing/Router->Illuminate/Routing/{closure}(Object(Illuminate/Http/Request))
#9 C:/xampp/htdocs/ERP_model/vendor/laravel/framework/src/Illuminate/Routing/Middleware/SubstituteBindings.php(50): Illuminate/Pipeline/Pipeline->Illuminate/Pipeline/{closure}(Object(Illuminate/Http/Request))
#10 C:/xampp/htdocs/ERP_model/vendor/laravel/framework/src/Illuminate/Pipeline/Pipeline.php(219): Illuminate/Routing/Middleware/SubstituteBindings->handle(Object(Illuminate/Http/Request), Object(Closure))
#11 C:/xampp/htdocs/ERP_model/vendor/laravel/framework/src/Illuminate/Auth/Middleware/Authenticate.php(63): Illuminate/Pipeline/Pipeline->Illuminate/Pipeline/{closure}(Object(Illuminate/Http/Request))
#12 C:/xampp/htdocs/ERP_model/vendor/laravel/framework/src/Illuminate/Pipeline/Pipeline.php(219): Illuminate/Auth/Middleware/Authenticate->handle(Object(Illuminate/Http/Request), Object(Closure))
#13 C:/xampp/htdocs/ERP_model/vendor/laravel/framework/src/Illuminate/Foundation/Http/Middleware/VerifyCsrfToken.php(87): Illuminate/Pipeline/Pipeline->Illuminate/Pipeline/{closure}(Object(Illuminate/Http/Request))
#14 C:/xampp/htdocs/ERP_model/vendor/laravel/framework/src/Illuminate/Pipeline/Pipeline.php(219): Illuminate/Foundation/Http/Middleware/VerifyCsrfToken->handle(Object(Illuminate/Http/Request), Object(Closure))
#15 C:/xampp/htdocs/ERP_model/vendor/laravel/framework/src/Illuminate/View/Middleware/ShareErrorsFromSession.php(48): Illuminate/Pipeline/Pipeline->Illuminate/Pipeline/{closure}(Object(Illuminate/Http/Request))
#16 C:/xampp/htdocs/ERP_model/vendor/laravel/framework/src/Illuminate/Pipeline/Pipeline.php(219): Illuminate/View/Middleware/ShareErrorsFromSession->handle(Object(Illuminate/Http/Request), Object(Closure))
#17 C:/xampp/htdocs/ERP_model/vendor/laravel/framework/src/Illuminate/Session/Middleware/StartSession.php(120): Illuminate/Pipeline/Pipeline->Illuminate/Pipeline/{closure}(Object(Illuminate/Http/Request))
#18 C:/xampp/htdocs/ERP_model/vendor/laravel/framework/src/Illuminate/Session/Middleware/StartSession.php(63): Illuminate/Session/Middleware/StartSession->handleStatefulRequest(Object(Illuminate/Http/Request), Object(Illuminate/Session/Store), Object(Closure))
#19 C:/xampp/htdocs/ERP_model/vendor/laravel/framework/src/Illuminate/Pipeline/Pipeline.php(219): Illuminate/Session/Middleware/StartSession->handle(Object(Illuminate/Http/Request), Object(Closure))
#20 C:/xampp/htdocs/ERP_model/vendor/laravel/framework/src/Illuminate/Cookie/Middleware/AddQueuedCookiesToResponse.php(36): Illuminate/Pipeline/Pipeline->Illuminate/Pipeline/{closure}(Object(Illuminate/Http/Request))
#21 C:/xampp/htdocs/ERP_model/vendor/laravel/framework/src/Illuminate/Pipeline/Pipeline.php(219): Illuminate/Cookie/Middleware/AddQueuedCookiesToResponse->handle(Object(Illuminate/Http/Request), Object(Closure))
#22 C:/xampp/htdocs/ERP_model/vendor/laravel/framework/src/Illuminate/Cookie/Middleware/EncryptCookies.php(74): Illuminate/Pipeline/Pipeline->Illuminate/Pipeline/{closure}(Object(Illuminate/Http/Request))
#23 C:/xampp/htdocs/ERP_model/vendor/laravel/framework/src/Illuminate/Pipeline/Pipeline.php(219): Illuminate/Cookie/Middleware/EncryptCookies->handle(Object(Illuminate/Http/Request), Object(Closure))
#24 C:/xampp/htdocs/ERP_model/vendor/laravel/framework/src/Illuminate/Pipeline/Pipeline.php(137): Illuminate/Pipeline/Pipeline->Illuminate/Pipeline/{closure}(Object(Illuminate/Http/Request))
#25 C:/xampp/htdocs/ERP_model/vendor/laravel/framework/src/Illuminate/Routing/Router.php(821): Illuminate/Pipeline/Pipeline->then(Object(Closure))
#26 C:/xampp/htdocs/ERP_model/vendor/laravel/framework/src/Illuminate/Routing/Router.php(800): Illuminate/Routing/Router->runRouteWithinStack(Object(Illuminate/Routing/Route), Object(Illuminate/Http/Request))
#27 C:/xampp/htdocs/ERP_model/vendor/laravel/framework/src/Illuminate/Routing/Router.php(764): Illuminate/Routing/Router->runRoute(Object(Illuminate/Http/Request), Object(Illuminate/Routing/Route))
#28 C:/xampp/htdocs/ERP_model/vendor/laravel/framework/src/Illuminate/Routing/Router.php(753): Illuminate/Routing/Router->dispatchToRoute(Object(Illuminate/Http/Request))
#29 C:/xampp/htdocs/ERP_model/vendor/laravel/framework/src/Illuminate/Foundation/Http/Kernel.php(200): Illuminate/Routing/Router->dispatch(Object(Illuminate/Http/Request))
#30 C:/xampp/htdocs/ERP_model/vendor/laravel/framework/src/Illuminate/Pipeline/Pipeline.php(180): Illuminate/Foundation/Http/Kernel->Illuminate/Foundation/Http/{closure}(Object(Illuminate/Http/Request))
#31 C:/xampp/htdocs/ERP_model/vendor/laravel/framework/src/Illuminate/Foundation/Http/Middleware/TransformsRequest.php(21): Illuminate/Pipeline/Pipeline->Illuminate/Pipeline/{closure}(Object(Illuminate/Http/Request))
#32 C:/xampp/htdocs/ERP_model/vendor/laravel/framework/src/Illuminate/Foundation/Http/Middleware/ConvertEmptyStringsToNull.php(31): Illuminate/Foundation/Http/Middleware/TransformsRequest->handle(Object(Illuminate/Http/Request), Object(Closure))
#33 C:/xampp/htdocs/ERP_model/vendor/laravel/framework/src/Illuminate/Pipeline/Pipeline.php(219): Illuminate/Foundation/Http/Middleware/ConvertEmptyStringsToNull->handle(Object(Illuminate/Http/Request), Object(Closure))
#34 C:/xampp/htdocs/ERP_model/vendor/laravel/framework/src/Illuminate/Foundation/Http/Middleware/TransformsRequest.php(21): Illuminate/Pipeline/Pipeline->Illuminate/Pipeline/{closure}(Object(Illuminate/Http/Request))
#35 C:/xampp/htdocs/ERP_model/vendor/laravel/framework/src/Illuminate/Foundation/Http/Middleware/TrimStrings.php(51): Illuminate/Foundation/Http/Middleware/TransformsRequest->handle(Object(Illuminate/Http/Request), Object(Closure))
#36 C:/xampp/htdocs/ERP_model/vendor/laravel/framework/src/Illuminate/Pipeline/Pipeline.php(219): Illuminate/Foundation/Http/Middleware/TrimStrings->handle(Object(Illuminate/Http/Request), Object(Closure))
#37 C:/xampp/htdocs/ERP_model/vendor/laravel/framework/src/Illuminate/Http/Middleware/ValidatePostSize.php(27): Illuminate/Pipeline/Pipeline->Illuminate/Pipeline/{closure}(Object(Illuminate/Http/Request))
#38 C:/xampp/htdocs/ERP_model/vendor/laravel/framework/src/Illuminate/Pipeline/Pipeline.php(219): Illuminate/Http/Middleware/ValidatePostSize->handle(Object(Illuminate/Http/Request), Object(Closure))
#39 C:/xampp/htdocs/ERP_model/vendor/laravel/framework/src/Illuminate/Foundation/Http/Middleware/PreventRequestsDuringMaintenance.php(109): Illuminate/Pipeline/Pipeline->Illuminate/Pipeline/{closure}(Object(Illuminate/Http/Request))
#40 C:/xampp/htdocs/ERP_model/vendor/laravel/framework/src/Illuminate/Pipeline/Pipeline.php(219): Illuminate/Foundation/Http/Middleware/PreventRequestsDuringMaintenance->handle(Object(Illuminate/Http/Request), Object(Closure))
#41 C:/xampp/htdocs/ERP_model/vendor/laravel/framework/src/Illuminate/Http/Middleware/HandleCors.php(61): Illuminate/Pipeline/Pipeline->Illuminate/Pipeline/{closure}(Object(Illuminate/Http/Request))
#42 C:/xampp/htdocs/ERP_model/vendor/laravel/framework/src/Illuminate/Pipeline/Pipeline.php(219): Illuminate/Http/Middleware/HandleCors->handle(Object(Illuminate/Http/Request), Object(Closure))
#43 C:/xampp/htdocs/ERP_model/vendor/laravel/framework/src/Illuminate/Http/Middleware/TrustProxies.php(58): Illuminate/Pipeline/Pipeline->Illuminate/Pipeline/{closure}(Object(Illuminate/Http/Request))
#44 C:/xampp/htdocs/ERP_model/vendor/laravel/framework/src/Illuminate/Pipeline/Pipeline.php(219): Illuminate/Http/Middleware/TrustProxies->handle(Object(Illuminate/Http/Request), Object(Closure))
#45 C:/xampp/htdocs/ERP_model/vendor/laravel/framework/src/Illuminate/Foundation/Http/Middleware/InvokeDeferredCallbacks.php(22): Illuminate/Pipeline/Pipeline->Illuminate/Pipeline/{closure}(Object(Illuminate/Http/Request))
#46 C:/xampp/htdocs/ERP_model/vendor/laravel/framework/src/Illuminate/Pipeline/Pipeline.php(219): Illuminate/Foundation/Http/Middleware/InvokeDeferredCallbacks->handle(Object(Illuminate/Http/Request), Object(Closure))
#47 C:/xampp/htdocs/ERP_model/vendor/laravel/framework/src/Illuminate/Http/Middleware/ValidatePathEncoding.php(26): Illuminate/Pipeline/Pipeline->Illuminate/Pipeline/{closure}(Object(Illuminate/Http/Request))
#48 C:/xampp/htdocs/ERP_model/vendor/laravel/framework/src/Illuminate/Pipeline/Pipeline.php(219): Illuminate/Http/Middleware/ValidatePathEncoding->handle(Object(Illuminate/Http/Request), Object(Closure))
#49 C:/xampp/htdocs/ERP_model/vendor/laravel/framework/src/Illuminate/Pipeline/Pipeline.php(137): Illuminate/Pipeline/Pipeline->Illuminate/Pipeline/{closure}(Object(Illuminate/Http/Request))
#50 C:/xampp/htdocs/ERP_model/vendor/laravel/framework/src/Illuminate/Foundation/Http/Kernel.php(175): Illuminate/Pipeline/Pipeline->then(Object(Closure))
#51 C:/xampp/htdocs/ERP_model/vendor/laravel/framework/src/Illuminate/Foundation/Http/Kernel.php(144): Illuminate/Foundation/Http/Kernel->sendRequestThroughRouter(Object(Illuminate/Http/Request))
#52 C:/xampp/htdocs/ERP_model/vendor/laravel/framework/src/Illuminate/Foundation/Application.php(1220): Illuminate/Foundation/Http/Kernel->handle(Object(Illuminate/Http/Request))
#53 C:/xampp/htdocs/ERP_model/public/index.php(20): Illuminate/Foundation/Application->handleRequest(Object(Illuminate/Http/Request))
#54 C:/xampp/htdocs/ERP_model/vendor/laravel/framework/src/Illuminate/Foundation/resources/server.php(23): require_once('C://xampp//htdocs...')
#55 {main}
"} 
[2026-06-19 07:23:40] local.ERROR: Class "App\Http\Requests\ProductRequest" does not exist {"userId":1,"exception":"[object] (ReflectionException(code: -1): Class \"App\\Http\\Requests\\ProductRequest\" does not exist at C:/xampp/htdocs/ERP_model/vendor/laravel/framework/src/Illuminate/Routing/ResolvesRouteDependencies.php:88)
[stacktrace]
#0 C:/xampp/htdocs/ERP_model/vendor/laravel/framework/src/Illuminate/Routing/ResolvesRouteDependencies.php(88): ReflectionClass->__construct('App//Http//Reques...')
#1 C:/xampp/htdocs/ERP_model/vendor/laravel/framework/src/Illuminate/Routing/ResolvesRouteDependencies.php(51): Illuminate/Routing/ControllerDispatcher->transformDependency(Object(ReflectionParameter), Array, Object(stdClass))
#2 C:/xampp/htdocs/ERP_model/vendor/laravel/framework/src/Illuminate/Routing/ResolvesRouteDependencies.php(30): Illuminate/Routing/ControllerDispatcher->resolveMethodDependencies(Array, Object(ReflectionMethod))
#3 C:/xampp/htdocs/ERP_model/vendor/laravel/framework/src/Illuminate/Routing/ControllerDispatcher.php(59): Illuminate/Routing/ControllerDispatcher->resolveClassMethodDependencies(Array, Object(App/Http/Controllers/Admin/ProductController), 'store')
#4 C:/xampp/htdocs/ERP_model/vendor/laravel/framework/src/Illuminate/Routing/ControllerDispatcher.php(40): Illuminate/Routing/ControllerDispatcher->resolveParameters(Object(Illuminate/Routing/Route), Object(App/Http/Controllers/Admin/ProductController), 'store')
#5 C:/xampp/htdocs/ERP_model/vendor/laravel/framework/src/Illuminate/Routing/Route.php(265): Illuminate/Routing/ControllerDispatcher->dispatch(Object(Illuminate/Routing/Route), Object(App/Http/Controllers/Admin/ProductController), 'store')
#6 C:/xampp/htdocs/ERP_model/vendor/laravel/framework/src/Illuminate/Routing/Route.php(211): Illuminate/Routing/Route->runController()
#7 C:/xampp/htdocs/ERP_model/vendor/laravel/framework/src/Illuminate/Routing/Router.php(822): Illuminate/Routing/Route->run()
#8 C:/xampp/htdocs/ERP_model/vendor/laravel/framework/src/Illuminate/Pipeline/Pipeline.php(180): Illuminate/Routing/Router->Illuminate/Routing/{closure}(Object(Illuminate/Http/Request))
#9 C:/xampp/htdocs/ERP_model/vendor/laravel/framework/src/Illuminate/Routing/Middleware/SubstituteBindings.php(50): Illuminate/Pipeline/Pipeline->Illuminate/Pipeline/{closure}(Object(Illuminate/Http/Request))
#10 C:/xampp/htdocs/ERP_model/vendor/laravel/framework/src/Illuminate/Pipeline/Pipeline.php(219): Illuminate/Routing/Middleware/SubstituteBindings->handle(Object(Illuminate/Http/Request), Object(Closure))
#11 C:/xampp/htdocs/ERP_model/vendor/laravel/framework/src/Illuminate/Auth/Middleware/Authenticate.php(63): Illuminate/Pipeline/Pipeline->Illuminate/Pipeline/{closure}(Object(Illuminate/Http/Request))
#12 C:/xampp/htdocs/ERP_model/vendor/laravel/framework/src/Illuminate/Pipeline/Pipeline.php(219): Illuminate/Auth/Middleware/Authenticate->handle(Object(Illuminate/Http/Request), Object(Closure))
#13 C:/xampp/htdocs/ERP_model/vendor/laravel/framework/src/Illuminate/Foundation/Http/Middleware/VerifyCsrfToken.php(87): Illuminate/Pipeline/Pipeline->Illuminate/Pipeline/{closure}(Object(Illuminate/Http/Request))
#14 C:/xampp/htdocs/ERP_model/vendor/laravel/framework/src/Illuminate/Pipeline/Pipeline.php(219): Illuminate/Foundation/Http/Middleware/VerifyCsrfToken->handle(Object(Illuminate/Http/Request), Object(Closure))
#15 C:/xampp/htdocs/ERP_model/vendor/laravel/framework/src/Illuminate/View/Middleware/ShareErrorsFromSession.php(48): Illuminate/Pipeline/Pipeline->Illuminate/Pipeline/{closure}(Object(Illuminate/Http/Request))
#16 C:/xampp/htdocs/ERP_model/vendor/laravel/framework/src/Illuminate/Pipeline/Pipeline.php(219): Illuminate/View/Middleware/ShareErrorsFromSession->handle(Object(Illuminate/Http/Request), Object(Closure))
#17 C:/xampp/htdocs/ERP_model/vendor/laravel/framework/src/Illuminate/Session/Middleware/StartSession.php(120): Illuminate/Pipeline/Pipeline->Illuminate/Pipeline/{closure}(Object(Illuminate/Http/Request))
#18 C:/xampp/htdocs/ERP_model/vendor/laravel/framework/src/Illuminate/Session/Middleware/StartSession.php(63): Illuminate/Session/Middleware/StartSession->handleStatefulRequest(Object(Illuminate/Http/Request), Object(Illuminate/Session/Store), Object(Closure))
#19 C:/xampp/htdocs/ERP_model/vendor/laravel/framework/src/Illuminate/Pipeline/Pipeline.php(219): Illuminate/Session/Middleware/StartSession->handle(Object(Illuminate/Http/Request), Object(Closure))
#20 C:/xampp/htdocs/ERP_model/vendor/laravel/framework/src/Illuminate/Cookie/Middleware/AddQueuedCookiesToResponse.php(36): Illuminate/Pipeline/Pipeline->Illuminate/Pipeline/{closure}(Object(Illuminate/Http/Request))
#21 C:/xampp/htdocs/ERP_model/vendor/laravel/framework/src/Illuminate/Pipeline/Pipeline.php(219): Illuminate/Cookie/Middleware/AddQueuedCookiesToResponse->handle(Object(Illuminate/Http/Request), Object(Closure))
#22 C:/xampp/htdocs/ERP_model/vendor/laravel/framework/src/Illuminate/Cookie/Middleware/EncryptCookies.php(74): Illuminate/Pipeline/Pipeline->Illuminate/Pipeline/{closure}(Object(Illuminate/Http/Request))
#23 C:/xampp/htdocs/ERP_model/vendor/laravel/framework/src/Illuminate/Pipeline/Pipeline.php(219): Illuminate/Cookie/Middleware/EncryptCookies->handle(Object(Illuminate/Http/Request), Object(Closure))
#24 C:/xampp/htdocs/ERP_model/vendor/laravel/framework/src/Illuminate/Pipeline/Pipeline.php(137): Illuminate/Pipeline/Pipeline->Illuminate/Pipeline/{closure}(Object(Illuminate/Http/Request))
#25 C:/xampp/htdocs/ERP_model/vendor/laravel/framework/src/Illuminate/Routing/Router.php(821): Illuminate/Pipeline/Pipeline->then(Object(Closure))
#26 C:/xampp/htdocs/ERP_model/vendor/laravel/framework/src/Illuminate/Routing/Router.php(800): Illuminate/Routing/Router->runRouteWithinStack(Object(Illuminate/Routing/Route), Object(Illuminate/Http/Request))
#27 C:/xampp/htdocs/ERP_model/vendor/laravel/framework/src/Illuminate/Routing/Router.php(764): Illuminate/Routing/Router->runRoute(Object(Illuminate/Http/Request), Object(Illuminate/Routing/Route))
#28 C:/xampp/htdocs/ERP_model/vendor/laravel/framework/src/Illuminate/Routing/Router.php(753): Illuminate/Routing/Router->dispatchToRoute(Object(Illuminate/Http/Request))
#29 C:/xampp/htdocs/ERP_model/vendor/laravel/framework/src/Illuminate/Foundation/Http/Kernel.php(200): Illuminate/Routing/Router->dispatch(Object(Illuminate/Http/Request))
#30 C:/xampp/htdocs/ERP_model/vendor/laravel/framework/src/Illuminate/Pipeline/Pipeline.php(180): Illuminate/Foundation/Http/Kernel->Illuminate/Foundation/Http/{closure}(Object(Illuminate/Http/Request))
#31 C:/xampp/htdocs/ERP_model/vendor/laravel/framework/src/Illuminate/Foundation/Http/Middleware/TransformsRequest.php(21): Illuminate/Pipeline/Pipeline->Illuminate/Pipeline/{closure}(Object(Illuminate/Http/Request))
#32 C:/xampp/htdocs/ERP_model/vendor/laravel/framework/src/Illuminate/Foundation/Http/Middleware/ConvertEmptyStringsToNull.php(31): Illuminate/Foundation/Http/Middleware/TransformsRequest->handle(Object(Illuminate/Http/Request), Object(Closure))
#33 C:/xampp/htdocs/ERP_model/vendor/laravel/framework/src/Illuminate/Pipeline/Pipeline.php(219): Illuminate/Foundation/Http/Middleware/ConvertEmptyStringsToNull->handle(Object(Illuminate/Http/Request), Object(Closure))
#34 C:/xampp/htdocs/ERP_model/vendor/laravel/framework/src/Illuminate/Foundation/Http/Middleware/TransformsRequest.php(21): Illuminate/Pipeline/Pipeline->Illuminate/Pipeline/{closure}(Object(Illuminate/Http/Request))
#35 C:/xampp/htdocs/ERP_model/vendor/laravel/framework/src/Illuminate/Foundation/Http/Middleware/TrimStrings.php(51): Illuminate/Foundation/Http/Middleware/TransformsRequest->handle(Object(Illuminate/Http/Request), Object(Closure))
#36 C:/xampp/htdocs/ERP_model/vendor/laravel/framework/src/Illuminate/Pipeline/Pipeline.php(219): Illuminate/Foundation/Http/Middleware/TrimStrings->handle(Object(Illuminate/Http/Request), Object(Closure))
#37 C:/xampp/htdocs/ERP_model/vendor/laravel/framework/src/Illuminate/Http/Middleware/ValidatePostSize.php(27): Illuminate/Pipeline/Pipeline->Illuminate/Pipeline/{closure}(Object(Illuminate/Http/Request))
#38 C:/xampp/htdocs/ERP_model/vendor/laravel/framework/src/Illuminate/Pipeline/Pipeline.php(219): Illuminate/Http/Middleware/ValidatePostSize->handle(Object(Illuminate/Http/Request), Object(Closure))
#39 C:/xampp/htdocs/ERP_model/vendor/laravel/framework/src/Illuminate/Foundation/Http/Middleware/PreventRequestsDuringMaintenance.php(109): Illuminate/Pipeline/Pipeline->Illuminate/Pipeline/{closure}(Object(Illuminate/Http/Request))
#40 C:/xampp/htdocs/ERP_model/vendor/laravel/framework/src/Illuminate/Pipeline/Pipeline.php(219): Illuminate/Foundation/Http/Middleware/PreventRequestsDuringMaintenance->handle(Object(Illuminate/Http/Request), Object(Closure))
#41 C:/xampp/htdocs/ERP_model/vendor/laravel/framework/src/Illuminate/Http/Middleware/HandleCors.php(61): Illuminate/Pipeline/Pipeline->Illuminate/Pipeline/{closure}(Object(Illuminate/Http/Request))
#42 C:/xampp/htdocs/ERP_model/vendor/laravel/framework/src/Illuminate/Pipeline/Pipeline.php(219): Illuminate/Http/Middleware/HandleCors->handle(Object(Illuminate/Http/Request), Object(Closure))
#43 C:/xampp/htdocs/ERP_model/vendor/laravel/framework/src/Illuminate/Http/Middleware/TrustProxies.php(58): Illuminate/Pipeline/Pipeline->Illuminate/Pipeline/{closure}(Object(Illuminate/Http/Request))
#44 C:/xampp/htdocs/ERP_model/vendor/laravel/framework/src/Illuminate/Pipeline/Pipeline.php(219): Illuminate/Http/Middleware/TrustProxies->handle(Object(Illuminate/Http/Request), Object(Closure))
#45 C:/xampp/htdocs/ERP_model/vendor/laravel/framework/src/Illuminate/Foundation/Http/Middleware/InvokeDeferredCallbacks.php(22): Illuminate/Pipeline/Pipeline->Illuminate/Pipeline/{closure}(Object(Illuminate/Http/Request))
#46 C:/xampp/htdocs/ERP_model/vendor/laravel/framework/src/Illuminate/Pipeline/Pipeline.php(219): Illuminate/Foundation/Http/Middleware/InvokeDeferredCallbacks->handle(Object(Illuminate/Http/Request), Object(Closure))
#47 C:/xampp/htdocs/ERP_model/vendor/laravel/framework/src/Illuminate/Http/Middleware/ValidatePathEncoding.php(26): Illuminate/Pipeline/Pipeline->Illuminate/Pipeline/{closure}(Object(Illuminate/Http/Request))
#48 C:/xampp/htdocs/ERP_model/vendor/laravel/framework/src/Illuminate/Pipeline/Pipeline.php(219): Illuminate/Http/Middleware/ValidatePathEncoding->handle(Object(Illuminate/Http/Request), Object(Closure))
#49 C:/xampp/htdocs/ERP_model/vendor/laravel/framework/src/Illuminate/Pipeline/Pipeline.php(137): Illuminate/Pipeline/Pipeline->Illuminate/Pipeline/{closure}(Object(Illuminate/Http/Request))
#50 C:/xampp/htdocs/ERP_model/vendor/laravel/framework/src/Illuminate/Foundation/Http/Kernel.php(175): Illuminate/Pipeline/Pipeline->then(Object(Closure))
#51 C:/xampp/htdocs/ERP_model/vendor/laravel/framework/src/Illuminate/Foundation/Http/Kernel.php(144): Illuminate/Foundation/Http/Kernel->sendRequestThroughRouter(Object(Illuminate/Http/Request))
#52 C:/xampp/htdocs/ERP_model/vendor/laravel/framework/src/Illuminate/Foundation/Application.php(1220): Illuminate/Foundation/Http/Kernel->handle(Object(Illuminate/Http/Request))
#53 C:/xampp/htdocs/ERP_model/public/index.php(20): Illuminate/Foundation/Application->handleRequest(Object(Illuminate/Http/Request))
#54 C:/xampp/htdocs/ERP_model/vendor/laravel/framework/src/Illuminate/Foundation/resources/server.php(23): require_once('C://xampp//htdocs...')
#55 {main}
"} 
[2026-06-19 07:23:42] local.ERROR: Class "App\Http\Requests\ProductRequest" does not exist {"userId":1,"exception":"[object] (ReflectionException(code: -1): Class \"App\\Http\\Requests\\ProductRequest\" does not exist at C:/xampp/htdocs/ERP_model/vendor/laravel/framework/src/Illuminate/Routing/ResolvesRouteDependencies.php:88)
[stacktrace]
#0 C:/xampp/htdocs/ERP_model/vendor/laravel/framework/src/Illuminate/Routing/ResolvesRouteDependencies.php(88): ReflectionClass->__construct('App//Http//Reques...')
#1 C:/xampp/htdocs/ERP_model/vendor/laravel/framework/src/Illuminate/Routing/ResolvesRouteDependencies.php(51): Illuminate/Routing/ControllerDispatcher->transformDependency(Object(ReflectionParameter), Array, Object(stdClass))
#2 C:/xampp/htdocs/ERP_model/vendor/laravel/framework/src/Illuminate/Routing/ResolvesRouteDependencies.php(30): Illuminate/Routing/ControllerDispatcher->resolveMethodDependencies(Array, Object(ReflectionMethod))
#3 C:/xampp/htdocs/ERP_model/vendor/laravel/framework/src/Illuminate/Routing/ControllerDispatcher.php(59): Illuminate/Routing/ControllerDispatcher->resolveClassMethodDependencies(Array, Object(App/Http/Controllers/Admin/ProductController), 'store')
#4 C:/xampp/htdocs/ERP_model/vendor/laravel/framework/src/Illuminate/Routing/ControllerDispatcher.php(40): Illuminate/Routing/ControllerDispatcher->resolveParameters(Object(Illuminate/Routing/Route), Object(App/Http/Controllers/Admin/ProductController), 'store')
#5 C:/xampp/htdocs/ERP_model/vendor/laravel/framework/src/Illuminate/Routing/Route.php(265): Illuminate/Routing/ControllerDispatcher->dispatch(Object(Illuminate/Routing/Route), Object(App/Http/Controllers/Admin/ProductController), 'store')
#6 C:/xampp/htdocs/ERP_model/vendor/laravel/framework/src/Illuminate/Routing/Route.php(211): Illuminate/Routing/Route->runController()
#7 C:/xampp/htdocs/ERP_model/vendor/laravel/framework/src/Illuminate/Routing/Router.php(822): Illuminate/Routing/Route->run()
#8 C:/xampp/htdocs/ERP_model/vendor/laravel/framework/src/Illuminate/Pipeline/Pipeline.php(180): Illuminate/Routing/Router->Illuminate/Routing/{closure}(Object(Illuminate/Http/Request))
#9 C:/xampp/htdocs/ERP_model/vendor/laravel/framework/src/Illuminate/Routing/Middleware/SubstituteBindings.php(50): Illuminate/Pipeline/Pipeline->Illuminate/Pipeline/{closure}(Object(Illuminate/Http/Request))
#10 C:/xampp/htdocs/ERP_model/vendor/laravel/framework/src/Illuminate/Pipeline/Pipeline.php(219): Illuminate/Routing/Middleware/SubstituteBindings->handle(Object(Illuminate/Http/Request), Object(Closure))
#11 C:/xampp/htdocs/ERP_model/vendor/laravel/framework/src/Illuminate/Auth/Middleware/Authenticate.php(63): Illuminate/Pipeline/Pipeline->Illuminate/Pipeline/{closure}(Object(Illuminate/Http/Request))
#12 C:/xampp/htdocs/ERP_model/vendor/laravel/framework/src/Illuminate/Pipeline/Pipeline.php(219): Illuminate/Auth/Middleware/Authenticate->handle(Object(Illuminate/Http/Request), Object(Closure))
#13 C:/xampp/htdocs/ERP_model/vendor/laravel/framework/src/Illuminate/Foundation/Http/Middleware/VerifyCsrfToken.php(87): Illuminate/Pipeline/Pipeline->Illuminate/Pipeline/{closure}(Object(Illuminate/Http/Request))
#14 C:/xampp/htdocs/ERP_model/vendor/laravel/framework/src/Illuminate/Pipeline/Pipeline.php(219): Illuminate/Foundation/Http/Middleware/VerifyCsrfToken->handle(Object(Illuminate/Http/Request), Object(Closure))
#15 C:/xampp/htdocs/ERP_model/vendor/laravel/framework/src/Illuminate/View/Middleware/ShareErrorsFromSession.php(48): Illuminate/Pipeline/Pipeline->Illuminate/Pipeline/{closure}(Object(Illuminate/Http/Request))
#16 C:/xampp/htdocs/ERP_model/vendor/laravel/framework/src/Illuminate/Pipeline/Pipeline.php(219): Illuminate/View/Middleware/ShareErrorsFromSession->handle(Object(Illuminate/Http/Request), Object(Closure))
#17 C:/xampp/htdocs/ERP_model/vendor/laravel/framework/src/Illuminate/Session/Middleware/StartSession.php(120): Illuminate/Pipeline/Pipeline->Illuminate/Pipeline/{closure}(Object(Illuminate/Http/Request))
#18 C:/xampp/htdocs/ERP_model/vendor/laravel/framework/src/Illuminate/Session/Middleware/StartSession.php(63): Illuminate/Session/Middleware/StartSession->handleStatefulRequest(Object(Illuminate/Http/Request), Object(Illuminate/Session/Store), Object(Closure))
#19 C:/xampp/htdocs/ERP_model/vendor/laravel/framework/src/Illuminate/Pipeline/Pipeline.php(219): Illuminate/Session/Middleware/StartSession->handle(Object(Illuminate/Http/Request), Object(Closure))
#20 C:/xampp/htdocs/ERP_model/vendor/laravel/framework/src/Illuminate/Cookie/Middleware/AddQueuedCookiesToResponse.php(36): Illuminate/Pipeline/Pipeline->Illuminate/Pipeline/{closure}(Object(Illuminate/Http/Request))
#21 C:/xampp/htdocs/ERP_model/vendor/laravel/framework/src/Illuminate/Pipeline/Pipeline.php(219): Illuminate/Cookie/Middleware/AddQueuedCookiesToResponse->handle(Object(Illuminate/Http/Request), Object(Closure))
#22 C:/xampp/htdocs/ERP_model/vendor/laravel/framework/src/Illuminate/Cookie/Middleware/EncryptCookies.php(74): Illuminate/Pipeline/Pipeline->Illuminate/Pipeline/{closure}(Object(Illuminate/Http/Request))
#23 C:/xampp/htdocs/ERP_model/vendor/laravel/framework/src/Illuminate/Pipeline/Pipeline.php(219): Illuminate/Cookie/Middleware/EncryptCookies->handle(Object(Illuminate/Http/Request), Object(Closure))
#24 C:/xampp/htdocs/ERP_model/vendor/laravel/framework/src/Illuminate/Pipeline/Pipeline.php(137): Illuminate/Pipeline/Pipeline->Illuminate/Pipeline/{closure}(Object(Illuminate/Http/Request))
#25 C:/xampp/htdocs/ERP_model/vendor/laravel/framework/src/Illuminate/Routing/Router.php(821): Illuminate/Pipeline/Pipeline->then(Object(Closure))
#26 C:/xampp/htdocs/ERP_model/vendor/laravel/framework/src/Illuminate/Routing/Router.php(800): Illuminate/Routing/Router->runRouteWithinStack(Object(Illuminate/Routing/Route), Object(Illuminate/Http/Request))
#27 C:/xampp/htdocs/ERP_model/vendor/laravel/framework/src/Illuminate/Routing/Router.php(764): Illuminate/Routing/Router->runRoute(Object(Illuminate/Http/Request), Object(Illuminate/Routing/Route))
#28 C:/xampp/htdocs/ERP_model/vendor/laravel/framework/src/Illuminate/Routing/Router.php(753): Illuminate/Routing/Router->dispatchToRoute(Object(Illuminate/Http/Request))
#29 C:/xampp/htdocs/ERP_model/vendor/laravel/framework/src/Illuminate/Foundation/Http/Kernel.php(200): Illuminate/Routing/Router->dispatch(Object(Illuminate/Http/Request))
#30 C:/xampp/htdocs/ERP_model/vendor/laravel/framework/src/Illuminate/Pipeline/Pipeline.php(180): Illuminate/Foundation/Http/Kernel->Illuminate/Foundation/Http/{closure}(Object(Illuminate/Http/Request))
#31 C:/xampp/htdocs/ERP_model/vendor/laravel/framework/src/Illuminate/Foundation/Http/Middleware/TransformsRequest.php(21): Illuminate/Pipeline/Pipeline->Illuminate/Pipeline/{closure}(Object(Illuminate/Http/Request))
#32 C:/xampp/htdocs/ERP_model/vendor/laravel/framework/src/Illuminate/Foundation/Http/Middleware/ConvertEmptyStringsToNull.php(31): Illuminate/Foundation/Http/Middleware/TransformsRequest->handle(Object(Illuminate/Http/Request), Object(Closure))
#33 C:/xampp/htdocs/ERP_model/vendor/laravel/framework/src/Illuminate/Pipeline/Pipeline.php(219): Illuminate/Foundation/Http/Middleware/ConvertEmptyStringsToNull->handle(Object(Illuminate/Http/Request), Object(Closure))
#34 C:/xampp/htdocs/ERP_model/vendor/laravel/framework/src/Illuminate/Foundation/Http/Middleware/TransformsRequest.php(21): Illuminate/Pipeline/Pipeline->Illuminate/Pipeline/{closure}(Object(Illuminate/Http/Request))
#35 C:/xampp/htdocs/ERP_model/vendor/laravel/framework/src/Illuminate/Foundation/Http/Middleware/TrimStrings.php(51): Illuminate/Foundation/Http/Middleware/TransformsRequest->handle(Object(Illuminate/Http/Request), Object(Closure))
#36 C:/xampp/htdocs/ERP_model/vendor/laravel/framework/src/Illuminate/Pipeline/Pipeline.php(219): Illuminate/Foundation/Http/Middleware/TrimStrings->handle(Object(Illuminate/Http/Request), Object(Closure))
#37 C:/xampp/htdocs/ERP_model/vendor/laravel/framework/src/Illuminate/Http/Middleware/ValidatePostSize.php(27): Illuminate/Pipeline/Pipeline->Illuminate/Pipeline/{closure}(Object(Illuminate/Http/Request))
#38 C:/xampp/htdocs/ERP_model/vendor/laravel/framework/src/Illuminate/Pipeline/Pipeline.php(219): Illuminate/Http/Middleware/ValidatePostSize->handle(Object(Illuminate/Http/Request), Object(Closure))
#39 C:/xampp/htdocs/ERP_model/vendor/laravel/framework/src/Illuminate/Foundation/Http/Middleware/PreventRequestsDuringMaintenance.php(109): Illuminate/Pipeline/Pipeline->Illuminate/Pipeline/{closure}(Object(Illuminate/Http/Request))
#40 C:/xampp/htdocs/ERP_model/vendor/laravel/framework/src/Illuminate/Pipeline/Pipeline.php(219): Illuminate/Foundation/Http/Middleware/PreventRequestsDuringMaintenance->handle(Object(Illuminate/Http/Request), Object(Closure))
#41 C:/xampp/htdocs/ERP_model/vendor/laravel/framework/src/Illuminate/Http/Middleware/HandleCors.php(61): Illuminate/Pipeline/Pipeline->Illuminate/Pipeline/{closure}(Object(Illuminate/Http/Request))
#42 C:/xampp/htdocs/ERP_model/vendor/laravel/framework/src/Illuminate/Pipeline/Pipeline.php(219): Illuminate/Http/Middleware/HandleCors->handle(Object(Illuminate/Http/Request), Object(Closure))
#43 C:/xampp/htdocs/ERP_model/vendor/laravel/framework/src/Illuminate/Http/Middleware/TrustProxies.php(58): Illuminate/Pipeline/Pipeline->Illuminate/Pipeline/{closure}(Object(Illuminate/Http/Request))
#44 C:/xampp/htdocs/ERP_model/vendor/laravel/framework/src/Illuminate/Pipeline/Pipeline.php(219): Illuminate/Http/Middleware/TrustProxies->handle(Object(Illuminate/Http/Request), Object(Closure))
#45 C:/xampp/htdocs/ERP_model/vendor/laravel/framework/src/Illuminate/Foundation/Http/Middleware/InvokeDeferredCallbacks.php(22): Illuminate/Pipeline/Pipeline->Illuminate/Pipeline/{closure}(Object(Illuminate/Http/Request))
#46 C:/xampp/htdocs/ERP_model/vendor/laravel/framework/src/Illuminate/Pipeline/Pipeline.php(219): Illuminate/Foundation/Http/Middleware/InvokeDeferredCallbacks->handle(Object(Illuminate/Http/Request), Object(Closure))
#47 C:/xampp/htdocs/ERP_model/vendor/laravel/framework/src/Illuminate/Http/Middleware/ValidatePathEncoding.php(26): Illuminate/Pipeline/Pipeline->Illuminate/Pipeline/{closure}(Object(Illuminate/Http/Request))
#48 C:/xampp/htdocs/ERP_model/vendor/laravel/framework/src/Illuminate/Pipeline/Pipeline.php(219): Illuminate/Http/Middleware/ValidatePathEncoding->handle(Object(Illuminate/Http/Request), Object(Closure))
#49 C:/xampp/htdocs/ERP_model/vendor/laravel/framework/src/Illuminate/Pipeline/Pipeline.php(137): Illuminate/Pipeline/Pipeline->Illuminate/Pipeline/{closure}(Object(Illuminate/Http/Request))
#50 C:/xampp/htdocs/ERP_model/vendor/laravel/framework/src/Illuminate/Foundation/Http/Kernel.php(175): Illuminate/Pipeline/Pipeline->then(Object(Closure))
#51 C:/xampp/htdocs/ERP_model/vendor/laravel/framework/src/Illuminate/Foundation/Http/Kernel.php(144): Illuminate/Foundation/Http/Kernel->sendRequestThroughRouter(Object(Illuminate/Http/Request))
#52 C:/xampp/htdocs/ERP_model/vendor/laravel/framework/src/Illuminate/Foundation/Application.php(1220): Illuminate/Foundation/Http/Kernel->handle(Object(Illuminate/Http/Request))
#53 C:/xampp/htdocs/ERP_model/public/index.php(20): Illuminate/Foundation/Application->handleRequest(Object(Illuminate/Http/Request))
#54 C:/xampp/htdocs/ERP_model/vendor/laravel/framework/src/Illuminate/Foundation/resources/server.php(23): require_once('C://xampp//htdocs...')
#55 {main}
"} 
[2026-06-19 07:23:42] local.ERROR: Class "App\Http\Requests\ProductRequest" does not exist {"userId":1,"exception":"[object] (ReflectionException(code: -1): Class \"App\\Http\\Requests\\ProductRequest\" does not exist at C:/xampp/htdocs/ERP_model/vendor/laravel/framework/src/Illuminate/Routing/ResolvesRouteDependencies.php:88)
[stacktrace]
#0 C:/xampp/htdocs/ERP_model/vendor/laravel/framework/src/Illuminate/Routing/ResolvesRouteDependencies.php(88): ReflectionClass->__construct('App//Http//Reques...')
#1 C:/xampp/htdocs/ERP_model/vendor/laravel/framework/src/Illuminate/Routing/ResolvesRouteDependencies.php(51): Illuminate/Routing/ControllerDispatcher->transformDependency(Object(ReflectionParameter), Array, Object(stdClass))
#2 C:/xampp/htdocs/ERP_model/vendor/laravel/framework/src/Illuminate/Routing/ResolvesRouteDependencies.php(30): Illuminate/Routing/ControllerDispatcher->resolveMethodDependencies(Array, Object(ReflectionMethod))
#3 C:/xampp/htdocs/ERP_model/vendor/laravel/framework/src/Illuminate/Routing/ControllerDispatcher.php(59): Illuminate/Routing/ControllerDispatcher->resolveClassMethodDependencies(Array, Object(App/Http/Controllers/Admin/ProductController), 'store')
#4 C:/xampp/htdocs/ERP_model/vendor/laravel/framework/src/Illuminate/Routing/ControllerDispatcher.php(40): Illuminate/Routing/ControllerDispatcher->resolveParameters(Object(Illuminate/Routing/Route), Object(App/Http/Controllers/Admin/ProductController), 'store')
#5 C:/xampp/htdocs/ERP_model/vendor/laravel/framework/src/Illuminate/Routing/Route.php(265): Illuminate/Routing/ControllerDispatcher->dispatch(Object(Illuminate/Routing/Route), Object(App/Http/Controllers/Admin/ProductController), 'store')
#6 C:/xampp/htdocs/ERP_model/vendor/laravel/framework/src/Illuminate/Routing/Route.php(211): Illuminate/Routing/Route->runController()
#7 C:/xampp/htdocs/ERP_model/vendor/laravel/framework/src/Illuminate/Routing/Router.php(822): Illuminate/Routing/Route->run()
#8 C:/xampp/htdocs/ERP_model/vendor/laravel/framework/src/Illuminate/Pipeline/Pipeline.php(180): Illuminate/Routing/Router->Illuminate/Routing/{closure}(Object(Illuminate/Http/Request))
#9 C:/xampp/htdocs/ERP_model/vendor/laravel/framework/src/Illuminate/Routing/Middleware/SubstituteBindings.php(50): Illuminate/Pipeline/Pipeline->Illuminate/Pipeline/{closure}(Object(Illuminate/Http/Request))
#10 C:/xampp/htdocs/ERP_model/vendor/laravel/framework/src/Illuminate/Pipeline/Pipeline.php(219): Illuminate/Routing/Middleware/SubstituteBindings->handle(Object(Illuminate/Http/Request), Object(Closure))
#11 C:/xampp/htdocs/ERP_model/vendor/laravel/framework/src/Illuminate/Auth/Middleware/Authenticate.php(63): Illuminate/Pipeline/Pipeline->Illuminate/Pipeline/{closure}(Object(Illuminate/Http/Request))
#12 C:/xampp/htdocs/ERP_model/vendor/laravel/framework/src/Illuminate/Pipeline/Pipeline.php(219): Illuminate/Auth/Middleware/Authenticate->handle(Object(Illuminate/Http/Request), Object(Closure))
#13 C:/xampp/htdocs/ERP_model/vendor/laravel/framework/src/Illuminate/Foundation/Http/Middleware/VerifyCsrfToken.php(87): Illuminate/Pipeline/Pipeline->Illuminate/Pipeline/{closure}(Object(Illuminate/Http/Request))
#14 C:/xampp/htdocs/ERP_model/vendor/laravel/framework/src/Illuminate/Pipeline/Pipeline.php(219): Illuminate/Foundation/Http/Middleware/VerifyCsrfToken->handle(Object(Illuminate/Http/Request), Object(Closure))
#15 C:/xampp/htdocs/ERP_model/vendor/laravel/framework/src/Illuminate/View/Middleware/ShareErrorsFromSession.php(48): Illuminate/Pipeline/Pipeline->Illuminate/Pipeline/{closure}(Object(Illuminate/Http/Request))
#16 C:/xampp/htdocs/ERP_model/vendor/laravel/framework/src/Illuminate/Pipeline/Pipeline.php(219): Illuminate/View/Middleware/ShareErrorsFromSession->handle(Object(Illuminate/Http/Request), Object(Closure))
#17 C:/xampp/htdocs/ERP_model/vendor/laravel/framework/src/Illuminate/Session/Middleware/StartSession.php(120): Illuminate/Pipeline/Pipeline->Illuminate/Pipeline/{closure}(Object(Illuminate/Http/Request))
#18 C:/xampp/htdocs/ERP_model/vendor/laravel/framework/src/Illuminate/Session/Middleware/StartSession.php(63): Illuminate/Session/Middleware/StartSession->handleStatefulRequest(Object(Illuminate/Http/Request), Object(Illuminate/Session/Store), Object(Closure))
#19 C:/xampp/htdocs/ERP_model/vendor/laravel/framework/src/Illuminate/Pipeline/Pipeline.php(219): Illuminate/Session/Middleware/StartSession->handle(Object(Illuminate/Http/Request), Object(Closure))
#20 C:/xampp/htdocs/ERP_model/vendor/laravel/framework/src/Illuminate/Cookie/Middleware/AddQueuedCookiesToResponse.php(36): Illuminate/Pipeline/Pipeline->Illuminate/Pipeline/{closure}(Object(Illuminate/Http/Request))
#21 C:/xampp/htdocs/ERP_model/vendor/laravel/framework/src/Illuminate/Pipeline/Pipeline.php(219): Illuminate/Cookie/Middleware/AddQueuedCookiesToResponse->handle(Object(Illuminate/Http/Request), Object(Closure))
#22 C:/xampp/htdocs/ERP_model/vendor/laravel/framework/src/Illuminate/Cookie/Middleware/EncryptCookies.php(74): Illuminate/Pipeline/Pipeline->Illuminate/Pipeline/{closure}(Object(Illuminate/Http/Request))
#23 C:/xampp/htdocs/ERP_model/vendor/laravel/framework/src/Illuminate/Pipeline/Pipeline.php(219): Illuminate/Cookie/Middleware/EncryptCookies->handle(Object(Illuminate/Http/Request), Object(Closure))
#24 C:/xampp/htdocs/ERP_model/vendor/laravel/framework/src/Illuminate/Pipeline/Pipeline.php(137): Illuminate/Pipeline/Pipeline->Illuminate/Pipeline/{closure}(Object(Illuminate/Http/Request))
#25 C:/xampp/htdocs/ERP_model/vendor/laravel/framework/src/Illuminate/Routing/Router.php(821): Illuminate/Pipeline/Pipeline->then(Object(Closure))
#26 C:/xampp/htdocs/ERP_model/vendor/laravel/framework/src/Illuminate/Routing/Router.php(800): Illuminate/Routing/Router->runRouteWithinStack(Object(Illuminate/Routing/Route), Object(Illuminate/Http/Request))
#27 C:/xampp/htdocs/ERP_model/vendor/laravel/framework/src/Illuminate/Routing/Router.php(764): Illuminate/Routing/Router->runRoute(Object(Illuminate/Http/Request), Object(Illuminate/Routing/Route))
#28 C:/xampp/htdocs/ERP_model/vendor/laravel/framework/src/Illuminate/Routing/Router.php(753): Illuminate/Routing/Router->dispatchToRoute(Object(Illuminate/Http/Request))
#29 C:/xampp/htdocs/ERP_model/vendor/laravel/framework/src/Illuminate/Foundation/Http/Kernel.php(200): Illuminate/Routing/Router->dispatch(Object(Illuminate/Http/Request))
#30 C:/xampp/htdocs/ERP_model/vendor/laravel/framework/src/Illuminate/Pipeline/Pipeline.php(180): Illuminate/Foundation/Http/Kernel->Illuminate/Foundation/Http/{closure}(Object(Illuminate/Http/Request))
#31 C:/xampp/htdocs/ERP_model/vendor/laravel/framework/src/Illuminate/Foundation/Http/Middleware/TransformsRequest.php(21): Illuminate/Pipeline/Pipeline->Illuminate/Pipeline/{closure}(Object(Illuminate/Http/Request))
#32 C:/xampp/htdocs/ERP_model/vendor/laravel/framework/src/Illuminate/Foundation/Http/Middleware/ConvertEmptyStringsToNull.php(31): Illuminate/Foundation/Http/Middleware/TransformsRequest->handle(Object(Illuminate/Http/Request), Object(Closure))
#33 C:/xampp/htdocs/ERP_model/vendor/laravel/framework/src/Illuminate/Pipeline/Pipeline.php(219): Illuminate/Foundation/Http/Middleware/ConvertEmptyStringsToNull->handle(Object(Illuminate/Http/Request), Object(Closure))
#34 C:/xampp/htdocs/ERP_model/vendor/laravel/framework/src/Illuminate/Foundation/Http/Middleware/TransformsRequest.php(21): Illuminate/Pipeline/Pipeline->Illuminate/Pipeline/{closure}(Object(Illuminate/Http/Request))
#35 C:/xampp/htdocs/ERP_model/vendor/laravel/framework/src/Illuminate/Foundation/Http/Middleware/TrimStrings.php(51): Illuminate/Foundation/Http/Middleware/TransformsRequest->handle(Object(Illuminate/Http/Request), Object(Closure))
#36 C:/xampp/htdocs/ERP_model/vendor/laravel/framework/src/Illuminate/Pipeline/Pipeline.php(219): Illuminate/Foundation/Http/Middleware/TrimStrings->handle(Object(Illuminate/Http/Request), Object(Closure))
#37 C:/xampp/htdocs/ERP_model/vendor/laravel/framework/src/Illuminate/Http/Middleware/ValidatePostSize.php(27): Illuminate/Pipeline/Pipeline->Illuminate/Pipeline/{closure}(Object(Illuminate/Http/Request))
#38 C:/xampp/htdocs/ERP_model/vendor/laravel/framework/src/Illuminate/Pipeline/Pipeline.php(219): Illuminate/Http/Middleware/ValidatePostSize->handle(Object(Illuminate/Http/Request), Object(Closure))
#39 C:/xampp/htdocs/ERP_model/vendor/laravel/framework/src/Illuminate/Foundation/Http/Middleware/PreventRequestsDuringMaintenance.php(109): Illuminate/Pipeline/Pipeline->Illuminate/Pipeline/{closure}(Object(Illuminate/Http/Request))
#40 C:/xampp/htdocs/ERP_model/vendor/laravel/framework/src/Illuminate/Pipeline/Pipeline.php(219): Illuminate/Foundation/Http/Middleware/PreventRequestsDuringMaintenance->handle(Object(Illuminate/Http/Request), Object(Closure))
#41 C:/xampp/htdocs/ERP_model/vendor/laravel/framework/src/Illuminate/Http/Middleware/HandleCors.php(61): Illuminate/Pipeline/Pipeline->Illuminate/Pipeline/{closure}(Object(Illuminate/Http/Request))
#42 C:/xampp/htdocs/ERP_model/vendor/laravel/framework/src/Illuminate/Pipeline/Pipeline.php(219): Illuminate/Http/Middleware/HandleCors->handle(Object(Illuminate/Http/Request), Object(Closure))
#43 C:/xampp/htdocs/ERP_model/vendor/laravel/framework/src/Illuminate/Http/Middleware/TrustProxies.php(58): Illuminate/Pipeline/Pipeline->Illuminate/Pipeline/{closure}(Object(Illuminate/Http/Request))
#44 C:/xampp/htdocs/ERP_model/vendor/laravel/framework/src/Illuminate/Pipeline/Pipeline.php(219): Illuminate/Http/Middleware/TrustProxies->handle(Object(Illuminate/Http/Request), Object(Closure))
#45 C:/xampp/htdocs/ERP_model/vendor/laravel/framework/src/Illuminate/Foundation/Http/Middleware/InvokeDeferredCallbacks.php(22): Illuminate/Pipeline/Pipeline->Illuminate/Pipeline/{closure}(Object(Illuminate/Http/Request))
#46 C:/xampp/htdocs/ERP_model/vendor/laravel/framework/src/Illuminate/Pipeline/Pipeline.php(219): Illuminate/Foundation/Http/Middleware/InvokeDeferredCallbacks->handle(Object(Illuminate/Http/Request), Object(Closure))
#47 C:/xampp/htdocs/ERP_model/vendor/laravel/framework/src/Illuminate/Http/Middleware/ValidatePathEncoding.php(26): Illuminate/Pipeline/Pipeline->Illuminate/Pipeline/{closure}(Object(Illuminate/Http/Request))
#48 C:/xampp/htdocs/ERP_model/vendor/laravel/framework/src/Illuminate/Pipeline/Pipeline.php(219): Illuminate/Http/Middleware/ValidatePathEncoding->handle(Object(Illuminate/Http/Request), Object(Closure))
#49 C:/xampp/htdocs/ERP_model/vendor/laravel/framework/src/Illuminate/Pipeline/Pipeline.php(137): Illuminate/Pipeline/Pipeline->Illuminate/Pipeline/{closure}(Object(Illuminate/Http/Request))
#50 C:/xampp/htdocs/ERP_model/vendor/laravel/framework/src/Illuminate/Foundation/Http/Kernel.php(175): Illuminate/Pipeline/Pipeline->then(Object(Closure))
#51 C:/xampp/htdocs/ERP_model/vendor/laravel/framework/src/Illuminate/Foundation/Http/Kernel.php(144): Illuminate/Foundation/Http/Kernel->sendRequestThroughRouter(Object(Illuminate/Http/Request))
#52 C:/xampp/htdocs/ERP_model/vendor/laravel/framework/src/Illuminate/Foundation/Application.php(1220): Illuminate/Foundation/Http/Kernel->handle(Object(Illuminate/Http/Request))
#53 C:/xampp/htdocs/ERP_model/public/index.php(20): Illuminate/Foundation/Application->handleRequest(Object(Illuminate/Http/Request))
#54 C:/xampp/htdocs/ERP_model/vendor/laravel/framework/src/Illuminate/Foundation/resources/server.php(23): require_once('C://xampp//htdocs...')
#55 {main}
"} 
[2026-06-19 07:24:30] local.ERROR: Class "App\Http\Requests\ProductRequest" does not exist {"userId":1,"exception":"[object] (ReflectionException(code: -1): Class \"App\\Http\\Requests\\ProductRequest\" does not exist at C:/xampp/htdocs/ERP_model/vendor/laravel/framework/src/Illuminate/Routing/ResolvesRouteDependencies.php:88)
[stacktrace]
#0 C:/xampp/htdocs/ERP_model/vendor/laravel/framework/src/Illuminate/Routing/ResolvesRouteDependencies.php(88): ReflectionClass->__construct('App//Http//Reques...')
#1 C:/xampp/htdocs/ERP_model/vendor/laravel/framework/src/Illuminate/Routing/ResolvesRouteDependencies.php(51): Illuminate/Routing/ControllerDispatcher->transformDependency(Object(ReflectionParameter), Array, Object(stdClass))
#2 C:/xampp/htdocs/ERP_model/vendor/laravel/framework/src/Illuminate/Routing/ResolvesRouteDependencies.php(30): Illuminate/Routing/ControllerDispatcher->resolveMethodDependencies(Array, Object(ReflectionMethod))
#3 C:/xampp/htdocs/ERP_model/vendor/laravel/framework/src/Illuminate/Routing/ControllerDispatcher.php(59): Illuminate/Routing/ControllerDispatcher->resolveClassMethodDependencies(Array, Object(App/Http/Controllers/Admin/ProductController), 'store')
#4 C:/xampp/htdocs/ERP_model/vendor/laravel/framework/src/Illuminate/Routing/ControllerDispatcher.php(40): Illuminate/Routing/ControllerDispatcher->resolveParameters(Object(Illuminate/Routing/Route), Object(App/Http/Controllers/Admin/ProductController), 'store')
#5 C:/xampp/htdocs/ERP_model/vendor/laravel/framework/src/Illuminate/Routing/Route.php(265): Illuminate/Routing/ControllerDispatcher->dispatch(Object(Illuminate/Routing/Route), Object(App/Http/Controllers/Admin/ProductController), 'store')
#6 C:/xampp/htdocs/ERP_model/vendor/laravel/framework/src/Illuminate/Routing/Route.php(211): Illuminate/Routing/Route->runController()
#7 C:/xampp/htdocs/ERP_model/vendor/laravel/framework/src/Illuminate/Routing/Router.php(822): Illuminate/Routing/Route->run()
#8 C:/xampp/htdocs/ERP_model/vendor/laravel/framework/src/Illuminate/Pipeline/Pipeline.php(180): Illuminate/Routing/Router->Illuminate/Routing/{closure}(Object(Illuminate/Http/Request))
#9 C:/xampp/htdocs/ERP_model/vendor/laravel/framework/src/Illuminate/Routing/Middleware/SubstituteBindings.php(50): Illuminate/Pipeline/Pipeline->Illuminate/Pipeline/{closure}(Object(Illuminate/Http/Request))
#10 C:/xampp/htdocs/ERP_model/vendor/laravel/framework/src/Illuminate/Pipeline/Pipeline.php(219): Illuminate/Routing/Middleware/SubstituteBindings->handle(Object(Illuminate/Http/Request), Object(Closure))
#11 C:/xampp/htdocs/ERP_model/vendor/laravel/framework/src/Illuminate/Auth/Middleware/Authenticate.php(63): Illuminate/Pipeline/Pipeline->Illuminate/Pipeline/{closure}(Object(Illuminate/Http/Request))
#12 C:/xampp/htdocs/ERP_model/vendor/laravel/framework/src/Illuminate/Pipeline/Pipeline.php(219): Illuminate/Auth/Middleware/Authenticate->handle(Object(Illuminate/Http/Request), Object(Closure))
#13 C:/xampp/htdocs/ERP_model/vendor/laravel/framework/src/Illuminate/Foundation/Http/Middleware/VerifyCsrfToken.php(87): Illuminate/Pipeline/Pipeline->Illuminate/Pipeline/{closure}(Object(Illuminate/Http/Request))
#14 C:/xampp/htdocs/ERP_model/vendor/laravel/framework/src/Illuminate/Pipeline/Pipeline.php(219): Illuminate/Foundation/Http/Middleware/VerifyCsrfToken->handle(Object(Illuminate/Http/Request), Object(Closure))
#15 C:/xampp/htdocs/ERP_model/vendor/laravel/framework/src/Illuminate/View/Middleware/ShareErrorsFromSession.php(48): Illuminate/Pipeline/Pipeline->Illuminate/Pipeline/{closure}(Object(Illuminate/Http/Request))
#16 C:/xampp/htdocs/ERP_model/vendor/laravel/framework/src/Illuminate/Pipeline/Pipeline.php(219): Illuminate/View/Middleware/ShareErrorsFromSession->handle(Object(Illuminate/Http/Request), Object(Closure))
#17 C:/xampp/htdocs/ERP_model/vendor/laravel/framework/src/Illuminate/Session/Middleware/StartSession.php(120): Illuminate/Pipeline/Pipeline->Illuminate/Pipeline/{closure}(Object(Illuminate/Http/Request))
#18 C:/xampp/htdocs/ERP_model/vendor/laravel/framework/src/Illuminate/Session/Middleware/StartSession.php(63): Illuminate/Session/Middleware/StartSession->handleStatefulRequest(Object(Illuminate/Http/Request), Object(Illuminate/Session/Store), Object(Closure))
#19 C:/xampp/htdocs/ERP_model/vendor/laravel/framework/src/Illuminate/Pipeline/Pipeline.php(219): Illuminate/Session/Middleware/StartSession->handle(Object(Illuminate/Http/Request), Object(Closure))
#20 C:/xampp/htdocs/ERP_model/vendor/laravel/framework/src/Illuminate/Cookie/Middleware/AddQueuedCookiesToResponse.php(36): Illuminate/Pipeline/Pipeline->Illuminate/Pipeline/{closure}(Object(Illuminate/Http/Request))
#21 C:/xampp/htdocs/ERP_model/vendor/laravel/framework/src/Illuminate/Pipeline/Pipeline.php(219): Illuminate/Cookie/Middleware/AddQueuedCookiesToResponse->handle(Object(Illuminate/Http/Request), Object(Closure))
#22 C:/xampp/htdocs/ERP_model/vendor/laravel/framework/src/Illuminate/Cookie/Middleware/EncryptCookies.php(74): Illuminate/Pipeline/Pipeline->Illuminate/Pipeline/{closure}(Object(Illuminate/Http/Request))
#23 C:/xampp/htdocs/ERP_model/vendor/laravel/framework/src/Illuminate/Pipeline/Pipeline.php(219): Illuminate/Cookie/Middleware/EncryptCookies->handle(Object(Illuminate/Http/Request), Object(Closure))
#24 C:/xampp/htdocs/ERP_model/vendor/laravel/framework/src/Illuminate/Pipeline/Pipeline.php(137): Illuminate/Pipeline/Pipeline->Illuminate/Pipeline/{closure}(Object(Illuminate/Http/Request))
#25 C:/xampp/htdocs/ERP_model/vendor/laravel/framework/src/Illuminate/Routing/Router.php(821): Illuminate/Pipeline/Pipeline->then(Object(Closure))
#26 C:/xampp/htdocs/ERP_model/vendor/laravel/framework/src/Illuminate/Routing/Router.php(800): Illuminate/Routing/Router->runRouteWithinStack(Object(Illuminate/Routing/Route), Object(Illuminate/Http/Request))
#27 C:/xampp/htdocs/ERP_model/vendor/laravel/framework/src/Illuminate/Routing/Router.php(764): Illuminate/Routing/Router->runRoute(Object(Illuminate/Http/Request), Object(Illuminate/Routing/Route))
#28 C:/xampp/htdocs/ERP_model/vendor/laravel/framework/src/Illuminate/Routing/Router.php(753): Illuminate/Routing/Router->dispatchToRoute(Object(Illuminate/Http/Request))
#29 C:/xampp/htdocs/ERP_model/vendor/laravel/framework/src/Illuminate/Foundation/Http/Kernel.php(200): Illuminate/Routing/Router->dispatch(Object(Illuminate/Http/Request))
#30 C:/xampp/htdocs/ERP_model/vendor/laravel/framework/src/Illuminate/Pipeline/Pipeline.php(180): Illuminate/Foundation/Http/Kernel->Illuminate/Foundation/Http/{closure}(Object(Illuminate/Http/Request))
#31 C:/xampp/htdocs/ERP_model/vendor/laravel/framework/src/Illuminate/Foundation/Http/Middleware/TransformsRequest.php(21): Illuminate/Pipeline/Pipeline->Illuminate/Pipeline/{closure}(Object(Illuminate/Http/Request))
#32 C:/xampp/htdocs/ERP_model/vendor/laravel/framework/src/Illuminate/Foundation/Http/Middleware/ConvertEmptyStringsToNull.php(31): Illuminate/Foundation/Http/Middleware/TransformsRequest->handle(Object(Illuminate/Http/Request), Object(Closure))
#33 C:/xampp/htdocs/ERP_model/vendor/laravel/framework/src/Illuminate/Pipeline/Pipeline.php(219): Illuminate/Foundation/Http/Middleware/ConvertEmptyStringsToNull->handle(Object(Illuminate/Http/Request), Object(Closure))
#34 C:/xampp/htdocs/ERP_model/vendor/laravel/framework/src/Illuminate/Foundation/Http/Middleware/TransformsRequest.php(21): Illuminate/Pipeline/Pipeline->Illuminate/Pipeline/{closure}(Object(Illuminate/Http/Request))
#35 C:/xampp/htdocs/ERP_model/vendor/laravel/framework/src/Illuminate/Foundation/Http/Middleware/TrimStrings.php(51): Illuminate/Foundation/Http/Middleware/TransformsRequest->handle(Object(Illuminate/Http/Request), Object(Closure))
#36 C:/xampp/htdocs/ERP_model/vendor/laravel/framework/src/Illuminate/Pipeline/Pipeline.php(219): Illuminate/Foundation/Http/Middleware/TrimStrings->handle(Object(Illuminate/Http/Request), Object(Closure))
#37 C:/xampp/htdocs/ERP_model/vendor/laravel/framework/src/Illuminate/Http/Middleware/ValidatePostSize.php(27): Illuminate/Pipeline/Pipeline->Illuminate/Pipeline/{closure}(Object(Illuminate/Http/Request))
#38 C:/xampp/htdocs/ERP_model/vendor/laravel/framework/src/Illuminate/Pipeline/Pipeline.php(219): Illuminate/Http/Middleware/ValidatePostSize->handle(Object(Illuminate/Http/Request), Object(Closure))
#39 C:/xampp/htdocs/ERP_model/vendor/laravel/framework/src/Illuminate/Foundation/Http/Middleware/PreventRequestsDuringMaintenance.php(109): Illuminate/Pipeline/Pipeline->Illuminate/Pipeline/{closure}(Object(Illuminate/Http/Request))
#40 C:/xampp/htdocs/ERP_model/vendor/laravel/framework/src/Illuminate/Pipeline/Pipeline.php(219): Illuminate/Foundation/Http/Middleware/PreventRequestsDuringMaintenance->handle(Object(Illuminate/Http/Request), Object(Closure))
#41 C:/xampp/htdocs/ERP_model/vendor/laravel/framework/src/Illuminate/Http/Middleware/HandleCors.php(61): Illuminate/Pipeline/Pipeline->Illuminate/Pipeline/{closure}(Object(Illuminate/Http/Request))
#42 C:/xampp/htdocs/ERP_model/vendor/laravel/framework/src/Illuminate/Pipeline/Pipeline.php(219): Illuminate/Http/Middleware/HandleCors->handle(Object(Illuminate/Http/Request), Object(Closure))
#43 C:/xampp/htdocs/ERP_model/vendor/laravel/framework/src/Illuminate/Http/Middleware/TrustProxies.php(58): Illuminate/Pipeline/Pipeline->Illuminate/Pipeline/{closure}(Object(Illuminate/Http/Request))
#44 C:/xampp/htdocs/ERP_model/vendor/laravel/framework/src/Illuminate/Pipeline/Pipeline.php(219): Illuminate/Http/Middleware/TrustProxies->handle(Object(Illuminate/Http/Request), Object(Closure))
#45 C:/xampp/htdocs/ERP_model/vendor/laravel/framework/src/Illuminate/Foundation/Http/Middleware/InvokeDeferredCallbacks.php(22): Illuminate/Pipeline/Pipeline->Illuminate/Pipeline/{closure}(Object(Illuminate/Http/Request))
#46 C:/xampp/htdocs/ERP_model/vendor/laravel/framework/src/Illuminate/Pipeline/Pipeline.php(219): Illuminate/Foundation/Http/Middleware/InvokeDeferredCallbacks->handle(Object(Illuminate/Http/Request), Object(Closure))
#47 C:/xampp/htdocs/ERP_model/vendor/laravel/framework/src/Illuminate/Http/Middleware/ValidatePathEncoding.php(26): Illuminate/Pipeline/Pipeline->Illuminate/Pipeline/{closure}(Object(Illuminate/Http/Request))
#48 C:/xampp/htdocs/ERP_model/vendor/laravel/framework/src/Illuminate/Pipeline/Pipeline.php(219): Illuminate/Http/Middleware/ValidatePathEncoding->handle(Object(Illuminate/Http/Request), Object(Closure))
#49 C:/xampp/htdocs/ERP_model/vendor/laravel/framework/src/Illuminate/Pipeline/Pipeline.php(137): Illuminate/Pipeline/Pipeline->Illuminate/Pipeline/{closure}(Object(Illuminate/Http/Request))
#50 C:/xampp/htdocs/ERP_model/vendor/laravel/framework/src/Illuminate/Foundation/Http/Kernel.php(175): Illuminate/Pipeline/Pipeline->then(Object(Closure))
#51 C:/xampp/htdocs/ERP_model/vendor/laravel/framework/src/Illuminate/Foundation/Http/Kernel.php(144): Illuminate/Foundation/Http/Kernel->sendRequestThroughRouter(Object(Illuminate/Http/Request))
#52 C:/xampp/htdocs/ERP_model/vendor/laravel/framework/src/Illuminate/Foundation/Application.php(1220): Illuminate/Foundation/Http/Kernel->handle(Object(Illuminate/Http/Request))
#53 C:/xampp/htdocs/ERP_model/public/index.php(20): Illuminate/Foundation/Application->handleRequest(Object(Illuminate/Http/Request))
#54 C:/xampp/htdocs/ERP_model/vendor/laravel/framework/src/Illuminate/Foundation/resources/server.php(23): require_once('C://xampp//htdocs...')
#55 {main}
"} 
[2026-06-19 07:24:31] local.ERROR: Class "App\Http\Requests\ProductRequest" does not exist {"userId":1,"exception":"[object] (ReflectionException(code: -1): Class \"App\\Http\\Requests\\ProductRequest\" does not exist at C:/xampp/htdocs/ERP_model/vendor/laravel/framework/src/Illuminate/Routing/ResolvesRouteDependencies.php:88)
[stacktrace]
#0 C:/xampp/htdocs/ERP_model/vendor/laravel/framework/src/Illuminate/Routing/ResolvesRouteDependencies.php(88): ReflectionClass->__construct('App//Http//Reques...')
#1 C:/xampp/htdocs/ERP_model/vendor/laravel/framework/src/Illuminate/Routing/ResolvesRouteDependencies.php(51): Illuminate/Routing/ControllerDispatcher->transformDependency(Object(ReflectionParameter), Array, Object(stdClass))
#2 C:/xampp/htdocs/ERP_model/vendor/laravel/framework/src/Illuminate/Routing/ResolvesRouteDependencies.php(30): Illuminate/Routing/ControllerDispatcher->resolveMethodDependencies(Array, Object(ReflectionMethod))
#3 C:/xampp/htdocs/ERP_model/vendor/laravel/framework/src/Illuminate/Routing/ControllerDispatcher.php(59): Illuminate/Routing/ControllerDispatcher->resolveClassMethodDependencies(Array, Object(App/Http/Controllers/Admin/ProductController), 'store')
#4 C:/xampp/htdocs/ERP_model/vendor/laravel/framework/src/Illuminate/Routing/ControllerDispatcher.php(40): Illuminate/Routing/ControllerDispatcher->resolveParameters(Object(Illuminate/Routing/Route), Object(App/Http/Controllers/Admin/ProductController), 'store')
#5 C:/xampp/htdocs/ERP_model/vendor/laravel/framework/src/Illuminate/Routing/Route.php(265): Illuminate/Routing/ControllerDispatcher->dispatch(Object(Illuminate/Routing/Route), Object(App/Http/Controllers/Admin/ProductController), 'store')
#6 C:/xampp/htdocs/ERP_model/vendor/laravel/framework/src/Illuminate/Routing/Route.php(211): Illuminate/Routing/Route->runController()
#7 C:/xampp/htdocs/ERP_model/vendor/laravel/framework/src/Illuminate/Routing/Router.php(822): Illuminate/Routing/Route->run()
#8 C:/xampp/htdocs/ERP_model/vendor/laravel/framework/src/Illuminate/Pipeline/Pipeline.php(180): Illuminate/Routing/Router->Illuminate/Routing/{closure}(Object(Illuminate/Http/Request))
#9 C:/xampp/htdocs/ERP_model/vendor/laravel/framework/src/Illuminate/Routing/Middleware/SubstituteBindings.php(50): Illuminate/Pipeline/Pipeline->Illuminate/Pipeline/{closure}(Object(Illuminate/Http/Request))
#10 C:/xampp/htdocs/ERP_model/vendor/laravel/framework/src/Illuminate/Pipeline/Pipeline.php(219): Illuminate/Routing/Middleware/SubstituteBindings->handle(Object(Illuminate/Http/Request), Object(Closure))
#11 C:/xampp/htdocs/ERP_model/vendor/laravel/framework/src/Illuminate/Auth/Middleware/Authenticate.php(63): Illuminate/Pipeline/Pipeline->Illuminate/Pipeline/{closure}(Object(Illuminate/Http/Request))
#12 C:/xampp/htdocs/ERP_model/vendor/laravel/framework/src/Illuminate/Pipeline/Pipeline.php(219): Illuminate/Auth/Middleware/Authenticate->handle(Object(Illuminate/Http/Request), Object(Closure))
#13 C:/xampp/htdocs/ERP_model/vendor/laravel/framework/src/Illuminate/Foundation/Http/Middleware/VerifyCsrfToken.php(87): Illuminate/Pipeline/Pipeline->Illuminate/Pipeline/{closure}(Object(Illuminate/Http/Request))
#14 C:/xampp/htdocs/ERP_model/vendor/laravel/framework/src/Illuminate/Pipeline/Pipeline.php(219): Illuminate/Foundation/Http/Middleware/VerifyCsrfToken->handle(Object(Illuminate/Http/Request), Object(Closure))
#15 C:/xampp/htdocs/ERP_model/vendor/laravel/framework/src/Illuminate/View/Middleware/ShareErrorsFromSession.php(48): Illuminate/Pipeline/Pipeline->Illuminate/Pipeline/{closure}(Object(Illuminate/Http/Request))
#16 C:/xampp/htdocs/ERP_model/vendor/laravel/framework/src/Illuminate/Pipeline/Pipeline.php(219): Illuminate/View/Middleware/ShareErrorsFromSession->handle(Object(Illuminate/Http/Request), Object(Closure))
#17 C:/xampp/htdocs/ERP_model/vendor/laravel/framework/src/Illuminate/Session/Middleware/StartSession.php(120): Illuminate/Pipeline/Pipeline->Illuminate/Pipeline/{closure}(Object(Illuminate/Http/Request))
#18 C:/xampp/htdocs/ERP_model/vendor/laravel/framework/src/Illuminate/Session/Middleware/StartSession.php(63): Illuminate/Session/Middleware/StartSession->handleStatefulRequest(Object(Illuminate/Http/Request), Object(Illuminate/Session/Store), Object(Closure))
#19 C:/xampp/htdocs/ERP_model/vendor/laravel/framework/src/Illuminate/Pipeline/Pipeline.php(219): Illuminate/Session/Middleware/StartSession->handle(Object(Illuminate/Http/Request), Object(Closure))
#20 C:/xampp/htdocs/ERP_model/vendor/laravel/framework/src/Illuminate/Cookie/Middleware/AddQueuedCookiesToResponse.php(36): Illuminate/Pipeline/Pipeline->Illuminate/Pipeline/{closure}(Object(Illuminate/Http/Request))
#21 C:/xampp/htdocs/ERP_model/vendor/laravel/framework/src/Illuminate/Pipeline/Pipeline.php(219): Illuminate/Cookie/Middleware/AddQueuedCookiesToResponse->handle(Object(Illuminate/Http/Request), Object(Closure))
#22 C:/xampp/htdocs/ERP_model/vendor/laravel/framework/src/Illuminate/Cookie/Middleware/EncryptCookies.php(74): Illuminate/Pipeline/Pipeline->Illuminate/Pipeline/{closure}(Object(Illuminate/Http/Request))
#23 C:/xampp/htdocs/ERP_model/vendor/laravel/framework/src/Illuminate/Pipeline/Pipeline.php(219): Illuminate/Cookie/Middleware/EncryptCookies->handle(Object(Illuminate/Http/Request), Object(Closure))
#24 C:/xampp/htdocs/ERP_model/vendor/laravel/framework/src/Illuminate/Pipeline/Pipeline.php(137): Illuminate/Pipeline/Pipeline->Illuminate/Pipeline/{closure}(Object(Illuminate/Http/Request))
#25 C:/xampp/htdocs/ERP_model/vendor/laravel/framework/src/Illuminate/Routing/Router.php(821): Illuminate/Pipeline/Pipeline->then(Object(Closure))
#26 C:/xampp/htdocs/ERP_model/vendor/laravel/framework/src/Illuminate/Routing/Router.php(800): Illuminate/Routing/Router->runRouteWithinStack(Object(Illuminate/Routing/Route), Object(Illuminate/Http/Request))
#27 C:/xampp/htdocs/ERP_model/vendor/laravel/framework/src/Illuminate/Routing/Router.php(764): Illuminate/Routing/Router->runRoute(Object(Illuminate/Http/Request), Object(Illuminate/Routing/Route))
#28 C:/xampp/htdocs/ERP_model/vendor/laravel/framework/src/Illuminate/Routing/Router.php(753): Illuminate/Routing/Router->dispatchToRoute(Object(Illuminate/Http/Request))
#29 C:/xampp/htdocs/ERP_model/vendor/laravel/framework/src/Illuminate/Foundation/Http/Kernel.php(200): Illuminate/Routing/Router->dispatch(Object(Illuminate/Http/Request))
#30 C:/xampp/htdocs/ERP_model/vendor/laravel/framework/src/Illuminate/Pipeline/Pipeline.php(180): Illuminate/Foundation/Http/Kernel->Illuminate/Foundation/Http/{closure}(Object(Illuminate/Http/Request))
#31 C:/xampp/htdocs/ERP_model/vendor/laravel/framework/src/Illuminate/Foundation/Http/Middleware/TransformsRequest.php(21): Illuminate/Pipeline/Pipeline->Illuminate/Pipeline/{closure}(Object(Illuminate/Http/Request))
#32 C:/xampp/htdocs/ERP_model/vendor/laravel/framework/src/Illuminate/Foundation/Http/Middleware/ConvertEmptyStringsToNull.php(31): Illuminate/Foundation/Http/Middleware/TransformsRequest->handle(Object(Illuminate/Http/Request), Object(Closure))
#33 C:/xampp/htdocs/ERP_model/vendor/laravel/framework/src/Illuminate/Pipeline/Pipeline.php(219): Illuminate/Foundation/Http/Middleware/ConvertEmptyStringsToNull->handle(Object(Illuminate/Http/Request), Object(Closure))
#34 C:/xampp/htdocs/ERP_model/vendor/laravel/framework/src/Illuminate/Foundation/Http/Middleware/TransformsRequest.php(21): Illuminate/Pipeline/Pipeline->Illuminate/Pipeline/{closure}(Object(Illuminate/Http/Request))
#35 C:/xampp/htdocs/ERP_model/vendor/laravel/framework/src/Illuminate/Foundation/Http/Middleware/TrimStrings.php(51): Illuminate/Foundation/Http/Middleware/TransformsRequest->handle(Object(Illuminate/Http/Request), Object(Closure))
#36 C:/xampp/htdocs/ERP_model/vendor/laravel/framework/src/Illuminate/Pipeline/Pipeline.php(219): Illuminate/Foundation/Http/Middleware/TrimStrings->handle(Object(Illuminate/Http/Request), Object(Closure))
#37 C:/xampp/htdocs/ERP_model/vendor/laravel/framework/src/Illuminate/Http/Middleware/ValidatePostSize.php(27): Illuminate/Pipeline/Pipeline->Illuminate/Pipeline/{closure}(Object(Illuminate/Http/Request))
#38 C:/xampp/htdocs/ERP_model/vendor/laravel/framework/src/Illuminate/Pipeline/Pipeline.php(219): Illuminate/Http/Middleware/ValidatePostSize->handle(Object(Illuminate/Http/Request), Object(Closure))
#39 C:/xampp/htdocs/ERP_model/vendor/laravel/framework/src/Illuminate/Foundation/Http/Middleware/PreventRequestsDuringMaintenance.php(109): Illuminate/Pipeline/Pipeline->Illuminate/Pipeline/{closure}(Object(Illuminate/Http/Request))
#40 C:/xampp/htdocs/ERP_model/vendor/laravel/framework/src/Illuminate/Pipeline/Pipeline.php(219): Illuminate/Foundation/Http/Middleware/PreventRequestsDuringMaintenance->handle(Object(Illuminate/Http/Request), Object(Closure))
#41 C:/xampp/htdocs/ERP_model/vendor/laravel/framework/src/Illuminate/Http/Middleware/HandleCors.php(61): Illuminate/Pipeline/Pipeline->Illuminate/Pipeline/{closure}(Object(Illuminate/Http/Request))
#42 C:/xampp/htdocs/ERP_model/vendor/laravel/framework/src/Illuminate/Pipeline/Pipeline.php(219): Illuminate/Http/Middleware/HandleCors->handle(Object(Illuminate/Http/Request), Object(Closure))
#43 C:/xampp/htdocs/ERP_model/vendor/laravel/framework/src/Illuminate/Http/Middleware/TrustProxies.php(58): Illuminate/Pipeline/Pipeline->Illuminate/Pipeline/{closure}(Object(Illuminate/Http/Request))
#44 C:/xampp/htdocs/ERP_model/vendor/laravel/framework/src/Illuminate/Pipeline/Pipeline.php(219): Illuminate/Http/Middleware/TrustProxies->handle(Object(Illuminate/Http/Request), Object(Closure))
#45 C:/xampp/htdocs/ERP_model/vendor/laravel/framework/src/Illuminate/Foundation/Http/Middleware/InvokeDeferredCallbacks.php(22): Illuminate/Pipeline/Pipeline->Illuminate/Pipeline/{closure}(Object(Illuminate/Http/Request))
#46 C:/xampp/htdocs/ERP_model/vendor/laravel/framework/src/Illuminate/Pipeline/Pipeline.php(219): Illuminate/Foundation/Http/Middleware/InvokeDeferredCallbacks->handle(Object(Illuminate/Http/Request), Object(Closure))
#47 C:/xampp/htdocs/ERP_model/vendor/laravel/framework/src/Illuminate/Http/Middleware/ValidatePathEncoding.php(26): Illuminate/Pipeline/Pipeline->Illuminate/Pipeline/{closure}(Object(Illuminate/Http/Request))
#48 C:/xampp/htdocs/ERP_model/vendor/laravel/framework/src/Illuminate/Pipeline/Pipeline.php(219): Illuminate/Http/Middleware/ValidatePathEncoding->handle(Object(Illuminate/Http/Request), Object(Closure))
#49 C:/xampp/htdocs/ERP_model/vendor/laravel/framework/src/Illuminate/Pipeline/Pipeline.php(137): Illuminate/Pipeline/Pipeline->Illuminate/Pipeline/{closure}(Object(Illuminate/Http/Request))
#50 C:/xampp/htdocs/ERP_model/vendor/laravel/framework/src/Illuminate/Foundation/Http/Kernel.php(175): Illuminate/Pipeline/Pipeline->then(Object(Closure))
#51 C:/xampp/htdocs/ERP_model/vendor/laravel/framework/src/Illuminate/Foundation/Http/Kernel.php(144): Illuminate/Foundation/Http/Kernel->sendRequestThroughRouter(Object(Illuminate/Http/Request))
#52 C:/xampp/htdocs/ERP_model/vendor/laravel/framework/src/Illuminate/Foundation/Application.php(1220): Illuminate/Foundation/Http/Kernel->handle(Object(Illuminate/Http/Request))
#53 C:/xampp/htdocs/ERP_model/public/index.php(20): Illuminate/Foundation/Application->handleRequest(Object(Illuminate/Http/Request))
#54 C:/xampp/htdocs/ERP_model/vendor/laravel/framework/src/Illuminate/Foundation/resources/server.php(23): require_once('C://xampp//htdocs...')
#55 {main}
"} 
[2026-06-19 07:24:32] local.ERROR: Class "App\Http\Requests\ProductRequest" does not exist {"userId":1,"exception":"[object] (ReflectionException(code: -1): Class \"App\\Http\\Requests\\ProductRequest\" does not exist at C:/xampp/htdocs/ERP_model/vendor/laravel/framework/src/Illuminate/Routing/ResolvesRouteDependencies.php:88)
[stacktrace]
#0 C:/xampp/htdocs/ERP_model/vendor/laravel/framework/src/Illuminate/Routing/ResolvesRouteDependencies.php(88): ReflectionClass->__construct('App//Http//Reques...')
#1 C:/xampp/htdocs/ERP_model/vendor/laravel/framework/src/Illuminate/Routing/ResolvesRouteDependencies.php(51): Illuminate/Routing/ControllerDispatcher->transformDependency(Object(ReflectionParameter), Array, Object(stdClass))
#2 C:/xampp/htdocs/ERP_model/vendor/laravel/framework/src/Illuminate/Routing/ResolvesRouteDependencies.php(30): Illuminate/Routing/ControllerDispatcher->resolveMethodDependencies(Array, Object(ReflectionMethod))
#3 C:/xampp/htdocs/ERP_model/vendor/laravel/framework/src/Illuminate/Routing/ControllerDispatcher.php(59): Illuminate/Routing/ControllerDispatcher->resolveClassMethodDependencies(Array, Object(App/Http/Controllers/Admin/ProductController), 'store')
#4 C:/xampp/htdocs/ERP_model/vendor/laravel/framework/src/Illuminate/Routing/ControllerDispatcher.php(40): Illuminate/Routing/ControllerDispatcher->resolveParameters(Object(Illuminate/Routing/Route), Object(App/Http/Controllers/Admin/ProductController), 'store')
#5 C:/xampp/htdocs/ERP_model/vendor/laravel/framework/src/Illuminate/Routing/Route.php(265): Illuminate/Routing/ControllerDispatcher->dispatch(Object(Illuminate/Routing/Route), Object(App/Http/Controllers/Admin/ProductController), 'store')
#6 C:/xampp/htdocs/ERP_model/vendor/laravel/framework/src/Illuminate/Routing/Route.php(211): Illuminate/Routing/Route->runController()
#7 C:/xampp/htdocs/ERP_model/vendor/laravel/framework/src/Illuminate/Routing/Router.php(822): Illuminate/Routing/Route->run()
#8 C:/xampp/htdocs/ERP_model/vendor/laravel/framework/src/Illuminate/Pipeline/Pipeline.php(180): Illuminate/Routing/Router->Illuminate/Routing/{closure}(Object(Illuminate/Http/Request))
#9 C:/xampp/htdocs/ERP_model/vendor/laravel/framework/src/Illuminate/Routing/Middleware/SubstituteBindings.php(50): Illuminate/Pipeline/Pipeline->Illuminate/Pipeline/{closure}(Object(Illuminate/Http/Request))
#10 C:/xampp/htdocs/ERP_model/vendor/laravel/framework/src/Illuminate/Pipeline/Pipeline.php(219): Illuminate/Routing/Middleware/SubstituteBindings->handle(Object(Illuminate/Http/Request), Object(Closure))
#11 C:/xampp/htdocs/ERP_model/vendor/laravel/framework/src/Illuminate/Auth/Middleware/Authenticate.php(63): Illuminate/Pipeline/Pipeline->Illuminate/Pipeline/{closure}(Object(Illuminate/Http/Request))
#12 C:/xampp/htdocs/ERP_model/vendor/laravel/framework/src/Illuminate/Pipeline/Pipeline.php(219): Illuminate/Auth/Middleware/Authenticate->handle(Object(Illuminate/Http/Request), Object(Closure))
#13 C:/xampp/htdocs/ERP_model/vendor/laravel/framework/src/Illuminate/Foundation/Http/Middleware/VerifyCsrfToken.php(87): Illuminate/Pipeline/Pipeline->Illuminate/Pipeline/{closure}(Object(Illuminate/Http/Request))
#14 C:/xampp/htdocs/ERP_model/vendor/laravel/framework/src/Illuminate/Pipeline/Pipeline.php(219): Illuminate/Foundation/Http/Middleware/VerifyCsrfToken->handle(Object(Illuminate/Http/Request), Object(Closure))
#15 C:/xampp/htdocs/ERP_model/vendor/laravel/framework/src/Illuminate/View/Middleware/ShareErrorsFromSession.php(48): Illuminate/Pipeline/Pipeline->Illuminate/Pipeline/{closure}(Object(Illuminate/Http/Request))
#16 C:/xampp/htdocs/ERP_model/vendor/laravel/framework/src/Illuminate/Pipeline/Pipeline.php(219): Illuminate/View/Middleware/ShareErrorsFromSession->handle(Object(Illuminate/Http/Request), Object(Closure))
#17 C:/xampp/htdocs/ERP_model/vendor/laravel/framework/src/Illuminate/Session/Middleware/StartSession.php(120): Illuminate/Pipeline/Pipeline->Illuminate/Pipeline/{closure}(Object(Illuminate/Http/Request))
#18 C:/xampp/htdocs/ERP_model/vendor/laravel/framework/src/Illuminate/Session/Middleware/StartSession.php(63): Illuminate/Session/Middleware/StartSession->handleStatefulRequest(Object(Illuminate/Http/Request), Object(Illuminate/Session/Store), Object(Closure))
#19 C:/xampp/htdocs/ERP_model/vendor/laravel/framework/src/Illuminate/Pipeline/Pipeline.php(219): Illuminate/Session/Middleware/StartSession->handle(Object(Illuminate/Http/Request), Object(Closure))
#20 C:/xampp/htdocs/ERP_model/vendor/laravel/framework/src/Illuminate/Cookie/Middleware/AddQueuedCookiesToResponse.php(36): Illuminate/Pipeline/Pipeline->Illuminate/Pipeline/{closure}(Object(Illuminate/Http/Request))
#21 C:/xampp/htdocs/ERP_model/vendor/laravel/framework/src/Illuminate/Pipeline/Pipeline.php(219): Illuminate/Cookie/Middleware/AddQueuedCookiesToResponse->handle(Object(Illuminate/Http/Request), Object(Closure))
#22 C:/xampp/htdocs/ERP_model/vendor/laravel/framework/src/Illuminate/Cookie/Middleware/EncryptCookies.php(74): Illuminate/Pipeline/Pipeline->Illuminate/Pipeline/{closure}(Object(Illuminate/Http/Request))
#23 C:/xampp/htdocs/ERP_model/vendor/laravel/framework/src/Illuminate/Pipeline/Pipeline.php(219): Illuminate/Cookie/Middleware/EncryptCookies->handle(Object(Illuminate/Http/Request), Object(Closure))
#24 C:/xampp/htdocs/ERP_model/vendor/laravel/framework/src/Illuminate/Pipeline/Pipeline.php(137): Illuminate/Pipeline/Pipeline->Illuminate/Pipeline/{closure}(Object(Illuminate/Http/Request))
#25 C:/xampp/htdocs/ERP_model/vendor/laravel/framework/src/Illuminate/Routing/Router.php(821): Illuminate/Pipeline/Pipeline->then(Object(Closure))
#26 C:/xampp/htdocs/ERP_model/vendor/laravel/framework/src/Illuminate/Routing/Router.php(800): Illuminate/Routing/Router->runRouteWithinStack(Object(Illuminate/Routing/Route), Object(Illuminate/Http/Request))
#27 C:/xampp/htdocs/ERP_model/vendor/laravel/framework/src/Illuminate/Routing/Router.php(764): Illuminate/Routing/Router->runRoute(Object(Illuminate/Http/Request), Object(Illuminate/Routing/Route))
#28 C:/xampp/htdocs/ERP_model/vendor/laravel/framework/src/Illuminate/Routing/Router.php(753): Illuminate/Routing/Router->dispatchToRoute(Object(Illuminate/Http/Request))
#29 C:/xampp/htdocs/ERP_model/vendor/laravel/framework/src/Illuminate/Foundation/Http/Kernel.php(200): Illuminate/Routing/Router->dispatch(Object(Illuminate/Http/Request))
#30 C:/xampp/htdocs/ERP_model/vendor/laravel/framework/src/Illuminate/Pipeline/Pipeline.php(180): Illuminate/Foundation/Http/Kernel->Illuminate/Foundation/Http/{closure}(Object(Illuminate/Http/Request))
#31 C:/xampp/htdocs/ERP_model/vendor/laravel/framework/src/Illuminate/Foundation/Http/Middleware/TransformsRequest.php(21): Illuminate/Pipeline/Pipeline->Illuminate/Pipeline/{closure}(Object(Illuminate/Http/Request))
#32 C:/xampp/htdocs/ERP_model/vendor/laravel/framework/src/Illuminate/Foundation/Http/Middleware/ConvertEmptyStringsToNull.php(31): Illuminate/Foundation/Http/Middleware/TransformsRequest->handle(Object(Illuminate/Http/Request), Object(Closure))
#33 C:/xampp/htdocs/ERP_model/vendor/laravel/framework/src/Illuminate/Pipeline/Pipeline.php(219): Illuminate/Foundation/Http/Middleware/ConvertEmptyStringsToNull->handle(Object(Illuminate/Http/Request), Object(Closure))
#34 C:/xampp/htdocs/ERP_model/vendor/laravel/framework/src/Illuminate/Foundation/Http/Middleware/TransformsRequest.php(21): Illuminate/Pipeline/Pipeline->Illuminate/Pipeline/{closure}(Object(Illuminate/Http/Request))
#35 C:/xampp/htdocs/ERP_model/vendor/laravel/framework/src/Illuminate/Foundation/Http/Middleware/TrimStrings.php(51): Illuminate/Foundation/Http/Middleware/TransformsRequest->handle(Object(Illuminate/Http/Request), Object(Closure))
#36 C:/xampp/htdocs/ERP_model/vendor/laravel/framework/src/Illuminate/Pipeline/Pipeline.php(219): Illuminate/Foundation/Http/Middleware/TrimStrings->handle(Object(Illuminate/Http/Request), Object(Closure))
#37 C:/xampp/htdocs/ERP_model/vendor/laravel/framework/src/Illuminate/Http/Middleware/ValidatePostSize.php(27): Illuminate/Pipeline/Pipeline->Illuminate/Pipeline/{closure}(Object(Illuminate/Http/Request))
#38 C:/xampp/htdocs/ERP_model/vendor/laravel/framework/src/Illuminate/Pipeline/Pipeline.php(219): Illuminate/Http/Middleware/ValidatePostSize->handle(Object(Illuminate/Http/Request), Object(Closure))
#39 C:/xampp/htdocs/ERP_model/vendor/laravel/framework/src/Illuminate/Foundation/Http/Middleware/PreventRequestsDuringMaintenance.php(109): Illuminate/Pipeline/Pipeline->Illuminate/Pipeline/{closure}(Object(Illuminate/Http/Request))
#40 C:/xampp/htdocs/ERP_model/vendor/laravel/framework/src/Illuminate/Pipeline/Pipeline.php(219): Illuminate/Foundation/Http/Middleware/PreventRequestsDuringMaintenance->handle(Object(Illuminate/Http/Request), Object(Closure))
#41 C:/xampp/htdocs/ERP_model/vendor/laravel/framework/src/Illuminate/Http/Middleware/HandleCors.php(61): Illuminate/Pipeline/Pipeline->Illuminate/Pipeline/{closure}(Object(Illuminate/Http/Request))
#42 C:/xampp/htdocs/ERP_model/vendor/laravel/framework/src/Illuminate/Pipeline/Pipeline.php(219): Illuminate/Http/Middleware/HandleCors->handle(Object(Illuminate/Http/Request), Object(Closure))
#43 C:/xampp/htdocs/ERP_model/vendor/laravel/framework/src/Illuminate/Http/Middleware/TrustProxies.php(58): Illuminate/Pipeline/Pipeline->Illuminate/Pipeline/{closure}(Object(Illuminate/Http/Request))
#44 C:/xampp/htdocs/ERP_model/vendor/laravel/framework/src/Illuminate/Pipeline/Pipeline.php(219): Illuminate/Http/Middleware/TrustProxies->handle(Object(Illuminate/Http/Request), Object(Closure))
#45 C:/xampp/htdocs/ERP_model/vendor/laravel/framework/src/Illuminate/Foundation/Http/Middleware/InvokeDeferredCallbacks.php(22): Illuminate/Pipeline/Pipeline->Illuminate/Pipeline/{closure}(Object(Illuminate/Http/Request))
#46 C:/xampp/htdocs/ERP_model/vendor/laravel/framework/src/Illuminate/Pipeline/Pipeline.php(219): Illuminate/Foundation/Http/Middleware/InvokeDeferredCallbacks->handle(Object(Illuminate/Http/Request), Object(Closure))
#47 C:/xampp/htdocs/ERP_model/vendor/laravel/framework/src/Illuminate/Http/Middleware/ValidatePathEncoding.php(26): Illuminate/Pipeline/Pipeline->Illuminate/Pipeline/{closure}(Object(Illuminate/Http/Request))
#48 C:/xampp/htdocs/ERP_model/vendor/laravel/framework/src/Illuminate/Pipeline/Pipeline.php(219): Illuminate/Http/Middleware/ValidatePathEncoding->handle(Object(Illuminate/Http/Request), Object(Closure))
#49 C:/xampp/htdocs/ERP_model/vendor/laravel/framework/src/Illuminate/Pipeline/Pipeline.php(137): Illuminate/Pipeline/Pipeline->Illuminate/Pipeline/{closure}(Object(Illuminate/Http/Request))
#50 C:/xampp/htdocs/ERP_model/vendor/laravel/framework/src/Illuminate/Foundation/Http/Kernel.php(175): Illuminate/Pipeline/Pipeline->then(Object(Closure))
#51 C:/xampp/htdocs/ERP_model/vendor/laravel/framework/src/Illuminate/Foundation/Http/Kernel.php(144): Illuminate/Foundation/Http/Kernel->sendRequestThroughRouter(Object(Illuminate/Http/Request))
#52 C:/xampp/htdocs/ERP_model/vendor/laravel/framework/src/Illuminate/Foundation/Application.php(1220): Illuminate/Foundation/Http/Kernel->handle(Object(Illuminate/Http/Request))
#53 C:/xampp/htdocs/ERP_model/public/index.php(20): Illuminate/Foundation/Application->handleRequest(Object(Illuminate/Http/Request))
#54 C:/xampp/htdocs/ERP_model/vendor/laravel/framework/src/Illuminate/Foundation/resources/server.php(23): require_once('C://xampp//htdocs...')
#55 {main}
"} 
[2026-06-19 07:29:56] local.ERROR: Call to undefined method App\Http\Controllers\Admin\PurchaseOrderController::middleware() {"userId":1,"exception":"[object] (Error(code: 0): Call to undefined method App\\Http\\Controllers\\Admin\\PurchaseOrderController::middleware() at C:/xampp/htdocs/ERP_model/app/Http/Controllers/Admin/PurchaseOrderController.php:22)
[stacktrace]
#0 C:/xampp/htdocs/ERP_model/vendor/laravel/framework/src/Illuminate/Container/Container.php(1168): App/Http/Controllers/Admin/PurchaseOrderController->__construct(Object(App/Services/PurchaseOrderService))
#1 C:/xampp/htdocs/ERP_model/vendor/laravel/framework/src/Illuminate/Container/Container.php(933): Illuminate/Container/Container->build('App//Http//Contro...')
#2 C:/xampp/htdocs/ERP_model/vendor/laravel/framework/src/Illuminate/Foundation/Application.php(1078): Illuminate/Container/Container->resolve('App//Http//Contro...', Array, true)
#3 C:/xampp/htdocs/ERP_model/vendor/laravel/framework/src/Illuminate/Container/Container.php(864): Illuminate/Foundation/Application->resolve('App//Http//Contro...', Array)
#4 C:/xampp/htdocs/ERP_model/vendor/laravel/framework/src/Illuminate/Foundation/Application.php(1058): Illuminate/Container/Container->make('App//Http//Contro...', Array)
#5 C:/xampp/htdocs/ERP_model/vendor/laravel/framework/src/Illuminate/Routing/Route.php(286): Illuminate/Foundation/Application->make('App//Http//Contro...')
#6 C:/xampp/htdocs/ERP_model/vendor/laravel/framework/src/Illuminate/Routing/Route.php(266): Illuminate/Routing/Route->getController()
#7 C:/xampp/htdocs/ERP_model/vendor/laravel/framework/src/Illuminate/Routing/Route.php(211): Illuminate/Routing/Route->runController()
#8 C:/xampp/htdocs/ERP_model/vendor/laravel/framework/src/Illuminate/Routing/Router.php(822): Illuminate/Routing/Route->run()
#9 C:/xampp/htdocs/ERP_model/vendor/laravel/framework/src/Illuminate/Pipeline/Pipeline.php(180): Illuminate/Routing/Router->Illuminate/Routing/{closure}(Object(Illuminate/Http/Request))
#10 C:/xampp/htdocs/ERP_model/vendor/laravel/framework/src/Illuminate/Routing/Middleware/SubstituteBindings.php(50): Illuminate/Pipeline/Pipeline->Illuminate/Pipeline/{closure}(Object(Illuminate/Http/Request))
#11 C:/xampp/htdocs/ERP_model/vendor/laravel/framework/src/Illuminate/Pipeline/Pipeline.php(219): Illuminate/Routing/Middleware/SubstituteBindings->handle(Object(Illuminate/Http/Request), Object(Closure))
#12 C:/xampp/htdocs/ERP_model/vendor/laravel/framework/src/Illuminate/Auth/Middleware/Authenticate.php(63): Illuminate/Pipeline/Pipeline->Illuminate/Pipeline/{closure}(Object(Illuminate/Http/Request))
#13 C:/xampp/htdocs/ERP_model/vendor/laravel/framework/src/Illuminate/Pipeline/Pipeline.php(219): Illuminate/Auth/Middleware/Authenticate->handle(Object(Illuminate/Http/Request), Object(Closure))
#14 C:/xampp/htdocs/ERP_model/vendor/laravel/framework/src/Illuminate/Foundation/Http/Middleware/VerifyCsrfToken.php(87): Illuminate/Pipeline/Pipeline->Illuminate/Pipeline/{closure}(Object(Illuminate/Http/Request))
#15 C:/xampp/htdocs/ERP_model/vendor/laravel/framework/src/Illuminate/Pipeline/Pipeline.php(219): Illuminate/Foundation/Http/Middleware/VerifyCsrfToken->handle(Object(Illuminate/Http/Request), Object(Closure))
#16 C:/xampp/htdocs/ERP_model/vendor/laravel/framework/src/Illuminate/View/Middleware/ShareErrorsFromSession.php(48): Illuminate/Pipeline/Pipeline->Illuminate/Pipeline/{closure}(Object(Illuminate/Http/Request))
#17 C:/xampp/htdocs/ERP_model/vendor/laravel/framework/src/Illuminate/Pipeline/Pipeline.php(219): Illuminate/View/Middleware/ShareErrorsFromSession->handle(Object(Illuminate/Http/Request), Object(Closure))
#18 C:/xampp/htdocs/ERP_model/vendor/laravel/framework/src/Illuminate/Session/Middleware/StartSession.php(120): Illuminate/Pipeline/Pipeline->Illuminate/Pipeline/{closure}(Object(Illuminate/Http/Request))
#19 C:/xampp/htdocs/ERP_model/vendor/laravel/framework/src/Illuminate/Session/Middleware/StartSession.php(63): Illuminate/Session/Middleware/StartSession->handleStatefulRequest(Object(Illuminate/Http/Request), Object(Illuminate/Session/Store), Object(Closure))
#20 C:/xampp/htdocs/ERP_model/vendor/laravel/framework/src/Illuminate/Pipeline/Pipeline.php(219): Illuminate/Session/Middleware/StartSession->handle(Object(Illuminate/Http/Request), Object(Closure))
#21 C:/xampp/htdocs/ERP_model/vendor/laravel/framework/src/Illuminate/Cookie/Middleware/AddQueuedCookiesToResponse.php(36): Illuminate/Pipeline/Pipeline->Illuminate/Pipeline/{closure}(Object(Illuminate/Http/Request))
#22 C:/xampp/htdocs/ERP_model/vendor/laravel/framework/src/Illuminate/Pipeline/Pipeline.php(219): Illuminate/Cookie/Middleware/AddQueuedCookiesToResponse->handle(Object(Illuminate/Http/Request), Object(Closure))
#23 C:/xampp/htdocs/ERP_model/vendor/laravel/framework/src/Illuminate/Cookie/Middleware/EncryptCookies.php(74): Illuminate/Pipeline/Pipeline->Illuminate/Pipeline/{closure}(Object(Illuminate/Http/Request))
#24 C:/xampp/htdocs/ERP_model/vendor/laravel/framework/src/Illuminate/Pipeline/Pipeline.php(219): Illuminate/Cookie/Middleware/EncryptCookies->handle(Object(Illuminate/Http/Request), Object(Closure))
#25 C:/xampp/htdocs/ERP_model/vendor/laravel/framework/src/Illuminate/Pipeline/Pipeline.php(137): Illuminate/Pipeline/Pipeline->Illuminate/Pipeline/{closure}(Object(Illuminate/Http/Request))
#26 C:/xampp/htdocs/ERP_model/vendor/laravel/framework/src/Illuminate/Routing/Router.php(821): Illuminate/Pipeline/Pipeline->then(Object(Closure))
#27 C:/xampp/htdocs/ERP_model/vendor/laravel/framework/src/Illuminate/Routing/Router.php(800): Illuminate/Routing/Router->runRouteWithinStack(Object(Illuminate/Routing/Route), Object(Illuminate/Http/Request))
#28 C:/xampp/htdocs/ERP_model/vendor/laravel/framework/src/Illuminate/Routing/Router.php(764): Illuminate/Routing/Router->runRoute(Object(Illuminate/Http/Request), Object(Illuminate/Routing/Route))
#29 C:/xampp/htdocs/ERP_model/vendor/laravel/framework/src/Illuminate/Routing/Router.php(753): Illuminate/Routing/Router->dispatchToRoute(Object(Illuminate/Http/Request))
#30 C:/xampp/htdocs/ERP_model/vendor/laravel/framework/src/Illuminate/Foundation/Http/Kernel.php(200): Illuminate/Routing/Router->dispatch(Object(Illuminate/Http/Request))
#31 C:/xampp/htdocs/ERP_model/vendor/laravel/framework/src/Illuminate/Pipeline/Pipeline.php(180): Illuminate/Foundation/Http/Kernel->Illuminate/Foundation/Http/{closure}(Object(Illuminate/Http/Request))
#32 C:/xampp/htdocs/ERP_model/vendor/laravel/framework/src/Illuminate/Foundation/Http/Middleware/TransformsRequest.php(21): Illuminate/Pipeline/Pipeline->Illuminate/Pipeline/{closure}(Object(Illuminate/Http/Request))
#33 C:/xampp/htdocs/ERP_model/vendor/laravel/framework/src/Illuminate/Foundation/Http/Middleware/ConvertEmptyStringsToNull.php(31): Illuminate/Foundation/Http/Middleware/TransformsRequest->handle(Object(Illuminate/Http/Request), Object(Closure))
#34 C:/xampp/htdocs/ERP_model/vendor/laravel/framework/src/Illuminate/Pipeline/Pipeline.php(219): Illuminate/Foundation/Http/Middleware/ConvertEmptyStringsToNull->handle(Object(Illuminate/Http/Request), Object(Closure))
#35 C:/xampp/htdocs/ERP_model/vendor/laravel/framework/src/Illuminate/Foundation/Http/Middleware/TransformsRequest.php(21): Illuminate/Pipeline/Pipeline->Illuminate/Pipeline/{closure}(Object(Illuminate/Http/Request))
#36 C:/xampp/htdocs/ERP_model/vendor/laravel/framework/src/Illuminate/Foundation/Http/Middleware/TrimStrings.php(51): Illuminate/Foundation/Http/Middleware/TransformsRequest->handle(Object(Illuminate/Http/Request), Object(Closure))
#37 C:/xampp/htdocs/ERP_model/vendor/laravel/framework/src/Illuminate/Pipeline/Pipeline.php(219): Illuminate/Foundation/Http/Middleware/TrimStrings->handle(Object(Illuminate/Http/Request), Object(Closure))
#38 C:/xampp/htdocs/ERP_model/vendor/laravel/framework/src/Illuminate/Http/Middleware/ValidatePostSize.php(27): Illuminate/Pipeline/Pipeline->Illuminate/Pipeline/{closure}(Object(Illuminate/Http/Request))
#39 C:/xampp/htdocs/ERP_model/vendor/laravel/framework/src/Illuminate/Pipeline/Pipeline.php(219): Illuminate/Http/Middleware/ValidatePostSize->handle(Object(Illuminate/Http/Request), Object(Closure))
#40 C:/xampp/htdocs/ERP_model/vendor/laravel/framework/src/Illuminate/Foundation/Http/Middleware/PreventRequestsDuringMaintenance.php(109): Illuminate/Pipeline/Pipeline->Illuminate/Pipeline/{closure}(Object(Illuminate/Http/Request))
#41 C:/xampp/htdocs/ERP_model/vendor/laravel/framework/src/Illuminate/Pipeline/Pipeline.php(219): Illuminate/Foundation/Http/Middleware/PreventRequestsDuringMaintenance->handle(Object(Illuminate/Http/Request), Object(Closure))
#42 C:/xampp/htdocs/ERP_model/vendor/laravel/framework/src/Illuminate/Http/Middleware/HandleCors.php(61): Illuminate/Pipeline/Pipeline->Illuminate/Pipeline/{closure}(Object(Illuminate/Http/Request))
#43 C:/xampp/htdocs/ERP_model/vendor/laravel/framework/src/Illuminate/Pipeline/Pipeline.php(219): Illuminate/Http/Middleware/HandleCors->handle(Object(Illuminate/Http/Request), Object(Closure))
#44 C:/xampp/htdocs/ERP_model/vendor/laravel/framework/src/Illuminate/Http/Middleware/TrustProxies.php(58): Illuminate/Pipeline/Pipeline->Illuminate/Pipeline/{closure}(Object(Illuminate/Http/Request))
#45 C:/xampp/htdocs/ERP_model/vendor/laravel/framework/src/Illuminate/Pipeline/Pipeline.php(219): Illuminate/Http/Middleware/TrustProxies->handle(Object(Illuminate/Http/Request), Object(Closure))
#46 C:/xampp/htdocs/ERP_model/vendor/laravel/framework/src/Illuminate/Foundation/Http/Middleware/InvokeDeferredCallbacks.php(22): Illuminate/Pipeline/Pipeline->Illuminate/Pipeline/{closure}(Object(Illuminate/Http/Request))
#47 C:/xampp/htdocs/ERP_model/vendor/laravel/framework/src/Illuminate/Pipeline/Pipeline.php(219): Illuminate/Foundation/Http/Middleware/InvokeDeferredCallbacks->handle(Object(Illuminate/Http/Request), Object(Closure))
#48 C:/xampp/htdocs/ERP_model/vendor/laravel/framework/src/Illuminate/Http/Middleware/ValidatePathEncoding.php(26): Illuminate/Pipeline/Pipeline->Illuminate/Pipeline/{closure}(Object(Illuminate/Http/Request))
#49 C:/xampp/htdocs/ERP_model/vendor/laravel/framework/src/Illuminate/Pipeline/Pipeline.php(219): Illuminate/Http/Middleware/ValidatePathEncoding->handle(Object(Illuminate/Http/Request), Object(Closure))
#50 C:/xampp/htdocs/ERP_model/vendor/laravel/framework/src/Illuminate/Pipeline/Pipeline.php(137): Illuminate/Pipeline/Pipeline->Illuminate/Pipeline/{closure}(Object(Illuminate/Http/Request))
#51 C:/xampp/htdocs/ERP_model/vendor/laravel/framework/src/Illuminate/Foundation/Http/Kernel.php(175): Illuminate/Pipeline/Pipeline->then(Object(Closure))
#52 C:/xampp/htdocs/ERP_model/vendor/laravel/framework/src/Illuminate/Foundation/Http/Kernel.php(144): Illuminate/Foundation/Http/Kernel->sendRequestThroughRouter(Object(Illuminate/Http/Request))
#53 C:/xampp/htdocs/ERP_model/vendor/laravel/framework/src/Illuminate/Foundation/Application.php(1220): Illuminate/Foundation/Http/Kernel->handle(Object(Illuminate/Http/Request))
#54 C:/xampp/htdocs/ERP_model/public/index.php(20): Illuminate/Foundation/Application->handleRequest(Object(Illuminate/Http/Request))
#55 C:/xampp/htdocs/ERP_model/vendor/laravel/framework/src/Illuminate/Foundation/resources/server.php(23): require_once('C://xampp//htdocs...')
#56 {main}
"} 
[2026-06-19 07:40:29] local.WARNING: Activity log not available: SQLSTATE[42S02]: Base table or view not found: 1146 Table 'erp_model.activity_log' doesn't exist (Connection: mysql, Host: 127.0.0.1, Port: 3306, Database: erp_model, SQL: insert into `activity_log` (`log_name`, `properties`, `causer_id`, `causer_type`, `batch_uuid`, `subject_id`, `subject_type`, `description`, `updated_at`, `created_at`) values (default, {"type":"in","quantity":1,"new_balance":1}, 1, App\Models\User, ?, 3, App\Models\WarehouseStock, Manual stock adjustment, 2026-06-19 07:40:29, 2026-06-19 07:40:29))  
[2026-06-22 07:18:08] local.ERROR: View [auth.login] not found. {"exception":"[object] (InvalidArgumentException(code: 0): View [auth.login] not found. at C:/xampp/htdocs/ERP_Model_file/vendor/laravel/framework/src/Illuminate/View/FileViewFinder.php:138)
[stacktrace]
#0 C:/xampp/htdocs/ERP_Model_file/vendor/laravel/framework/src/Illuminate/View/FileViewFinder.php(78): Illuminate/View/FileViewFinder->findInPaths('auth.login', Array)
#1 C:/xampp/htdocs/ERP_Model_file/vendor/laravel/framework/src/Illuminate/View/Factory.php(150): Illuminate/View/FileViewFinder->find('auth.login')
#2 C:/xampp/htdocs/ERP_Model_file/vendor/laravel/framework/src/Illuminate/Foundation/helpers.php(1100): Illuminate/View/Factory->make('auth.login', Array, Array)
#3 C:/xampp/htdocs/ERP_Model_file/routes/web.php(20): view('auth.login')
#4 C:/xampp/htdocs/ERP_Model_file/vendor/laravel/framework/src/Illuminate/Routing/CallableDispatcher.php(39): Illuminate/Routing/RouteFileRegistrar->{closure}()
#5 C:/xampp/htdocs/ERP_Model_file/vendor/laravel/framework/src/Illuminate/Routing/Route.php(243): Illuminate/Routing/CallableDispatcher->dispatch(Object(Illuminate/Routing/Route), Object(Closure))
#6 C:/xampp/htdocs/ERP_Model_file/vendor/laravel/framework/src/Illuminate/Routing/Route.php(214): Illuminate/Routing/Route->runCallable()
#7 C:/xampp/htdocs/ERP_Model_file/vendor/laravel/framework/src/Illuminate/Routing/Router.php(822): Illuminate/Routing/Route->run()
#8 C:/xampp/htdocs/ERP_Model_file/vendor/laravel/framework/src/Illuminate/Pipeline/Pipeline.php(180): Illuminate/Routing/Router->Illuminate/Routing/{closure}(Object(Illuminate/Http/Request))
#9 C:/xampp/htdocs/ERP_Model_file/vendor/laravel/framework/src/Illuminate/Routing/Middleware/SubstituteBindings.php(50): Illuminate/Pipeline/Pipeline->Illuminate/Pipeline/{closure}(Object(Illuminate/Http/Request))
#10 C:/xampp/htdocs/ERP_Model_file/vendor/laravel/framework/src/Illuminate/Pipeline/Pipeline.php(219): Illuminate/Routing/Middleware/SubstituteBindings->handle(Object(Illuminate/Http/Request), Object(Closure))
#11 C:/xampp/htdocs/ERP_Model_file/vendor/laravel/framework/src/Illuminate/Foundation/Http/Middleware/VerifyCsrfToken.php(87): Illuminate/Pipeline/Pipeline->Illuminate/Pipeline/{closure}(Object(Illuminate/Http/Request))
#12 C:/xampp/htdocs/ERP_Model_file/vendor/laravel/framework/src/Illuminate/Pipeline/Pipeline.php(219): Illuminate/Foundation/Http/Middleware/VerifyCsrfToken->handle(Object(Illuminate/Http/Request), Object(Closure))
#13 C:/xampp/htdocs/ERP_Model_file/vendor/laravel/framework/src/Illuminate/View/Middleware/ShareErrorsFromSession.php(48): Illuminate/Pipeline/Pipeline->Illuminate/Pipeline/{closure}(Object(Illuminate/Http/Request))
#14 C:/xampp/htdocs/ERP_Model_file/vendor/laravel/framework/src/Illuminate/Pipeline/Pipeline.php(219): Illuminate/View/Middleware/ShareErrorsFromSession->handle(Object(Illuminate/Http/Request), Object(Closure))
#15 C:/xampp/htdocs/ERP_Model_file/vendor/laravel/framework/src/Illuminate/Session/Middleware/StartSession.php(120): Illuminate/Pipeline/Pipeline->Illuminate/Pipeline/{closure}(Object(Illuminate/Http/Request))
#16 C:/xampp/htdocs/ERP_Model_file/vendor/laravel/framework/src/Illuminate/Session/Middleware/StartSession.php(63): Illuminate/Session/Middleware/StartSession->handleStatefulRequest(Object(Illuminate/Http/Request), Object(Illuminate/Session/Store), Object(Closure))
#17 C:/xampp/htdocs/ERP_Model_file/vendor/laravel/framework/src/Illuminate/Pipeline/Pipeline.php(219): Illuminate/Session/Middleware/StartSession->handle(Object(Illuminate/Http/Request), Object(Closure))
#18 C:/xampp/htdocs/ERP_Model_file/vendor/laravel/framework/src/Illuminate/Cookie/Middleware/AddQueuedCookiesToResponse.php(36): Illuminate/Pipeline/Pipeline->Illuminate/Pipeline/{closure}(Object(Illuminate/Http/Request))
#19 C:/xampp/htdocs/ERP_Model_file/vendor/laravel/framework/src/Illuminate/Pipeline/Pipeline.php(219): Illuminate/Cookie/Middleware/AddQueuedCookiesToResponse->handle(Object(Illuminate/Http/Request), Object(Closure))
#20 C:/xampp/htdocs/ERP_Model_file/vendor/laravel/framework/src/Illuminate/Cookie/Middleware/EncryptCookies.php(74): Illuminate/Pipeline/Pipeline->Illuminate/Pipeline/{closure}(Object(Illuminate/Http/Request))
#21 C:/xampp/htdocs/ERP_Model_file/vendor/laravel/framework/src/Illuminate/Pipeline/Pipeline.php(219): Illuminate/Cookie/Middleware/EncryptCookies->handle(Object(Illuminate/Http/Request), Object(Closure))
#22 C:/xampp/htdocs/ERP_Model_file/vendor/laravel/framework/src/Illuminate/Pipeline/Pipeline.php(137): Illuminate/Pipeline/Pipeline->Illuminate/Pipeline/{closure}(Object(Illuminate/Http/Request))
#23 C:/xampp/htdocs/ERP_Model_file/vendor/laravel/framework/src/Illuminate/Routing/Router.php(821): Illuminate/Pipeline/Pipeline->then(Object(Closure))
#24 C:/xampp/htdocs/ERP_Model_file/vendor/laravel/framework/src/Illuminate/Routing/Router.php(800): Illuminate/Routing/Router->runRouteWithinStack(Object(Illuminate/Routing/Route), Object(Illuminate/Http/Request))
#25 C:/xampp/htdocs/ERP_Model_file/vendor/laravel/framework/src/Illuminate/Routing/Router.php(764): Illuminate/Routing/Router->runRoute(Object(Illuminate/Http/Request), Object(Illuminate/Routing/Route))
#26 C:/xampp/htdocs/ERP_Model_file/vendor/laravel/framework/src/Illuminate/Routing/Router.php(753): Illuminate/Routing/Router->dispatchToRoute(Object(Illuminate/Http/Request))
#27 C:/xampp/htdocs/ERP_Model_file/vendor/laravel/framework/src/Illuminate/Foundation/Http/Kernel.php(200): Illuminate/Routing/Router->dispatch(Object(Illuminate/Http/Request))
#28 C:/xampp/htdocs/ERP_Model_file/vendor/laravel/framework/src/Illuminate/Pipeline/Pipeline.php(180): Illuminate/Foundation/Http/Kernel->Illuminate/Foundation/Http/{closure}(Object(Illuminate/Http/Request))
#29 C:/xampp/htdocs/ERP_Model_file/vendor/laravel/framework/src/Illuminate/Foundation/Http/Middleware/TransformsRequest.php(21): Illuminate/Pipeline/Pipeline->Illuminate/Pipeline/{closure}(Object(Illuminate/Http/Request))
#30 C:/xampp/htdocs/ERP_Model_file/vendor/laravel/framework/src/Illuminate/Foundation/Http/Middleware/ConvertEmptyStringsToNull.php(31): Illuminate/Foundation/Http/Middleware/TransformsRequest->handle(Object(Illuminate/Http/Request), Object(Closure))
#31 C:/xampp/htdocs/ERP_Model_file/vendor/laravel/framework/src/Illuminate/Pipeline/Pipeline.php(219): Illuminate/Foundation/Http/Middleware/ConvertEmptyStringsToNull->handle(Object(Illuminate/Http/Request), Object(Closure))
#32 C:/xampp/htdocs/ERP_Model_file/vendor/laravel/framework/src/Illuminate/Foundation/Http/Middleware/TransformsRequest.php(21): Illuminate/Pipeline/Pipeline->Illuminate/Pipeline/{closure}(Object(Illuminate/Http/Request))
#33 C:/xampp/htdocs/ERP_Model_file/vendor/laravel/framework/src/Illuminate/Foundation/Http/Middleware/TrimStrings.php(51): Illuminate/Foundation/Http/Middleware/TransformsRequest->handle(Object(Illuminate/Http/Request), Object(Closure))
#34 C:/xampp/htdocs/ERP_Model_file/vendor/laravel/framework/src/Illuminate/Pipeline/Pipeline.php(219): Illuminate/Foundation/Http/Middleware/TrimStrings->handle(Object(Illuminate/Http/Request), Object(Closure))
#35 C:/xampp/htdocs/ERP_Model_file/vendor/laravel/framework/src/Illuminate/Http/Middleware/ValidatePostSize.php(27): Illuminate/Pipeline/Pipeline->Illuminate/Pipeline/{closure}(Object(Illuminate/Http/Request))
#36 C:/xampp/htdocs/ERP_Model_file/vendor/laravel/framework/src/Illuminate/Pipeline/Pipeline.php(219): Illuminate/Http/Middleware/ValidatePostSize->handle(Object(Illuminate/Http/Request), Object(Closure))
#37 C:/xampp/htdocs/ERP_Model_file/vendor/laravel/framework/src/Illuminate/Foundation/Http/Middleware/PreventRequestsDuringMaintenance.php(109): Illuminate/Pipeline/Pipeline->Illuminate/Pipeline/{closure}(Object(Illuminate/Http/Request))
#38 C:/xampp/htdocs/ERP_Model_file/vendor/laravel/framework/src/Illuminate/Pipeline/Pipeline.php(219): Illuminate/Foundation/Http/Middleware/PreventRequestsDuringMaintenance->handle(Object(Illuminate/Http/Request), Object(Closure))
#39 C:/xampp/htdocs/ERP_Model_file/vendor/laravel/framework/src/Illuminate/Http/Middleware/HandleCors.php(61): Illuminate/Pipeline/Pipeline->Illuminate/Pipeline/{closure}(Object(Illuminate/Http/Request))
#40 C:/xampp/htdocs/ERP_Model_file/vendor/laravel/framework/src/Illuminate/Pipeline/Pipeline.php(219): Illuminate/Http/Middleware/HandleCors->handle(Object(Illuminate/Http/Request), Object(Closure))
#41 C:/xampp/htdocs/ERP_Model_file/vendor/laravel/framework/src/Illuminate/Http/Middleware/TrustProxies.php(58): Illuminate/Pipeline/Pipeline->Illuminate/Pipeline/{closure}(Object(Illuminate/Http/Request))
#42 C:/xampp/htdocs/ERP_Model_file/vendor/laravel/framework/src/Illuminate/Pipeline/Pipeline.php(219): Illuminate/Http/Middleware/TrustProxies->handle(Object(Illuminate/Http/Request), Object(Closure))
#43 C:/xampp/htdocs/ERP_Model_file/vendor/laravel/framework/src/Illuminate/Foundation/Http/Middleware/InvokeDeferredCallbacks.php(22): Illuminate/Pipeline/Pipeline->Illuminate/Pipeline/{closure}(Object(Illuminate/Http/Request))
#44 C:/xampp/htdocs/ERP_Model_file/vendor/laravel/framework/src/Illuminate/Pipeline/Pipeline.php(219): Illuminate/Foundation/Http/Middleware/InvokeDeferredCallbacks->handle(Object(Illuminate/Http/Request), Object(Closure))
#45 C:/xampp/htdocs/ERP_Model_file/vendor/laravel/framework/src/Illuminate/Http/Middleware/ValidatePathEncoding.php(26): Illuminate/Pipeline/Pipeline->Illuminate/Pipeline/{closure}(Object(Illuminate/Http/Request))
#46 C:/xampp/htdocs/ERP_Model_file/vendor/laravel/framework/src/Illuminate/Pipeline/Pipeline.php(219): Illuminate/Http/Middleware/ValidatePathEncoding->handle(Object(Illuminate/Http/Request), Object(Closure))
#47 C:/xampp/htdocs/ERP_Model_file/vendor/laravel/framework/src/Illuminate/Pipeline/Pipeline.php(137): Illuminate/Pipeline/Pipeline->Illuminate/Pipeline/{closure}(Object(Illuminate/Http/Request))
#48 C:/xampp/htdocs/ERP_Model_file/vendor/laravel/framework/src/Illuminate/Foundation/Http/Kernel.php(175): Illuminate/Pipeline/Pipeline->then(Object(Closure))
#49 C:/xampp/htdocs/ERP_Model_file/vendor/laravel/framework/src/Illuminate/Foundation/Http/Kernel.php(144): Illuminate/Foundation/Http/Kernel->sendRequestThroughRouter(Object(Illuminate/Http/Request))
#50 C:/xampp/htdocs/ERP_Model_file/vendor/laravel/framework/src/Illuminate/Foundation/Application.php(1220): Illuminate/Foundation/Http/Kernel->handle(Object(Illuminate/Http/Request))
#51 C:/xampp/htdocs/ERP_Model_file/public/index.php(20): Illuminate/Foundation/Application->handleRequest(Object(Illuminate/Http/Request))
#52 C:/xampp/htdocs/ERP_Model_file/vendor/laravel/framework/src/Illuminate/Foundation/resources/server.php(23): require_once('C://xampp//htdocs...')
#53 {main}
"} 
[2026-06-22 07:22:26] local.ERROR: View [admin.suppliers.index] not found. {"userId":1,"exception":"[object] (InvalidArgumentException(code: 0): View [admin.suppliers.index] not found. at C:/xampp/htdocs/ERP_Model_file/vendor/laravel/framework/src/Illuminate/View/FileViewFinder.php:138)
[stacktrace]
#0 C:/xampp/htdocs/ERP_Model_file/vendor/laravel/framework/src/Illuminate/View/FileViewFinder.php(78): Illuminate/View/FileViewFinder->findInPaths('admin.suppliers...', Array)
#1 C:/xampp/htdocs/ERP_Model_file/vendor/laravel/framework/src/Illuminate/View/Factory.php(150): Illuminate/View/FileViewFinder->find('admin.suppliers...')
#2 C:/xampp/htdocs/ERP_Model_file/vendor/laravel/framework/src/Illuminate/Foundation/helpers.php(1100): Illuminate/View/Factory->make('admin.suppliers...', Array, Array)
#3 C:/xampp/htdocs/ERP_Model_file/app/Http/Controllers/Admin/SupplierController.php(15): view('admin.suppliers...', Array)
#4 C:/xampp/htdocs/ERP_Model_file/vendor/laravel/framework/src/Illuminate/Routing/ControllerDispatcher.php(46): App/Http/Controllers/Admin/SupplierController->index()
#5 C:/xampp/htdocs/ERP_Model_file/vendor/laravel/framework/src/Illuminate/Routing/Route.php(265): Illuminate/Routing/ControllerDispatcher->dispatch(Object(Illuminate/Routing/Route), Object(App/Http/Controllers/Admin/SupplierController), 'index')
#6 C:/xampp/htdocs/ERP_Model_file/vendor/laravel/framework/src/Illuminate/Routing/Route.php(211): Illuminate/Routing/Route->runController()
#7 C:/xampp/htdocs/ERP_Model_file/vendor/laravel/framework/src/Illuminate/Routing/Router.php(822): Illuminate/Routing/Route->run()
#8 C:/xampp/htdocs/ERP_Model_file/vendor/laravel/framework/src/Illuminate/Pipeline/Pipeline.php(180): Illuminate/Routing/Router->Illuminate/Routing/{closure}(Object(Illuminate/Http/Request))
#9 C:/xampp/htdocs/ERP_Model_file/vendor/laravel/framework/src/Illuminate/Routing/Middleware/SubstituteBindings.php(50): Illuminate/Pipeline/Pipeline->Illuminate/Pipeline/{closure}(Object(Illuminate/Http/Request))
#10 C:/xampp/htdocs/ERP_Model_file/vendor/laravel/framework/src/Illuminate/Pipeline/Pipeline.php(219): Illuminate/Routing/Middleware/SubstituteBindings->handle(Object(Illuminate/Http/Request), Object(Closure))
#11 C:/xampp/htdocs/ERP_Model_file/vendor/laravel/framework/src/Illuminate/Auth/Middleware/Authenticate.php(63): Illuminate/Pipeline/Pipeline->Illuminate/Pipeline/{closure}(Object(Illuminate/Http/Request))
#12 C:/xampp/htdocs/ERP_Model_file/vendor/laravel/framework/src/Illuminate/Pipeline/Pipeline.php(219): Illuminate/Auth/Middleware/Authenticate->handle(Object(Illuminate/Http/Request), Object(Closure))
#13 C:/xampp/htdocs/ERP_Model_file/vendor/laravel/framework/src/Illuminate/Foundation/Http/Middleware/VerifyCsrfToken.php(87): Illuminate/Pipeline/Pipeline->Illuminate/Pipeline/{closure}(Object(Illuminate/Http/Request))
#14 C:/xampp/htdocs/ERP_Model_file/vendor/laravel/framework/src/Illuminate/Pipeline/Pipeline.php(219): Illuminate/Foundation/Http/Middleware/VerifyCsrfToken->handle(Object(Illuminate/Http/Request), Object(Closure))
#15 C:/xampp/htdocs/ERP_Model_file/vendor/laravel/framework/src/Illuminate/View/Middleware/ShareErrorsFromSession.php(48): Illuminate/Pipeline/Pipeline->Illuminate/Pipeline/{closure}(Object(Illuminate/Http/Request))
#16 C:/xampp/htdocs/ERP_Model_file/vendor/laravel/framework/src/Illuminate/Pipeline/Pipeline.php(219): Illuminate/View/Middleware/ShareErrorsFromSession->handle(Object(Illuminate/Http/Request), Object(Closure))
#17 C:/xampp/htdocs/ERP_Model_file/vendor/laravel/framework/src/Illuminate/Session/Middleware/StartSession.php(120): Illuminate/Pipeline/Pipeline->Illuminate/Pipeline/{closure}(Object(Illuminate/Http/Request))
#18 C:/xampp/htdocs/ERP_Model_file/vendor/laravel/framework/src/Illuminate/Session/Middleware/StartSession.php(63): Illuminate/Session/Middleware/StartSession->handleStatefulRequest(Object(Illuminate/Http/Request), Object(Illuminate/Session/Store), Object(Closure))
#19 C:/xampp/htdocs/ERP_Model_file/vendor/laravel/framework/src/Illuminate/Pipeline/Pipeline.php(219): Illuminate/Session/Middleware/StartSession->handle(Object(Illuminate/Http/Request), Object(Closure))
#20 C:/xampp/htdocs/ERP_Model_file/vendor/laravel/framework/src/Illuminate/Cookie/Middleware/AddQueuedCookiesToResponse.php(36): Illuminate/Pipeline/Pipeline->Illuminate/Pipeline/{closure}(Object(Illuminate/Http/Request))
#21 C:/xampp/htdocs/ERP_Model_file/vendor/laravel/framework/src/Illuminate/Pipeline/Pipeline.php(219): Illuminate/Cookie/Middleware/AddQueuedCookiesToResponse->handle(Object(Illuminate/Http/Request), Object(Closure))
#22 C:/xampp/htdocs/ERP_Model_file/vendor/laravel/framework/src/Illuminate/Cookie/Middleware/EncryptCookies.php(74): Illuminate/Pipeline/Pipeline->Illuminate/Pipeline/{closure}(Object(Illuminate/Http/Request))
#23 C:/xampp/htdocs/ERP_Model_file/vendor/laravel/framework/src/Illuminate/Pipeline/Pipeline.php(219): Illuminate/Cookie/Middleware/EncryptCookies->handle(Object(Illuminate/Http/Request), Object(Closure))
#24 C:/xampp/htdocs/ERP_Model_file/vendor/laravel/framework/src/Illuminate/Pipeline/Pipeline.php(137): Illuminate/Pipeline/Pipeline->Illuminate/Pipeline/{closure}(Object(Illuminate/Http/Request))
#25 C:/xampp/htdocs/ERP_Model_file/vendor/laravel/framework/src/Illuminate/Routing/Router.php(821): Illuminate/Pipeline/Pipeline->then(Object(Closure))
#26 C:/xampp/htdocs/ERP_Model_file/vendor/laravel/framework/src/Illuminate/Routing/Router.php(800): Illuminate/Routing/Router->runRouteWithinStack(Object(Illuminate/Routing/Route), Object(Illuminate/Http/Request))
#27 C:/xampp/htdocs/ERP_Model_file/vendor/laravel/framework/src/Illuminate/Routing/Router.php(764): Illuminate/Routing/Router->runRoute(Object(Illuminate/Http/Request), Object(Illuminate/Routing/Route))
#28 C:/xampp/htdocs/ERP_Model_file/vendor/laravel/framework/src/Illuminate/Routing/Router.php(753): Illuminate/Routing/Router->dispatchToRoute(Object(Illuminate/Http/Request))
#29 C:/xampp/htdocs/ERP_Model_file/vendor/laravel/framework/src/Illuminate/Foundation/Http/Kernel.php(200): Illuminate/Routing/Router->dispatch(Object(Illuminate/Http/Request))
#30 C:/xampp/htdocs/ERP_Model_file/vendor/laravel/framework/src/Illuminate/Pipeline/Pipeline.php(180): Illuminate/Foundation/Http/Kernel->Illuminate/Foundation/Http/{closure}(Object(Illuminate/Http/Request))
#31 C:/xampp/htdocs/ERP_Model_file/vendor/laravel/framework/src/Illuminate/Foundation/Http/Middleware/TransformsRequest.php(21): Illuminate/Pipeline/Pipeline->Illuminate/Pipeline/{closure}(Object(Illuminate/Http/Request))
#32 C:/xampp/htdocs/ERP_Model_file/vendor/laravel/framework/src/Illuminate/Foundation/Http/Middleware/ConvertEmptyStringsToNull.php(31): Illuminate/Foundation/Http/Middleware/TransformsRequest->handle(Object(Illuminate/Http/Request), Object(Closure))
#33 C:/xampp/htdocs/ERP_Model_file/vendor/laravel/framework/src/Illuminate/Pipeline/Pipeline.php(219): Illuminate/Foundation/Http/Middleware/ConvertEmptyStringsToNull->handle(Object(Illuminate/Http/Request), Object(Closure))
#34 C:/xampp/htdocs/ERP_Model_file/vendor/laravel/framework/src/Illuminate/Foundation/Http/Middleware/TransformsRequest.php(21): Illuminate/Pipeline/Pipeline->Illuminate/Pipeline/{closure}(Object(Illuminate/Http/Request))
#35 C:/xampp/htdocs/ERP_Model_file/vendor/laravel/framework/src/Illuminate/Foundation/Http/Middleware/TrimStrings.php(51): Illuminate/Foundation/Http/Middleware/TransformsRequest->handle(Object(Illuminate/Http/Request), Object(Closure))
#36 C:/xampp/htdocs/ERP_Model_file/vendor/laravel/framework/src/Illuminate/Pipeline/Pipeline.php(219): Illuminate/Foundation/Http/Middleware/TrimStrings->handle(Object(Illuminate/Http/Request), Object(Closure))
#37 C:/xampp/htdocs/ERP_Model_file/vendor/laravel/framework/src/Illuminate/Http/Middleware/ValidatePostSize.php(27): Illuminate/Pipeline/Pipeline->Illuminate/Pipeline/{closure}(Object(Illuminate/Http/Request))
#38 C:/xampp/htdocs/ERP_Model_file/vendor/laravel/framework/src/Illuminate/Pipeline/Pipeline.php(219): Illuminate/Http/Middleware/ValidatePostSize->handle(Object(Illuminate/Http/Request), Object(Closure))
#39 C:/xampp/htdocs/ERP_Model_file/vendor/laravel/framework/src/Illuminate/Foundation/Http/Middleware/PreventRequestsDuringMaintenance.php(109): Illuminate/Pipeline/Pipeline->Illuminate/Pipeline/{closure}(Object(Illuminate/Http/Request))
#40 C:/xampp/htdocs/ERP_Model_file/vendor/laravel/framework/src/Illuminate/Pipeline/Pipeline.php(219): Illuminate/Foundation/Http/Middleware/PreventRequestsDuringMaintenance->handle(Object(Illuminate/Http/Request), Object(Closure))
#41 C:/xampp/htdocs/ERP_Model_file/vendor/laravel/framework/src/Illuminate/Http/Middleware/HandleCors.php(61): Illuminate/Pipeline/Pipeline->Illuminate/Pipeline/{closure}(Object(Illuminate/Http/Request))
#42 C:/xampp/htdocs/ERP_Model_file/vendor/laravel/framework/src/Illuminate/Pipeline/Pipeline.php(219): Illuminate/Http/Middleware/HandleCors->handle(Object(Illuminate/Http/Request), Object(Closure))
#43 C:/xampp/htdocs/ERP_Model_file/vendor/laravel/framework/src/Illuminate/Http/Middleware/TrustProxies.php(58): Illuminate/Pipeline/Pipeline->Illuminate/Pipeline/{closure}(Object(Illuminate/Http/Request))
#44 C:/xampp/htdocs/ERP_Model_file/vendor/laravel/framework/src/Illuminate/Pipeline/Pipeline.php(219): Illuminate/Http/Middleware/TrustProxies->handle(Object(Illuminate/Http/Request), Object(Closure))
#45 C:/xampp/htdocs/ERP_Model_file/vendor/laravel/framework/src/Illuminate/Foundation/Http/Middleware/InvokeDeferredCallbacks.php(22): Illuminate/Pipeline/Pipeline->Illuminate/Pipeline/{closure}(Object(Illuminate/Http/Request))
#46 C:/xampp/htdocs/ERP_Model_file/vendor/laravel/framework/src/Illuminate/Pipeline/Pipeline.php(219): Illuminate/Foundation/Http/Middleware/InvokeDeferredCallbacks->handle(Object(Illuminate/Http/Request), Object(Closure))
#47 C:/xampp/htdocs/ERP_Model_file/vendor/laravel/framework/src/Illuminate/Http/Middleware/ValidatePathEncoding.php(26): Illuminate/Pipeline/Pipeline->Illuminate/Pipeline/{closure}(Object(Illuminate/Http/Request))
#48 C:/xampp/htdocs/ERP_Model_file/vendor/laravel/framework/src/Illuminate/Pipeline/Pipeline.php(219): Illuminate/Http/Middleware/ValidatePathEncoding->handle(Object(Illuminate/Http/Request), Object(Closure))
#49 C:/xampp/htdocs/ERP_Model_file/vendor/laravel/framework/src/Illuminate/Pipeline/Pipeline.php(137): Illuminate/Pipeline/Pipeline->Illuminate/Pipeline/{closure}(Object(Illuminate/Http/Request))
#50 C:/xampp/htdocs/ERP_Model_file/vendor/laravel/framework/src/Illuminate/Foundation/Http/Kernel.php(175): Illuminate/Pipeline/Pipeline->then(Object(Closure))
#51 C:/xampp/htdocs/ERP_Model_file/vendor/laravel/framework/src/Illuminate/Foundation/Http/Kernel.php(144): Illuminate/Foundation/Http/Kernel->sendRequestThroughRouter(Object(Illuminate/Http/Request))
#52 C:/xampp/htdocs/ERP_Model_file/vendor/laravel/framework/src/Illuminate/Foundation/Application.php(1220): Illuminate/Foundation/Http/Kernel->handle(Object(Illuminate/Http/Request))
#53 C:/xampp/htdocs/ERP_Model_file/public/index.php(20): Illuminate/Foundation/Application->handleRequest(Object(Illuminate/Http/Request))
#54 C:/xampp/htdocs/ERP_Model_file/vendor/laravel/framework/src/Illuminate/Foundation/resources/server.php(23): require_once('C://xampp//htdocs...')
#55 {main}
"} 
[2026-06-22 07:25:42] local.ERROR: View [admin.warehouses.index] not found. {"userId":1,"exception":"[object] (InvalidArgumentException(code: 0): View [admin.warehouses.index] not found. at C:/xampp/htdocs/ERP_Model_file/vendor/laravel/framework/src/Illuminate/View/FileViewFinder.php:138)
[stacktrace]
#0 C:/xampp/htdocs/ERP_Model_file/vendor/laravel/framework/src/Illuminate/View/FileViewFinder.php(78): Illuminate/View/FileViewFinder->findInPaths('admin.warehouse...', Array)
#1 C:/xampp/htdocs/ERP_Model_file/vendor/laravel/framework/src/Illuminate/View/Factory.php(150): Illuminate/View/FileViewFinder->find('admin.warehouse...')
#2 C:/xampp/htdocs/ERP_Model_file/vendor/laravel/framework/src/Illuminate/Foundation/helpers.php(1100): Illuminate/View/Factory->make('admin.warehouse...', Array, Array)
#3 C:/xampp/htdocs/ERP_Model_file/app/Http/Controllers/Admin/WarehouseController.php(15): view('admin.warehouse...', Array)
#4 C:/xampp/htdocs/ERP_Model_file/vendor/laravel/framework/src/Illuminate/Routing/ControllerDispatcher.php(46): App/Http/Controllers/Admin/WarehouseController->index()
#5 C:/xampp/htdocs/ERP_Model_file/vendor/laravel/framework/src/Illuminate/Routing/Route.php(265): Illuminate/Routing/ControllerDispatcher->dispatch(Object(Illuminate/Routing/Route), Object(App/Http/Controllers/Admin/WarehouseController), 'index')
#6 C:/xampp/htdocs/ERP_Model_file/vendor/laravel/framework/src/Illuminate/Routing/Route.php(211): Illuminate/Routing/Route->runController()
#7 C:/xampp/htdocs/ERP_Model_file/vendor/laravel/framework/src/Illuminate/Routing/Router.php(822): Illuminate/Routing/Route->run()
#8 C:/xampp/htdocs/ERP_Model_file/vendor/laravel/framework/src/Illuminate/Pipeline/Pipeline.php(180): Illuminate/Routing/Router->Illuminate/Routing/{closure}(Object(Illuminate/Http/Request))
#9 C:/xampp/htdocs/ERP_Model_file/vendor/laravel/framework/src/Illuminate/Routing/Middleware/SubstituteBindings.php(50): Illuminate/Pipeline/Pipeline->Illuminate/Pipeline/{closure}(Object(Illuminate/Http/Request))
#10 C:/xampp/htdocs/ERP_Model_file/vendor/laravel/framework/src/Illuminate/Pipeline/Pipeline.php(219): Illuminate/Routing/Middleware/SubstituteBindings->handle(Object(Illuminate/Http/Request), Object(Closure))
#11 C:/xampp/htdocs/ERP_Model_file/vendor/laravel/framework/src/Illuminate/Auth/Middleware/Authenticate.php(63): Illuminate/Pipeline/Pipeline->Illuminate/Pipeline/{closure}(Object(Illuminate/Http/Request))
#12 C:/xampp/htdocs/ERP_Model_file/vendor/laravel/framework/src/Illuminate/Pipeline/Pipeline.php(219): Illuminate/Auth/Middleware/Authenticate->handle(Object(Illuminate/Http/Request), Object(Closure))
#13 C:/xampp/htdocs/ERP_Model_file/vendor/laravel/framework/src/Illuminate/Foundation/Http/Middleware/VerifyCsrfToken.php(87): Illuminate/Pipeline/Pipeline->Illuminate/Pipeline/{closure}(Object(Illuminate/Http/Request))
#14 C:/xampp/htdocs/ERP_Model_file/vendor/laravel/framework/src/Illuminate/Pipeline/Pipeline.php(219): Illuminate/Foundation/Http/Middleware/VerifyCsrfToken->handle(Object(Illuminate/Http/Request), Object(Closure))
#15 C:/xampp/htdocs/ERP_Model_file/vendor/laravel/framework/src/Illuminate/View/Middleware/ShareErrorsFromSession.php(48): Illuminate/Pipeline/Pipeline->Illuminate/Pipeline/{closure}(Object(Illuminate/Http/Request))
#16 C:/xampp/htdocs/ERP_Model_file/vendor/laravel/framework/src/Illuminate/Pipeline/Pipeline.php(219): Illuminate/View/Middleware/ShareErrorsFromSession->handle(Object(Illuminate/Http/Request), Object(Closure))
#17 C:/xampp/htdocs/ERP_Model_file/vendor/laravel/framework/src/Illuminate/Session/Middleware/StartSession.php(120): Illuminate/Pipeline/Pipeline->Illuminate/Pipeline/{closure}(Object(Illuminate/Http/Request))
#18 C:/xampp/htdocs/ERP_Model_file/vendor/laravel/framework/src/Illuminate/Session/Middleware/StartSession.php(63): Illuminate/Session/Middleware/StartSession->handleStatefulRequest(Object(Illuminate/Http/Request), Object(Illuminate/Session/Store), Object(Closure))
#19 C:/xampp/htdocs/ERP_Model_file/vendor/laravel/framework/src/Illuminate/Pipeline/Pipeline.php(219): Illuminate/Session/Middleware/StartSession->handle(Object(Illuminate/Http/Request), Object(Closure))
#20 C:/xampp/htdocs/ERP_Model_file/vendor/laravel/framework/src/Illuminate/Cookie/Middleware/AddQueuedCookiesToResponse.php(36): Illuminate/Pipeline/Pipeline->Illuminate/Pipeline/{closure}(Object(Illuminate/Http/Request))
#21 C:/xampp/htdocs/ERP_Model_file/vendor/laravel/framework/src/Illuminate/Pipeline/Pipeline.php(219): Illuminate/Cookie/Middleware/AddQueuedCookiesToResponse->handle(Object(Illuminate/Http/Request), Object(Closure))
#22 C:/xampp/htdocs/ERP_Model_file/vendor/laravel/framework/src/Illuminate/Cookie/Middleware/EncryptCookies.php(74): Illuminate/Pipeline/Pipeline->Illuminate/Pipeline/{closure}(Object(Illuminate/Http/Request))
#23 C:/xampp/htdocs/ERP_Model_file/vendor/laravel/framework/src/Illuminate/Pipeline/Pipeline.php(219): Illuminate/Cookie/Middleware/EncryptCookies->handle(Object(Illuminate/Http/Request), Object(Closure))
#24 C:/xampp/htdocs/ERP_Model_file/vendor/laravel/framework/src/Illuminate/Pipeline/Pipeline.php(137): Illuminate/Pipeline/Pipeline->Illuminate/Pipeline/{closure}(Object(Illuminate/Http/Request))
#25 C:/xampp/htdocs/ERP_Model_file/vendor/laravel/framework/src/Illuminate/Routing/Router.php(821): Illuminate/Pipeline/Pipeline->then(Object(Closure))
#26 C:/xampp/htdocs/ERP_Model_file/vendor/laravel/framework/src/Illuminate/Routing/Router.php(800): Illuminate/Routing/Router->runRouteWithinStack(Object(Illuminate/Routing/Route), Object(Illuminate/Http/Request))
#27 C:/xampp/htdocs/ERP_Model_file/vendor/laravel/framework/src/Illuminate/Routing/Router.php(764): Illuminate/Routing/Router->runRoute(Object(Illuminate/Http/Request), Object(Illuminate/Routing/Route))
#28 C:/xampp/htdocs/ERP_Model_file/vendor/laravel/framework/src/Illuminate/Routing/Router.php(753): Illuminate/Routing/Router->dispatchToRoute(Object(Illuminate/Http/Request))
#29 C:/xampp/htdocs/ERP_Model_file/vendor/laravel/framework/src/Illuminate/Foundation/Http/Kernel.php(200): Illuminate/Routing/Router->dispatch(Object(Illuminate/Http/Request))
#30 C:/xampp/htdocs/ERP_Model_file/vendor/laravel/framework/src/Illuminate/Pipeline/Pipeline.php(180): Illuminate/Foundation/Http/Kernel->Illuminate/Foundation/Http/{closure}(Object(Illuminate/Http/Request))
#31 C:/xampp/htdocs/ERP_Model_file/vendor/laravel/framework/src/Illuminate/Foundation/Http/Middleware/TransformsRequest.php(21): Illuminate/Pipeline/Pipeline->Illuminate/Pipeline/{closure}(Object(Illuminate/Http/Request))
#32 C:/xampp/htdocs/ERP_Model_file/vendor/laravel/framework/src/Illuminate/Foundation/Http/Middleware/ConvertEmptyStringsToNull.php(31): Illuminate/Foundation/Http/Middleware/TransformsRequest->handle(Object(Illuminate/Http/Request), Object(Closure))
#33 C:/xampp/htdocs/ERP_Model_file/vendor/laravel/framework/src/Illuminate/Pipeline/Pipeline.php(219): Illuminate/Foundation/Http/Middleware/ConvertEmptyStringsToNull->handle(Object(Illuminate/Http/Request), Object(Closure))
#34 C:/xampp/htdocs/ERP_Model_file/vendor/laravel/framework/src/Illuminate/Foundation/Http/Middleware/TransformsRequest.php(21): Illuminate/Pipeline/Pipeline->Illuminate/Pipeline/{closure}(Object(Illuminate/Http/Request))
#35 C:/xampp/htdocs/ERP_Model_file/vendor/laravel/framework/src/Illuminate/Foundation/Http/Middleware/TrimStrings.php(51): Illuminate/Foundation/Http/Middleware/TransformsRequest->handle(Object(Illuminate/Http/Request), Object(Closure))
#36 C:/xampp/htdocs/ERP_Model_file/vendor/laravel/framework/src/Illuminate/Pipeline/Pipeline.php(219): Illuminate/Foundation/Http/Middleware/TrimStrings->handle(Object(Illuminate/Http/Request), Object(Closure))
#37 C:/xampp/htdocs/ERP_Model_file/vendor/laravel/framework/src/Illuminate/Http/Middleware/ValidatePostSize.php(27): Illuminate/Pipeline/Pipeline->Illuminate/Pipeline/{closure}(Object(Illuminate/Http/Request))
#38 C:/xampp/htdocs/ERP_Model_file/vendor/laravel/framework/src/Illuminate/Pipeline/Pipeline.php(219): Illuminate/Http/Middleware/ValidatePostSize->handle(Object(Illuminate/Http/Request), Object(Closure))
#39 C:/xampp/htdocs/ERP_Model_file/vendor/laravel/framework/src/Illuminate/Foundation/Http/Middleware/PreventRequestsDuringMaintenance.php(109): Illuminate/Pipeline/Pipeline->Illuminate/Pipeline/{closure}(Object(Illuminate/Http/Request))
#40 C:/xampp/htdocs/ERP_Model_file/vendor/laravel/framework/src/Illuminate/Pipeline/Pipeline.php(219): Illuminate/Foundation/Http/Middleware/PreventRequestsDuringMaintenance->handle(Object(Illuminate/Http/Request), Object(Closure))
#41 C:/xampp/htdocs/ERP_Model_file/vendor/laravel/framework/src/Illuminate/Http/Middleware/HandleCors.php(61): Illuminate/Pipeline/Pipeline->Illuminate/Pipeline/{closure}(Object(Illuminate/Http/Request))
#42 C:/xampp/htdocs/ERP_Model_file/vendor/laravel/framework/src/Illuminate/Pipeline/Pipeline.php(219): Illuminate/Http/Middleware/HandleCors->handle(Object(Illuminate/Http/Request), Object(Closure))
#43 C:/xampp/htdocs/ERP_Model_file/vendor/laravel/framework/src/Illuminate/Http/Middleware/TrustProxies.php(58): Illuminate/Pipeline/Pipeline->Illuminate/Pipeline/{closure}(Object(Illuminate/Http/Request))
#44 C:/xampp/htdocs/ERP_Model_file/vendor/laravel/framework/src/Illuminate/Pipeline/Pipeline.php(219): Illuminate/Http/Middleware/TrustProxies->handle(Object(Illuminate/Http/Request), Object(Closure))
#45 C:/xampp/htdocs/ERP_Model_file/vendor/laravel/framework/src/Illuminate/Foundation/Http/Middleware/InvokeDeferredCallbacks.php(22): Illuminate/Pipeline/Pipeline->Illuminate/Pipeline/{closure}(Object(Illuminate/Http/Request))
#46 C:/xampp/htdocs/ERP_Model_file/vendor/laravel/framework/src/Illuminate/Pipeline/Pipeline.php(219): Illuminate/Foundation/Http/Middleware/InvokeDeferredCallbacks->handle(Object(Illuminate/Http/Request), Object(Closure))
#47 C:/xampp/htdocs/ERP_Model_file/vendor/laravel/framework/src/Illuminate/Http/Middleware/ValidatePathEncoding.php(26): Illuminate/Pipeline/Pipeline->Illuminate/Pipeline/{closure}(Object(Illuminate/Http/Request))
#48 C:/xampp/htdocs/ERP_Model_file/vendor/laravel/framework/src/Illuminate/Pipeline/Pipeline.php(219): Illuminate/Http/Middleware/ValidatePathEncoding->handle(Object(Illuminate/Http/Request), Object(Closure))
#49 C:/xampp/htdocs/ERP_Model_file/vendor/laravel/framework/src/Illuminate/Pipeline/Pipeline.php(137): Illuminate/Pipeline/Pipeline->Illuminate/Pipeline/{closure}(Object(Illuminate/Http/Request))
#50 C:/xampp/htdocs/ERP_Model_file/vendor/laravel/framework/src/Illuminate/Foundation/Http/Kernel.php(175): Illuminate/Pipeline/Pipeline->then(Object(Closure))
#51 C:/xampp/htdocs/ERP_Model_file/vendor/laravel/framework/src/Illuminate/Foundation/Http/Kernel.php(144): Illuminate/Foundation/Http/Kernel->sendRequestThroughRouter(Object(Illuminate/Http/Request))
#52 C:/xampp/htdocs/ERP_Model_file/vendor/laravel/framework/src/Illuminate/Foundation/Application.php(1220): Illuminate/Foundation/Http/Kernel->handle(Object(Illuminate/Http/Request))
#53 C:/xampp/htdocs/ERP_Model_file/public/index.php(20): Illuminate/Foundation/Application->handleRequest(Object(Illuminate/Http/Request))
#54 C:/xampp/htdocs/ERP_Model_file/vendor/laravel/framework/src/Illuminate/Foundation/resources/server.php(23): require_once('C://xampp//htdocs...')
#55 {main}
"} 
[2026-06-22 07:27:18] local.ERROR: Method Spatie\Activitylog\ActivityLogger::get does not exist. {"userId":1,"exception":"[object] (BadMethodCallException(code: 0): Method Spatie\\Activitylog\\ActivityLogger::get does not exist. at C:/xampp/htdocs/ERP_Model_file/vendor/laravel/framework/src/Illuminate/Macroable/Traits/Macroable.php:117)
[stacktrace]
#0 C:/xampp/htdocs/ERP_Model_file/app/Http/Controllers/Admin/PurchaseOrderController.php(102): Spatie/Activitylog/ActivityLogger->__call('get', Array)
#1 C:/xampp/htdocs/ERP_Model_file/vendor/laravel/framework/src/Illuminate/Routing/ControllerDispatcher.php(46): App/Http/Controllers/Admin/PurchaseOrderController->show(Object(App/Models/PurchaseOrder))
#2 C:/xampp/htdocs/ERP_Model_file/vendor/laravel/framework/src/Illuminate/Routing/Route.php(265): Illuminate/Routing/ControllerDispatcher->dispatch(Object(Illuminate/Routing/Route), Object(App/Http/Controllers/Admin/PurchaseOrderController), 'show')
#3 C:/xampp/htdocs/ERP_Model_file/vendor/laravel/framework/src/Illuminate/Routing/Route.php(211): Illuminate/Routing/Route->runController()
#4 C:/xampp/htdocs/ERP_Model_file/vendor/laravel/framework/src/Illuminate/Routing/Router.php(822): Illuminate/Routing/Route->run()
#5 C:/xampp/htdocs/ERP_Model_file/vendor/laravel/framework/src/Illuminate/Pipeline/Pipeline.php(180): Illuminate/Routing/Router->Illuminate/Routing/{closure}(Object(Illuminate/Http/Request))
#6 C:/xampp/htdocs/ERP_Model_file/vendor/laravel/framework/src/Illuminate/Routing/Middleware/SubstituteBindings.php(50): Illuminate/Pipeline/Pipeline->Illuminate/Pipeline/{closure}(Object(Illuminate/Http/Request))
#7 C:/xampp/htdocs/ERP_Model_file/vendor/laravel/framework/src/Illuminate/Pipeline/Pipeline.php(219): Illuminate/Routing/Middleware/SubstituteBindings->handle(Object(Illuminate/Http/Request), Object(Closure))
#8 C:/xampp/htdocs/ERP_Model_file/vendor/laravel/framework/src/Illuminate/Auth/Middleware/Authenticate.php(63): Illuminate/Pipeline/Pipeline->Illuminate/Pipeline/{closure}(Object(Illuminate/Http/Request))
#9 C:/xampp/htdocs/ERP_Model_file/vendor/laravel/framework/src/Illuminate/Pipeline/Pipeline.php(219): Illuminate/Auth/Middleware/Authenticate->handle(Object(Illuminate/Http/Request), Object(Closure))
#10 C:/xampp/htdocs/ERP_Model_file/vendor/laravel/framework/src/Illuminate/Foundation/Http/Middleware/VerifyCsrfToken.php(87): Illuminate/Pipeline/Pipeline->Illuminate/Pipeline/{closure}(Object(Illuminate/Http/Request))
#11 C:/xampp/htdocs/ERP_Model_file/vendor/laravel/framework/src/Illuminate/Pipeline/Pipeline.php(219): Illuminate/Foundation/Http/Middleware/VerifyCsrfToken->handle(Object(Illuminate/Http/Request), Object(Closure))
#12 C:/xampp/htdocs/ERP_Model_file/vendor/laravel/framework/src/Illuminate/View/Middleware/ShareErrorsFromSession.php(48): Illuminate/Pipeline/Pipeline->Illuminate/Pipeline/{closure}(Object(Illuminate/Http/Request))
#13 C:/xampp/htdocs/ERP_Model_file/vendor/laravel/framework/src/Illuminate/Pipeline/Pipeline.php(219): Illuminate/View/Middleware/ShareErrorsFromSession->handle(Object(Illuminate/Http/Request), Object(Closure))
#14 C:/xampp/htdocs/ERP_Model_file/vendor/laravel/framework/src/Illuminate/Session/Middleware/StartSession.php(120): Illuminate/Pipeline/Pipeline->Illuminate/Pipeline/{closure}(Object(Illuminate/Http/Request))
#15 C:/xampp/htdocs/ERP_Model_file/vendor/laravel/framework/src/Illuminate/Session/Middleware/StartSession.php(63): Illuminate/Session/Middleware/StartSession->handleStatefulRequest(Object(Illuminate/Http/Request), Object(Illuminate/Session/Store), Object(Closure))
#16 C:/xampp/htdocs/ERP_Model_file/vendor/laravel/framework/src/Illuminate/Pipeline/Pipeline.php(219): Illuminate/Session/Middleware/StartSession->handle(Object(Illuminate/Http/Request), Object(Closure))
#17 C:/xampp/htdocs/ERP_Model_file/vendor/laravel/framework/src/Illuminate/Cookie/Middleware/AddQueuedCookiesToResponse.php(36): Illuminate/Pipeline/Pipeline->Illuminate/Pipeline/{closure}(Object(Illuminate/Http/Request))
#18 C:/xampp/htdocs/ERP_Model_file/vendor/laravel/framework/src/Illuminate/Pipeline/Pipeline.php(219): Illuminate/Cookie/Middleware/AddQueuedCookiesToResponse->handle(Object(Illuminate/Http/Request), Object(Closure))
#19 C:/xampp/htdocs/ERP_Model_file/vendor/laravel/framework/src/Illuminate/Cookie/Middleware/EncryptCookies.php(74): Illuminate/Pipeline/Pipeline->Illuminate/Pipeline/{closure}(Object(Illuminate/Http/Request))
#20 C:/xampp/htdocs/ERP_Model_file/vendor/laravel/framework/src/Illuminate/Pipeline/Pipeline.php(219): Illuminate/Cookie/Middleware/EncryptCookies->handle(Object(Illuminate/Http/Request), Object(Closure))
#21 C:/xampp/htdocs/ERP_Model_file/vendor/laravel/framework/src/Illuminate/Pipeline/Pipeline.php(137): Illuminate/Pipeline/Pipeline->Illuminate/Pipeline/{closure}(Object(Illuminate/Http/Request))
#22 C:/xampp/htdocs/ERP_Model_file/vendor/laravel/framework/src/Illuminate/Routing/Router.php(821): Illuminate/Pipeline/Pipeline->then(Object(Closure))
#23 C:/xampp/htdocs/ERP_Model_file/vendor/laravel/framework/src/Illuminate/Routing/Router.php(800): Illuminate/Routing/Router->runRouteWithinStack(Object(Illuminate/Routing/Route), Object(Illuminate/Http/Request))
#24 C:/xampp/htdocs/ERP_Model_file/vendor/laravel/framework/src/Illuminate/Routing/Router.php(764): Illuminate/Routing/Router->runRoute(Object(Illuminate/Http/Request), Object(Illuminate/Routing/Route))
#25 C:/xampp/htdocs/ERP_Model_file/vendor/laravel/framework/src/Illuminate/Routing/Router.php(753): Illuminate/Routing/Router->dispatchToRoute(Object(Illuminate/Http/Request))
#26 C:/xampp/htdocs/ERP_Model_file/vendor/laravel/framework/src/Illuminate/Foundation/Http/Kernel.php(200): Illuminate/Routing/Router->dispatch(Object(Illuminate/Http/Request))
#27 C:/xampp/htdocs/ERP_Model_file/vendor/laravel/framework/src/Illuminate/Pipeline/Pipeline.php(180): Illuminate/Foundation/Http/Kernel->Illuminate/Foundation/Http/{closure}(Object(Illuminate/Http/Request))
#28 C:/xampp/htdocs/ERP_Model_file/vendor/laravel/framework/src/Illuminate/Foundation/Http/Middleware/TransformsRequest.php(21): Illuminate/Pipeline/Pipeline->Illuminate/Pipeline/{closure}(Object(Illuminate/Http/Request))
#29 C:/xampp/htdocs/ERP_Model_file/vendor/laravel/framework/src/Illuminate/Foundation/Http/Middleware/ConvertEmptyStringsToNull.php(31): Illuminate/Foundation/Http/Middleware/TransformsRequest->handle(Object(Illuminate/Http/Request), Object(Closure))
#30 C:/xampp/htdocs/ERP_Model_file/vendor/laravel/framework/src/Illuminate/Pipeline/Pipeline.php(219): Illuminate/Foundation/Http/Middleware/ConvertEmptyStringsToNull->handle(Object(Illuminate/Http/Request), Object(Closure))
#31 C:/xampp/htdocs/ERP_Model_file/vendor/laravel/framework/src/Illuminate/Foundation/Http/Middleware/TransformsRequest.php(21): Illuminate/Pipeline/Pipeline->Illuminate/Pipeline/{closure}(Object(Illuminate/Http/Request))
#32 C:/xampp/htdocs/ERP_Model_file/vendor/laravel/framework/src/Illuminate/Foundation/Http/Middleware/TrimStrings.php(51): Illuminate/Foundation/Http/Middleware/TransformsRequest->handle(Object(Illuminate/Http/Request), Object(Closure))
#33 C:/xampp/htdocs/ERP_Model_file/vendor/laravel/framework/src/Illuminate/Pipeline/Pipeline.php(219): Illuminate/Foundation/Http/Middleware/TrimStrings->handle(Object(Illuminate/Http/Request), Object(Closure))
#34 C:/xampp/htdocs/ERP_Model_file/vendor/laravel/framework/src/Illuminate/Http/Middleware/ValidatePostSize.php(27): Illuminate/Pipeline/Pipeline->Illuminate/Pipeline/{closure}(Object(Illuminate/Http/Request))
#35 C:/xampp/htdocs/ERP_Model_file/vendor/laravel/framework/src/Illuminate/Pipeline/Pipeline.php(219): Illuminate/Http/Middleware/ValidatePostSize->handle(Object(Illuminate/Http/Request), Object(Closure))
#36 C:/xampp/htdocs/ERP_Model_file/vendor/laravel/framework/src/Illuminate/Foundation/Http/Middleware/PreventRequestsDuringMaintenance.php(109): Illuminate/Pipeline/Pipeline->Illuminate/Pipeline/{closure}(Object(Illuminate/Http/Request))
#37 C:/xampp/htdocs/ERP_Model_file/vendor/laravel/framework/src/Illuminate/Pipeline/Pipeline.php(219): Illuminate/Foundation/Http/Middleware/PreventRequestsDuringMaintenance->handle(Object(Illuminate/Http/Request), Object(Closure))
#38 C:/xampp/htdocs/ERP_Model_file/vendor/laravel/framework/src/Illuminate/Http/Middleware/HandleCors.php(61): Illuminate/Pipeline/Pipeline->Illuminate/Pipeline/{closure}(Object(Illuminate/Http/Request))
#39 C:/xampp/htdocs/ERP_Model_file/vendor/laravel/framework/src/Illuminate/Pipeline/Pipeline.php(219): Illuminate/Http/Middleware/HandleCors->handle(Object(Illuminate/Http/Request), Object(Closure))
#40 C:/xampp/htdocs/ERP_Model_file/vendor/laravel/framework/src/Illuminate/Http/Middleware/TrustProxies.php(58): Illuminate/Pipeline/Pipeline->Illuminate/Pipeline/{closure}(Object(Illuminate/Http/Request))
#41 C:/xampp/htdocs/ERP_Model_file/vendor/laravel/framework/src/Illuminate/Pipeline/Pipeline.php(219): Illuminate/Http/Middleware/TrustProxies->handle(Object(Illuminate/Http/Request), Object(Closure))
#42 C:/xampp/htdocs/ERP_Model_file/vendor/laravel/framework/src/Illuminate/Foundation/Http/Middleware/InvokeDeferredCallbacks.php(22): Illuminate/Pipeline/Pipeline->Illuminate/Pipeline/{closure}(Object(Illuminate/Http/Request))
#43 C:/xampp/htdocs/ERP_Model_file/vendor/laravel/framework/src/Illuminate/Pipeline/Pipeline.php(219): Illuminate/Foundation/Http/Middleware/InvokeDeferredCallbacks->handle(Object(Illuminate/Http/Request), Object(Closure))
#44 C:/xampp/htdocs/ERP_Model_file/vendor/laravel/framework/src/Illuminate/Http/Middleware/ValidatePathEncoding.php(26): Illuminate/Pipeline/Pipeline->Illuminate/Pipeline/{closure}(Object(Illuminate/Http/Request))
#45 C:/xampp/htdocs/ERP_Model_file/vendor/laravel/framework/src/Illuminate/Pipeline/Pipeline.php(219): Illuminate/Http/Middleware/ValidatePathEncoding->handle(Object(Illuminate/Http/Request), Object(Closure))
#46 C:/xampp/htdocs/ERP_Model_file/vendor/laravel/framework/src/Illuminate/Pipeline/Pipeline.php(137): Illuminate/Pipeline/Pipeline->Illuminate/Pipeline/{closure}(Object(Illuminate/Http/Request))
#47 C:/xampp/htdocs/ERP_Model_file/vendor/laravel/framework/src/Illuminate/Foundation/Http/Kernel.php(175): Illuminate/Pipeline/Pipeline->then(Object(Closure))
#48 C:/xampp/htdocs/ERP_Model_file/vendor/laravel/framework/src/Illuminate/Foundation/Http/Kernel.php(144): Illuminate/Foundation/Http/Kernel->sendRequestThroughRouter(Object(Illuminate/Http/Request))
#49 C:/xampp/htdocs/ERP_Model_file/vendor/laravel/framework/src/Illuminate/Foundation/Application.php(1220): Illuminate/Foundation/Http/Kernel->handle(Object(Illuminate/Http/Request))
#50 C:/xampp/htdocs/ERP_Model_file/public/index.php(20): Illuminate/Foundation/Application->handleRequest(Object(Illuminate/Http/Request))
#51 C:/xampp/htdocs/ERP_Model_file/vendor/laravel/framework/src/Illuminate/Foundation/resources/server.php(23): require_once('C://xampp//htdocs...')
#52 {main}
"} 
[2026-06-22 07:27:31] local.ERROR: View [admin.purchase-orders.edit] not found. {"userId":1,"exception":"[object] (InvalidArgumentException(code: 0): View [admin.purchase-orders.edit] not found. at C:/xampp/htdocs/ERP_Model_file/vendor/laravel/framework/src/Illuminate/View/FileViewFinder.php:138)
[stacktrace]
#0 C:/xampp/htdocs/ERP_Model_file/vendor/laravel/framework/src/Illuminate/View/FileViewFinder.php(78): Illuminate/View/FileViewFinder->findInPaths('admin.purchase-...', Array)
#1 C:/xampp/htdocs/ERP_Model_file/vendor/laravel/framework/src/Illuminate/View/Factory.php(150): Illuminate/View/FileViewFinder->find('admin.purchase-...')
#2 C:/xampp/htdocs/ERP_Model_file/vendor/laravel/framework/src/Illuminate/Foundation/helpers.php(1100): Illuminate/View/Factory->make('admin.purchase-...', Array, Array)
#3 C:/xampp/htdocs/ERP_Model_file/app/Http/Controllers/Admin/PurchaseOrderController.php(115): view('admin.purchase-...', Array)
#4 C:/xampp/htdocs/ERP_Model_file/vendor/laravel/framework/src/Illuminate/Routing/ControllerDispatcher.php(46): App/Http/Controllers/Admin/PurchaseOrderController->edit(Object(App/Models/PurchaseOrder))
#5 C:/xampp/htdocs/ERP_Model_file/vendor/laravel/framework/src/Illuminate/Routing/Route.php(265): Illuminate/Routing/ControllerDispatcher->dispatch(Object(Illuminate/Routing/Route), Object(App/Http/Controllers/Admin/PurchaseOrderController), 'edit')
#6 C:/xampp/htdocs/ERP_Model_file/vendor/laravel/framework/src/Illuminate/Routing/Route.php(211): Illuminate/Routing/Route->runController()
#7 C:/xampp/htdocs/ERP_Model_file/vendor/laravel/framework/src/Illuminate/Routing/Router.php(822): Illuminate/Routing/Route->run()
#8 C:/xampp/htdocs/ERP_Model_file/vendor/laravel/framework/src/Illuminate/Pipeline/Pipeline.php(180): Illuminate/Routing/Router->Illuminate/Routing/{closure}(Object(Illuminate/Http/Request))
#9 C:/xampp/htdocs/ERP_Model_file/vendor/laravel/framework/src/Illuminate/Routing/Middleware/SubstituteBindings.php(50): Illuminate/Pipeline/Pipeline->Illuminate/Pipeline/{closure}(Object(Illuminate/Http/Request))
#10 C:/xampp/htdocs/ERP_Model_file/vendor/laravel/framework/src/Illuminate/Pipeline/Pipeline.php(219): Illuminate/Routing/Middleware/SubstituteBindings->handle(Object(Illuminate/Http/Request), Object(Closure))
#11 C:/xampp/htdocs/ERP_Model_file/vendor/laravel/framework/src/Illuminate/Auth/Middleware/Authenticate.php(63): Illuminate/Pipeline/Pipeline->Illuminate/Pipeline/{closure}(Object(Illuminate/Http/Request))
#12 C:/xampp/htdocs/ERP_Model_file/vendor/laravel/framework/src/Illuminate/Pipeline/Pipeline.php(219): Illuminate/Auth/Middleware/Authenticate->handle(Object(Illuminate/Http/Request), Object(Closure))
#13 C:/xampp/htdocs/ERP_Model_file/vendor/laravel/framework/src/Illuminate/Foundation/Http/Middleware/VerifyCsrfToken.php(87): Illuminate/Pipeline/Pipeline->Illuminate/Pipeline/{closure}(Object(Illuminate/Http/Request))
#14 C:/xampp/htdocs/ERP_Model_file/vendor/laravel/framework/src/Illuminate/Pipeline/Pipeline.php(219): Illuminate/Foundation/Http/Middleware/VerifyCsrfToken->handle(Object(Illuminate/Http/Request), Object(Closure))
#15 C:/xampp/htdocs/ERP_Model_file/vendor/laravel/framework/src/Illuminate/View/Middleware/ShareErrorsFromSession.php(48): Illuminate/Pipeline/Pipeline->Illuminate/Pipeline/{closure}(Object(Illuminate/Http/Request))
#16 C:/xampp/htdocs/ERP_Model_file/vendor/laravel/framework/src/Illuminate/Pipeline/Pipeline.php(219): Illuminate/View/Middleware/ShareErrorsFromSession->handle(Object(Illuminate/Http/Request), Object(Closure))
#17 C:/xampp/htdocs/ERP_Model_file/vendor/laravel/framework/src/Illuminate/Session/Middleware/StartSession.php(120): Illuminate/Pipeline/Pipeline->Illuminate/Pipeline/{closure}(Object(Illuminate/Http/Request))
#18 C:/xampp/htdocs/ERP_Model_file/vendor/laravel/framework/src/Illuminate/Session/Middleware/StartSession.php(63): Illuminate/Session/Middleware/StartSession->handleStatefulRequest(Object(Illuminate/Http/Request), Object(Illuminate/Session/Store), Object(Closure))
#19 C:/xampp/htdocs/ERP_Model_file/vendor/laravel/framework/src/Illuminate/Pipeline/Pipeline.php(219): Illuminate/Session/Middleware/StartSession->handle(Object(Illuminate/Http/Request), Object(Closure))
#20 C:/xampp/htdocs/ERP_Model_file/vendor/laravel/framework/src/Illuminate/Cookie/Middleware/AddQueuedCookiesToResponse.php(36): Illuminate/Pipeline/Pipeline->Illuminate/Pipeline/{closure}(Object(Illuminate/Http/Request))
#21 C:/xampp/htdocs/ERP_Model_file/vendor/laravel/framework/src/Illuminate/Pipeline/Pipeline.php(219): Illuminate/Cookie/Middleware/AddQueuedCookiesToResponse->handle(Object(Illuminate/Http/Request), Object(Closure))
#22 C:/xampp/htdocs/ERP_Model_file/vendor/laravel/framework/src/Illuminate/Cookie/Middleware/EncryptCookies.php(74): Illuminate/Pipeline/Pipeline->Illuminate/Pipeline/{closure}(Object(Illuminate/Http/Request))
#23 C:/xampp/htdocs/ERP_Model_file/vendor/laravel/framework/src/Illuminate/Pipeline/Pipeline.php(219): Illuminate/Cookie/Middleware/EncryptCookies->handle(Object(Illuminate/Http/Request), Object(Closure))
#24 C:/xampp/htdocs/ERP_Model_file/vendor/laravel/framework/src/Illuminate/Pipeline/Pipeline.php(137): Illuminate/Pipeline/Pipeline->Illuminate/Pipeline/{closure}(Object(Illuminate/Http/Request))
#25 C:/xampp/htdocs/ERP_Model_file/vendor/laravel/framework/src/Illuminate/Routing/Router.php(821): Illuminate/Pipeline/Pipeline->then(Object(Closure))
#26 C:/xampp/htdocs/ERP_Model_file/vendor/laravel/framework/src/Illuminate/Routing/Router.php(800): Illuminate/Routing/Router->runRouteWithinStack(Object(Illuminate/Routing/Route), Object(Illuminate/Http/Request))
#27 C:/xampp/htdocs/ERP_Model_file/vendor/laravel/framework/src/Illuminate/Routing/Router.php(764): Illuminate/Routing/Router->runRoute(Object(Illuminate/Http/Request), Object(Illuminate/Routing/Route))
#28 C:/xampp/htdocs/ERP_Model_file/vendor/laravel/framework/src/Illuminate/Routing/Router.php(753): Illuminate/Routing/Router->dispatchToRoute(Object(Illuminate/Http/Request))
#29 C:/xampp/htdocs/ERP_Model_file/vendor/laravel/framework/src/Illuminate/Foundation/Http/Kernel.php(200): Illuminate/Routing/Router->dispatch(Object(Illuminate/Http/Request))
#30 C:/xampp/htdocs/ERP_Model_file/vendor/laravel/framework/src/Illuminate/Pipeline/Pipeline.php(180): Illuminate/Foundation/Http/Kernel->Illuminate/Foundation/Http/{closure}(Object(Illuminate/Http/Request))
#31 C:/xampp/htdocs/ERP_Model_file/vendor/laravel/framework/src/Illuminate/Foundation/Http/Middleware/TransformsRequest.php(21): Illuminate/Pipeline/Pipeline->Illuminate/Pipeline/{closure}(Object(Illuminate/Http/Request))
#32 C:/xampp/htdocs/ERP_Model_file/vendor/laravel/framework/src/Illuminate/Foundation/Http/Middleware/ConvertEmptyStringsToNull.php(31): Illuminate/Foundation/Http/Middleware/TransformsRequest->handle(Object(Illuminate/Http/Request), Object(Closure))
#33 C:/xampp/htdocs/ERP_Model_file/vendor/laravel/framework/src/Illuminate/Pipeline/Pipeline.php(219): Illuminate/Foundation/Http/Middleware/ConvertEmptyStringsToNull->handle(Object(Illuminate/Http/Request), Object(Closure))
#34 C:/xampp/htdocs/ERP_Model_file/vendor/laravel/framework/src/Illuminate/Foundation/Http/Middleware/TransformsRequest.php(21): Illuminate/Pipeline/Pipeline->Illuminate/Pipeline/{closure}(Object(Illuminate/Http/Request))
#35 C:/xampp/htdocs/ERP_Model_file/vendor/laravel/framework/src/Illuminate/Foundation/Http/Middleware/TrimStrings.php(51): Illuminate/Foundation/Http/Middleware/TransformsRequest->handle(Object(Illuminate/Http/Request), Object(Closure))
#36 C:/xampp/htdocs/ERP_Model_file/vendor/laravel/framework/src/Illuminate/Pipeline/Pipeline.php(219): Illuminate/Foundation/Http/Middleware/TrimStrings->handle(Object(Illuminate/Http/Request), Object(Closure))
#37 C:/xampp/htdocs/ERP_Model_file/vendor/laravel/framework/src/Illuminate/Http/Middleware/ValidatePostSize.php(27): Illuminate/Pipeline/Pipeline->Illuminate/Pipeline/{closure}(Object(Illuminate/Http/Request))
#38 C:/xampp/htdocs/ERP_Model_file/vendor/laravel/framework/src/Illuminate/Pipeline/Pipeline.php(219): Illuminate/Http/Middleware/ValidatePostSize->handle(Object(Illuminate/Http/Request), Object(Closure))
#39 C:/xampp/htdocs/ERP_Model_file/vendor/laravel/framework/src/Illuminate/Foundation/Http/Middleware/PreventRequestsDuringMaintenance.php(109): Illuminate/Pipeline/Pipeline->Illuminate/Pipeline/{closure}(Object(Illuminate/Http/Request))
#40 C:/xampp/htdocs/ERP_Model_file/vendor/laravel/framework/src/Illuminate/Pipeline/Pipeline.php(219): Illuminate/Foundation/Http/Middleware/PreventRequestsDuringMaintenance->handle(Object(Illuminate/Http/Request), Object(Closure))
#41 C:/xampp/htdocs/ERP_Model_file/vendor/laravel/framework/src/Illuminate/Http/Middleware/HandleCors.php(61): Illuminate/Pipeline/Pipeline->Illuminate/Pipeline/{closure}(Object(Illuminate/Http/Request))
#42 C:/xampp/htdocs/ERP_Model_file/vendor/laravel/framework/src/Illuminate/Pipeline/Pipeline.php(219): Illuminate/Http/Middleware/HandleCors->handle(Object(Illuminate/Http/Request), Object(Closure))
#43 C:/xampp/htdocs/ERP_Model_file/vendor/laravel/framework/src/Illuminate/Http/Middleware/TrustProxies.php(58): Illuminate/Pipeline/Pipeline->Illuminate/Pipeline/{closure}(Object(Illuminate/Http/Request))
#44 C:/xampp/htdocs/ERP_Model_file/vendor/laravel/framework/src/Illuminate/Pipeline/Pipeline.php(219): Illuminate/Http/Middleware/TrustProxies->handle(Object(Illuminate/Http/Request), Object(Closure))
#45 C:/xampp/htdocs/ERP_Model_file/vendor/laravel/framework/src/Illuminate/Foundation/Http/Middleware/InvokeDeferredCallbacks.php(22): Illuminate/Pipeline/Pipeline->Illuminate/Pipeline/{closure}(Object(Illuminate/Http/Request))
#46 C:/xampp/htdocs/ERP_Model_file/vendor/laravel/framework/src/Illuminate/Pipeline/Pipeline.php(219): Illuminate/Foundation/Http/Middleware/InvokeDeferredCallbacks->handle(Object(Illuminate/Http/Request), Object(Closure))
#47 C:/xampp/htdocs/ERP_Model_file/vendor/laravel/framework/src/Illuminate/Http/Middleware/ValidatePathEncoding.php(26): Illuminate/Pipeline/Pipeline->Illuminate/Pipeline/{closure}(Object(Illuminate/Http/Request))
#48 C:/xampp/htdocs/ERP_Model_file/vendor/laravel/framework/src/Illuminate/Pipeline/Pipeline.php(219): Illuminate/Http/Middleware/ValidatePathEncoding->handle(Object(Illuminate/Http/Request), Object(Closure))
#49 C:/xampp/htdocs/ERP_Model_file/vendor/laravel/framework/src/Illuminate/Pipeline/Pipeline.php(137): Illuminate/Pipeline/Pipeline->Illuminate/Pipeline/{closure}(Object(Illuminate/Http/Request))
#50 C:/xampp/htdocs/ERP_Model_file/vendor/laravel/framework/src/Illuminate/Foundation/Http/Kernel.php(175): Illuminate/Pipeline/Pipeline->then(Object(Closure))
#51 C:/xampp/htdocs/ERP_Model_file/vendor/laravel/framework/src/Illuminate/Foundation/Http/Kernel.php(144): Illuminate/Foundation/Http/Kernel->sendRequestThroughRouter(Object(Illuminate/Http/Request))
#52 C:/xampp/htdocs/ERP_Model_file/vendor/laravel/framework/src/Illuminate/Foundation/Application.php(1220): Illuminate/Foundation/Http/Kernel->handle(Object(Illuminate/Http/Request))
#53 C:/xampp/htdocs/ERP_Model_file/public/index.php(20): Illuminate/Foundation/Application->handleRequest(Object(Illuminate/Http/Request))
#54 C:/xampp/htdocs/ERP_Model_file/vendor/laravel/framework/src/Illuminate/Foundation/resources/server.php(23): require_once('C://xampp//htdocs...')
#55 {main}
"} 
[2026-06-22 07:40:25] local.ERROR: Method Spatie\Activitylog\ActivityLogger::get does not exist. {"userId":3,"exception":"[object] (BadMethodCallException(code: 0): Method Spatie\\Activitylog\\ActivityLogger::get does not exist. at C:/xampp/htdocs/ERP_Model_file/vendor/laravel/framework/src/Illuminate/Macroable/Traits/Macroable.php:117)
[stacktrace]
#0 C:/xampp/htdocs/ERP_Model_file/app/Http/Controllers/Admin/PurchaseOrderController.php(102): Spatie/Activitylog/ActivityLogger->__call('get', Array)
#1 C:/xampp/htdocs/ERP_Model_file/vendor/laravel/framework/src/Illuminate/Routing/ControllerDispatcher.php(46): App/Http/Controllers/Admin/PurchaseOrderController->show(Object(App/Models/PurchaseOrder))
#2 C:/xampp/htdocs/ERP_Model_file/vendor/laravel/framework/src/Illuminate/Routing/Route.php(265): Illuminate/Routing/ControllerDispatcher->dispatch(Object(Illuminate/Routing/Route), Object(App/Http/Controllers/Admin/PurchaseOrderController), 'show')
#3 C:/xampp/htdocs/ERP_Model_file/vendor/laravel/framework/src/Illuminate/Routing/Route.php(211): Illuminate/Routing/Route->runController()
#4 C:/xampp/htdocs/ERP_Model_file/vendor/laravel/framework/src/Illuminate/Routing/Router.php(822): Illuminate/Routing/Route->run()
#5 C:/xampp/htdocs/ERP_Model_file/vendor/laravel/framework/src/Illuminate/Pipeline/Pipeline.php(180): Illuminate/Routing/Router->Illuminate/Routing/{closure}(Object(Illuminate/Http/Request))
#6 C:/xampp/htdocs/ERP_Model_file/vendor/laravel/framework/src/Illuminate/Routing/Middleware/SubstituteBindings.php(50): Illuminate/Pipeline/Pipeline->Illuminate/Pipeline/{closure}(Object(Illuminate/Http/Request))
#7 C:/xampp/htdocs/ERP_Model_file/vendor/laravel/framework/src/Illuminate/Pipeline/Pipeline.php(219): Illuminate/Routing/Middleware/SubstituteBindings->handle(Object(Illuminate/Http/Request), Object(Closure))
#8 C:/xampp/htdocs/ERP_Model_file/vendor/laravel/framework/src/Illuminate/Auth/Middleware/Authenticate.php(63): Illuminate/Pipeline/Pipeline->Illuminate/Pipeline/{closure}(Object(Illuminate/Http/Request))
#9 C:/xampp/htdocs/ERP_Model_file/vendor/laravel/framework/src/Illuminate/Pipeline/Pipeline.php(219): Illuminate/Auth/Middleware/Authenticate->handle(Object(Illuminate/Http/Request), Object(Closure))
#10 C:/xampp/htdocs/ERP_Model_file/vendor/laravel/framework/src/Illuminate/Foundation/Http/Middleware/VerifyCsrfToken.php(87): Illuminate/Pipeline/Pipeline->Illuminate/Pipeline/{closure}(Object(Illuminate/Http/Request))
#11 C:/xampp/htdocs/ERP_Model_file/vendor/laravel/framework/src/Illuminate/Pipeline/Pipeline.php(219): Illuminate/Foundation/Http/Middleware/VerifyCsrfToken->handle(Object(Illuminate/Http/Request), Object(Closure))
#12 C:/xampp/htdocs/ERP_Model_file/vendor/laravel/framework/src/Illuminate/View/Middleware/ShareErrorsFromSession.php(48): Illuminate/Pipeline/Pipeline->Illuminate/Pipeline/{closure}(Object(Illuminate/Http/Request))
#13 C:/xampp/htdocs/ERP_Model_file/vendor/laravel/framework/src/Illuminate/Pipeline/Pipeline.php(219): Illuminate/View/Middleware/ShareErrorsFromSession->handle(Object(Illuminate/Http/Request), Object(Closure))
#14 C:/xampp/htdocs/ERP_Model_file/vendor/laravel/framework/src/Illuminate/Session/Middleware/StartSession.php(120): Illuminate/Pipeline/Pipeline->Illuminate/Pipeline/{closure}(Object(Illuminate/Http/Request))
#15 C:/xampp/htdocs/ERP_Model_file/vendor/laravel/framework/src/Illuminate/Session/Middleware/StartSession.php(63): Illuminate/Session/Middleware/StartSession->handleStatefulRequest(Object(Illuminate/Http/Request), Object(Illuminate/Session/Store), Object(Closure))
#16 C:/xampp/htdocs/ERP_Model_file/vendor/laravel/framework/src/Illuminate/Pipeline/Pipeline.php(219): Illuminate/Session/Middleware/StartSession->handle(Object(Illuminate/Http/Request), Object(Closure))
#17 C:/xampp/htdocs/ERP_Model_file/vendor/laravel/framework/src/Illuminate/Cookie/Middleware/AddQueuedCookiesToResponse.php(36): Illuminate/Pipeline/Pipeline->Illuminate/Pipeline/{closure}(Object(Illuminate/Http/Request))
#18 C:/xampp/htdocs/ERP_Model_file/vendor/laravel/framework/src/Illuminate/Pipeline/Pipeline.php(219): Illuminate/Cookie/Middleware/AddQueuedCookiesToResponse->handle(Object(Illuminate/Http/Request), Object(Closure))
#19 C:/xampp/htdocs/ERP_Model_file/vendor/laravel/framework/src/Illuminate/Cookie/Middleware/EncryptCookies.php(74): Illuminate/Pipeline/Pipeline->Illuminate/Pipeline/{closure}(Object(Illuminate/Http/Request))
#20 C:/xampp/htdocs/ERP_Model_file/vendor/laravel/framework/src/Illuminate/Pipeline/Pipeline.php(219): Illuminate/Cookie/Middleware/EncryptCookies->handle(Object(Illuminate/Http/Request), Object(Closure))
#21 C:/xampp/htdocs/ERP_Model_file/vendor/laravel/framework/src/Illuminate/Pipeline/Pipeline.php(137): Illuminate/Pipeline/Pipeline->Illuminate/Pipeline/{closure}(Object(Illuminate/Http/Request))
#22 C:/xampp/htdocs/ERP_Model_file/vendor/laravel/framework/src/Illuminate/Routing/Router.php(821): Illuminate/Pipeline/Pipeline->then(Object(Closure))
#23 C:/xampp/htdocs/ERP_Model_file/vendor/laravel/framework/src/Illuminate/Routing/Router.php(800): Illuminate/Routing/Router->runRouteWithinStack(Object(Illuminate/Routing/Route), Object(Illuminate/Http/Request))
#24 C:/xampp/htdocs/ERP_Model_file/vendor/laravel/framework/src/Illuminate/Routing/Router.php(764): Illuminate/Routing/Router->runRoute(Object(Illuminate/Http/Request), Object(Illuminate/Routing/Route))
#25 C:/xampp/htdocs/ERP_Model_file/vendor/laravel/framework/src/Illuminate/Routing/Router.php(753): Illuminate/Routing/Router->dispatchToRoute(Object(Illuminate/Http/Request))
#26 C:/xampp/htdocs/ERP_Model_file/vendor/laravel/framework/src/Illuminate/Foundation/Http/Kernel.php(200): Illuminate/Routing/Router->dispatch(Object(Illuminate/Http/Request))
#27 C:/xampp/htdocs/ERP_Model_file/vendor/laravel/framework/src/Illuminate/Pipeline/Pipeline.php(180): Illuminate/Foundation/Http/Kernel->Illuminate/Foundation/Http/{closure}(Object(Illuminate/Http/Request))
#28 C:/xampp/htdocs/ERP_Model_file/vendor/laravel/framework/src/Illuminate/Foundation/Http/Middleware/TransformsRequest.php(21): Illuminate/Pipeline/Pipeline->Illuminate/Pipeline/{closure}(Object(Illuminate/Http/Request))
#29 C:/xampp/htdocs/ERP_Model_file/vendor/laravel/framework/src/Illuminate/Foundation/Http/Middleware/ConvertEmptyStringsToNull.php(31): Illuminate/Foundation/Http/Middleware/TransformsRequest->handle(Object(Illuminate/Http/Request), Object(Closure))
#30 C:/xampp/htdocs/ERP_Model_file/vendor/laravel/framework/src/Illuminate/Pipeline/Pipeline.php(219): Illuminate/Foundation/Http/Middleware/ConvertEmptyStringsToNull->handle(Object(Illuminate/Http/Request), Object(Closure))
#31 C:/xampp/htdocs/ERP_Model_file/vendor/laravel/framework/src/Illuminate/Foundation/Http/Middleware/TransformsRequest.php(21): Illuminate/Pipeline/Pipeline->Illuminate/Pipeline/{closure}(Object(Illuminate/Http/Request))
#32 C:/xampp/htdocs/ERP_Model_file/vendor/laravel/framework/src/Illuminate/Foundation/Http/Middleware/TrimStrings.php(51): Illuminate/Foundation/Http/Middleware/TransformsRequest->handle(Object(Illuminate/Http/Request), Object(Closure))
#33 C:/xampp/htdocs/ERP_Model_file/vendor/laravel/framework/src/Illuminate/Pipeline/Pipeline.php(219): Illuminate/Foundation/Http/Middleware/TrimStrings->handle(Object(Illuminate/Http/Request), Object(Closure))
#34 C:/xampp/htdocs/ERP_Model_file/vendor/laravel/framework/src/Illuminate/Http/Middleware/ValidatePostSize.php(27): Illuminate/Pipeline/Pipeline->Illuminate/Pipeline/{closure}(Object(Illuminate/Http/Request))
#35 C:/xampp/htdocs/ERP_Model_file/vendor/laravel/framework/src/Illuminate/Pipeline/Pipeline.php(219): Illuminate/Http/Middleware/ValidatePostSize->handle(Object(Illuminate/Http/Request), Object(Closure))
#36 C:/xampp/htdocs/ERP_Model_file/vendor/laravel/framework/src/Illuminate/Foundation/Http/Middleware/PreventRequestsDuringMaintenance.php(109): Illuminate/Pipeline/Pipeline->Illuminate/Pipeline/{closure}(Object(Illuminate/Http/Request))
#37 C:/xampp/htdocs/ERP_Model_file/vendor/laravel/framework/src/Illuminate/Pipeline/Pipeline.php(219): Illuminate/Foundation/Http/Middleware/PreventRequestsDuringMaintenance->handle(Object(Illuminate/Http/Request), Object(Closure))
#38 C:/xampp/htdocs/ERP_Model_file/vendor/laravel/framework/src/Illuminate/Http/Middleware/HandleCors.php(61): Illuminate/Pipeline/Pipeline->Illuminate/Pipeline/{closure}(Object(Illuminate/Http/Request))
#39 C:/xampp/htdocs/ERP_Model_file/vendor/laravel/framework/src/Illuminate/Pipeline/Pipeline.php(219): Illuminate/Http/Middleware/HandleCors->handle(Object(Illuminate/Http/Request), Object(Closure))
#40 C:/xampp/htdocs/ERP_Model_file/vendor/laravel/framework/src/Illuminate/Http/Middleware/TrustProxies.php(58): Illuminate/Pipeline/Pipeline->Illuminate/Pipeline/{closure}(Object(Illuminate/Http/Request))
#41 C:/xampp/htdocs/ERP_Model_file/vendor/laravel/framework/src/Illuminate/Pipeline/Pipeline.php(219): Illuminate/Http/Middleware/TrustProxies->handle(Object(Illuminate/Http/Request), Object(Closure))
#42 C:/xampp/htdocs/ERP_Model_file/vendor/laravel/framework/src/Illuminate/Foundation/Http/Middleware/InvokeDeferredCallbacks.php(22): Illuminate/Pipeline/Pipeline->Illuminate/Pipeline/{closure}(Object(Illuminate/Http/Request))
#43 C:/xampp/htdocs/ERP_Model_file/vendor/laravel/framework/src/Illuminate/Pipeline/Pipeline.php(219): Illuminate/Foundation/Http/Middleware/InvokeDeferredCallbacks->handle(Object(Illuminate/Http/Request), Object(Closure))
#44 C:/xampp/htdocs/ERP_Model_file/vendor/laravel/framework/src/Illuminate/Http/Middleware/ValidatePathEncoding.php(26): Illuminate/Pipeline/Pipeline->Illuminate/Pipeline/{closure}(Object(Illuminate/Http/Request))
#45 C:/xampp/htdocs/ERP_Model_file/vendor/laravel/framework/src/Illuminate/Pipeline/Pipeline.php(219): Illuminate/Http/Middleware/ValidatePathEncoding->handle(Object(Illuminate/Http/Request), Object(Closure))
#46 C:/xampp/htdocs/ERP_Model_file/vendor/laravel/framework/src/Illuminate/Pipeline/Pipeline.php(137): Illuminate/Pipeline/Pipeline->Illuminate/Pipeline/{closure}(Object(Illuminate/Http/Request))
#47 C:/xampp/htdocs/ERP_Model_file/vendor/laravel/framework/src/Illuminate/Foundation/Http/Kernel.php(175): Illuminate/Pipeline/Pipeline->then(Object(Closure))
#48 C:/xampp/htdocs/ERP_Model_file/vendor/laravel/framework/src/Illuminate/Foundation/Http/Kernel.php(144): Illuminate/Foundation/Http/Kernel->sendRequestThroughRouter(Object(Illuminate/Http/Request))
#49 C:/xampp/htdocs/ERP_Model_file/vendor/laravel/framework/src/Illuminate/Foundation/Application.php(1220): Illuminate/Foundation/Http/Kernel->handle(Object(Illuminate/Http/Request))
#50 C:/xampp/htdocs/ERP_Model_file/public/index.php(20): Illuminate/Foundation/Application->handleRequest(Object(Illuminate/Http/Request))
#51 C:/xampp/htdocs/ERP_Model_file/vendor/laravel/framework/src/Illuminate/Foundation/resources/server.php(23): require_once('C://xampp//htdocs...')
#52 {main}
"} 
[2026-06-22 07:40:36] local.ERROR: View [admin.purchase-orders.edit] not found. {"userId":3,"exception":"[object] (InvalidArgumentException(code: 0): View [admin.purchase-orders.edit] not found. at C:/xampp/htdocs/ERP_Model_file/vendor/laravel/framework/src/Illuminate/View/FileViewFinder.php:138)
[stacktrace]
#0 C:/xampp/htdocs/ERP_Model_file/vendor/laravel/framework/src/Illuminate/View/FileViewFinder.php(78): Illuminate/View/FileViewFinder->findInPaths('admin.purchase-...', Array)
#1 C:/xampp/htdocs/ERP_Model_file/vendor/laravel/framework/src/Illuminate/View/Factory.php(150): Illuminate/View/FileViewFinder->find('admin.purchase-...')
#2 C:/xampp/htdocs/ERP_Model_file/vendor/laravel/framework/src/Illuminate/Foundation/helpers.php(1100): Illuminate/View/Factory->make('admin.purchase-...', Array, Array)
#3 C:/xampp/htdocs/ERP_Model_file/app/Http/Controllers/Admin/PurchaseOrderController.php(115): view('admin.purchase-...', Array)
#4 C:/xampp/htdocs/ERP_Model_file/vendor/laravel/framework/src/Illuminate/Routing/ControllerDispatcher.php(46): App/Http/Controllers/Admin/PurchaseOrderController->edit(Object(App/Models/PurchaseOrder))
#5 C:/xampp/htdocs/ERP_Model_file/vendor/laravel/framework/src/Illuminate/Routing/Route.php(265): Illuminate/Routing/ControllerDispatcher->dispatch(Object(Illuminate/Routing/Route), Object(App/Http/Controllers/Admin/PurchaseOrderController), 'edit')
#6 C:/xampp/htdocs/ERP_Model_file/vendor/laravel/framework/src/Illuminate/Routing/Route.php(211): Illuminate/Routing/Route->runController()
#7 C:/xampp/htdocs/ERP_Model_file/vendor/laravel/framework/src/Illuminate/Routing/Router.php(822): Illuminate/Routing/Route->run()
#8 C:/xampp/htdocs/ERP_Model_file/vendor/laravel/framework/src/Illuminate/Pipeline/Pipeline.php(180): Illuminate/Routing/Router->Illuminate/Routing/{closure}(Object(Illuminate/Http/Request))
#9 C:/xampp/htdocs/ERP_Model_file/vendor/laravel/framework/src/Illuminate/Routing/Middleware/SubstituteBindings.php(50): Illuminate/Pipeline/Pipeline->Illuminate/Pipeline/{closure}(Object(Illuminate/Http/Request))
#10 C:/xampp/htdocs/ERP_Model_file/vendor/laravel/framework/src/Illuminate/Pipeline/Pipeline.php(219): Illuminate/Routing/Middleware/SubstituteBindings->handle(Object(Illuminate/Http/Request), Object(Closure))
#11 C:/xampp/htdocs/ERP_Model_file/vendor/laravel/framework/src/Illuminate/Auth/Middleware/Authenticate.php(63): Illuminate/Pipeline/Pipeline->Illuminate/Pipeline/{closure}(Object(Illuminate/Http/Request))
#12 C:/xampp/htdocs/ERP_Model_file/vendor/laravel/framework/src/Illuminate/Pipeline/Pipeline.php(219): Illuminate/Auth/Middleware/Authenticate->handle(Object(Illuminate/Http/Request), Object(Closure))
#13 C:/xampp/htdocs/ERP_Model_file/vendor/laravel/framework/src/Illuminate/Foundation/Http/Middleware/VerifyCsrfToken.php(87): Illuminate/Pipeline/Pipeline->Illuminate/Pipeline/{closure}(Object(Illuminate/Http/Request))
#14 C:/xampp/htdocs/ERP_Model_file/vendor/laravel/framework/src/Illuminate/Pipeline/Pipeline.php(219): Illuminate/Foundation/Http/Middleware/VerifyCsrfToken->handle(Object(Illuminate/Http/Request), Object(Closure))
#15 C:/xampp/htdocs/ERP_Model_file/vendor/laravel/framework/src/Illuminate/View/Middleware/ShareErrorsFromSession.php(48): Illuminate/Pipeline/Pipeline->Illuminate/Pipeline/{closure}(Object(Illuminate/Http/Request))
#16 C:/xampp/htdocs/ERP_Model_file/vendor/laravel/framework/src/Illuminate/Pipeline/Pipeline.php(219): Illuminate/View/Middleware/ShareErrorsFromSession->handle(Object(Illuminate/Http/Request), Object(Closure))
#17 C:/xampp/htdocs/ERP_Model_file/vendor/laravel/framework/src/Illuminate/Session/Middleware/StartSession.php(120): Illuminate/Pipeline/Pipeline->Illuminate/Pipeline/{closure}(Object(Illuminate/Http/Request))
#18 C:/xampp/htdocs/ERP_Model_file/vendor/laravel/framework/src/Illuminate/Session/Middleware/StartSession.php(63): Illuminate/Session/Middleware/StartSession->handleStatefulRequest(Object(Illuminate/Http/Request), Object(Illuminate/Session/Store), Object(Closure))
#19 C:/xampp/htdocs/ERP_Model_file/vendor/laravel/framework/src/Illuminate/Pipeline/Pipeline.php(219): Illuminate/Session/Middleware/StartSession->handle(Object(Illuminate/Http/Request), Object(Closure))
#20 C:/xampp/htdocs/ERP_Model_file/vendor/laravel/framework/src/Illuminate/Cookie/Middleware/AddQueuedCookiesToResponse.php(36): Illuminate/Pipeline/Pipeline->Illuminate/Pipeline/{closure}(Object(Illuminate/Http/Request))
#21 C:/xampp/htdocs/ERP_Model_file/vendor/laravel/framework/src/Illuminate/Pipeline/Pipeline.php(219): Illuminate/Cookie/Middleware/AddQueuedCookiesToResponse->handle(Object(Illuminate/Http/Request), Object(Closure))
#22 C:/xampp/htdocs/ERP_Model_file/vendor/laravel/framework/src/Illuminate/Cookie/Middleware/EncryptCookies.php(74): Illuminate/Pipeline/Pipeline->Illuminate/Pipeline/{closure}(Object(Illuminate/Http/Request))
#23 C:/xampp/htdocs/ERP_Model_file/vendor/laravel/framework/src/Illuminate/Pipeline/Pipeline.php(219): Illuminate/Cookie/Middleware/EncryptCookies->handle(Object(Illuminate/Http/Request), Object(Closure))
#24 C:/xampp/htdocs/ERP_Model_file/vendor/laravel/framework/src/Illuminate/Pipeline/Pipeline.php(137): Illuminate/Pipeline/Pipeline->Illuminate/Pipeline/{closure}(Object(Illuminate/Http/Request))
#25 C:/xampp/htdocs/ERP_Model_file/vendor/laravel/framework/src/Illuminate/Routing/Router.php(821): Illuminate/Pipeline/Pipeline->then(Object(Closure))
#26 C:/xampp/htdocs/ERP_Model_file/vendor/laravel/framework/src/Illuminate/Routing/Router.php(800): Illuminate/Routing/Router->runRouteWithinStack(Object(Illuminate/Routing/Route), Object(Illuminate/Http/Request))
#27 C:/xampp/htdocs/ERP_Model_file/vendor/laravel/framework/src/Illuminate/Routing/Router.php(764): Illuminate/Routing/Router->runRoute(Object(Illuminate/Http/Request), Object(Illuminate/Routing/Route))
#28 C:/xampp/htdocs/ERP_Model_file/vendor/laravel/framework/src/Illuminate/Routing/Router.php(753): Illuminate/Routing/Router->dispatchToRoute(Object(Illuminate/Http/Request))
#29 C:/xampp/htdocs/ERP_Model_file/vendor/laravel/framework/src/Illuminate/Foundation/Http/Kernel.php(200): Illuminate/Routing/Router->dispatch(Object(Illuminate/Http/Request))
#30 C:/xampp/htdocs/ERP_Model_file/vendor/laravel/framework/src/Illuminate/Pipeline/Pipeline.php(180): Illuminate/Foundation/Http/Kernel->Illuminate/Foundation/Http/{closure}(Object(Illuminate/Http/Request))
#31 C:/xampp/htdocs/ERP_Model_file/vendor/laravel/framework/src/Illuminate/Foundation/Http/Middleware/TransformsRequest.php(21): Illuminate/Pipeline/Pipeline->Illuminate/Pipeline/{closure}(Object(Illuminate/Http/Request))
#32 C:/xampp/htdocs/ERP_Model_file/vendor/laravel/framework/src/Illuminate/Foundation/Http/Middleware/ConvertEmptyStringsToNull.php(31): Illuminate/Foundation/Http/Middleware/TransformsRequest->handle(Object(Illuminate/Http/Request), Object(Closure))
#33 C:/xampp/htdocs/ERP_Model_file/vendor/laravel/framework/src/Illuminate/Pipeline/Pipeline.php(219): Illuminate/Foundation/Http/Middleware/ConvertEmptyStringsToNull->handle(Object(Illuminate/Http/Request), Object(Closure))
#34 C:/xampp/htdocs/ERP_Model_file/vendor/laravel/framework/src/Illuminate/Foundation/Http/Middleware/TransformsRequest.php(21): Illuminate/Pipeline/Pipeline->Illuminate/Pipeline/{closure}(Object(Illuminate/Http/Request))
#35 C:/xampp/htdocs/ERP_Model_file/vendor/laravel/framework/src/Illuminate/Foundation/Http/Middleware/TrimStrings.php(51): Illuminate/Foundation/Http/Middleware/TransformsRequest->handle(Object(Illuminate/Http/Request), Object(Closure))
#36 C:/xampp/htdocs/ERP_Model_file/vendor/laravel/framework/src/Illuminate/Pipeline/Pipeline.php(219): Illuminate/Foundation/Http/Middleware/TrimStrings->handle(Object(Illuminate/Http/Request), Object(Closure))
#37 C:/xampp/htdocs/ERP_Model_file/vendor/laravel/framework/src/Illuminate/Http/Middleware/ValidatePostSize.php(27): Illuminate/Pipeline/Pipeline->Illuminate/Pipeline/{closure}(Object(Illuminate/Http/Request))
#38 C:/xampp/htdocs/ERP_Model_file/vendor/laravel/framework/src/Illuminate/Pipeline/Pipeline.php(219): Illuminate/Http/Middleware/ValidatePostSize->handle(Object(Illuminate/Http/Request), Object(Closure))
#39 C:/xampp/htdocs/ERP_Model_file/vendor/laravel/framework/src/Illuminate/Foundation/Http/Middleware/PreventRequestsDuringMaintenance.php(109): Illuminate/Pipeline/Pipeline->Illuminate/Pipeline/{closure}(Object(Illuminate/Http/Request))
#40 C:/xampp/htdocs/ERP_Model_file/vendor/laravel/framework/src/Illuminate/Pipeline/Pipeline.php(219): Illuminate/Foundation/Http/Middleware/PreventRequestsDuringMaintenance->handle(Object(Illuminate/Http/Request), Object(Closure))
#41 C:/xampp/htdocs/ERP_Model_file/vendor/laravel/framework/src/Illuminate/Http/Middleware/HandleCors.php(61): Illuminate/Pipeline/Pipeline->Illuminate/Pipeline/{closure}(Object(Illuminate/Http/Request))
#42 C:/xampp/htdocs/ERP_Model_file/vendor/laravel/framework/src/Illuminate/Pipeline/Pipeline.php(219): Illuminate/Http/Middleware/HandleCors->handle(Object(Illuminate/Http/Request), Object(Closure))
#43 C:/xampp/htdocs/ERP_Model_file/vendor/laravel/framework/src/Illuminate/Http/Middleware/TrustProxies.php(58): Illuminate/Pipeline/Pipeline->Illuminate/Pipeline/{closure}(Object(Illuminate/Http/Request))
#44 C:/xampp/htdocs/ERP_Model_file/vendor/laravel/framework/src/Illuminate/Pipeline/Pipeline.php(219): Illuminate/Http/Middleware/TrustProxies->handle(Object(Illuminate/Http/Request), Object(Closure))
#45 C:/xampp/htdocs/ERP_Model_file/vendor/laravel/framework/src/Illuminate/Foundation/Http/Middleware/InvokeDeferredCallbacks.php(22): Illuminate/Pipeline/Pipeline->Illuminate/Pipeline/{closure}(Object(Illuminate/Http/Request))
#46 C:/xampp/htdocs/ERP_Model_file/vendor/laravel/framework/src/Illuminate/Pipeline/Pipeline.php(219): Illuminate/Foundation/Http/Middleware/InvokeDeferredCallbacks->handle(Object(Illuminate/Http/Request), Object(Closure))
#47 C:/xampp/htdocs/ERP_Model_file/vendor/laravel/framework/src/Illuminate/Http/Middleware/ValidatePathEncoding.php(26): Illuminate/Pipeline/Pipeline->Illuminate/Pipeline/{closure}(Object(Illuminate/Http/Request))
#48 C:/xampp/htdocs/ERP_Model_file/vendor/laravel/framework/src/Illuminate/Pipeline/Pipeline.php(219): Illuminate/Http/Middleware/ValidatePathEncoding->handle(Object(Illuminate/Http/Request), Object(Closure))
#49 C:/xampp/htdocs/ERP_Model_file/vendor/laravel/framework/src/Illuminate/Pipeline/Pipeline.php(137): Illuminate/Pipeline/Pipeline->Illuminate/Pipeline/{closure}(Object(Illuminate/Http/Request))
#50 C:/xampp/htdocs/ERP_Model_file/vendor/laravel/framework/src/Illuminate/Foundation/Http/Kernel.php(175): Illuminate/Pipeline/Pipeline->then(Object(Closure))
#51 C:/xampp/htdocs/ERP_Model_file/vendor/laravel/framework/src/Illuminate/Foundation/Http/Kernel.php(144): Illuminate/Foundation/Http/Kernel->sendRequestThroughRouter(Object(Illuminate/Http/Request))
#52 C:/xampp/htdocs/ERP_Model_file/vendor/laravel/framework/src/Illuminate/Foundation/Application.php(1220): Illuminate/Foundation/Http/Kernel->handle(Object(Illuminate/Http/Request))
#53 C:/xampp/htdocs/ERP_Model_file/public/index.php(20): Illuminate/Foundation/Application->handleRequest(Object(Illuminate/Http/Request))
#54 C:/xampp/htdocs/ERP_Model_file/vendor/laravel/framework/src/Illuminate/Foundation/resources/server.php(23): require_once('C://xampp//htdocs...')
#55 {main}
"} 
[2026-06-22 07:42:11] local.ERROR: Method Spatie\Activitylog\ActivityLogger::get does not exist. {"userId":2,"exception":"[object] (BadMethodCallException(code: 0): Method Spatie\\Activitylog\\ActivityLogger::get does not exist. at C:/xampp/htdocs/ERP_Model_file/vendor/laravel/framework/src/Illuminate/Macroable/Traits/Macroable.php:117)
[stacktrace]
#0 C:/xampp/htdocs/ERP_Model_file/app/Http/Controllers/Admin/PurchaseOrderController.php(102): Spatie/Activitylog/ActivityLogger->__call('get', Array)
#1 C:/xampp/htdocs/ERP_Model_file/vendor/laravel/framework/src/Illuminate/Routing/ControllerDispatcher.php(46): App/Http/Controllers/Admin/PurchaseOrderController->show(Object(App/Models/PurchaseOrder))
#2 C:/xampp/htdocs/ERP_Model_file/vendor/laravel/framework/src/Illuminate/Routing/Route.php(265): Illuminate/Routing/ControllerDispatcher->dispatch(Object(Illuminate/Routing/Route), Object(App/Http/Controllers/Admin/PurchaseOrderController), 'show')
#3 C:/xampp/htdocs/ERP_Model_file/vendor/laravel/framework/src/Illuminate/Routing/Route.php(211): Illuminate/Routing/Route->runController()
#4 C:/xampp/htdocs/ERP_Model_file/vendor/laravel/framework/src/Illuminate/Routing/Router.php(822): Illuminate/Routing/Route->run()
#5 C:/xampp/htdocs/ERP_Model_file/vendor/laravel/framework/src/Illuminate/Pipeline/Pipeline.php(180): Illuminate/Routing/Router->Illuminate/Routing/{closure}(Object(Illuminate/Http/Request))
#6 C:/xampp/htdocs/ERP_Model_file/vendor/laravel/framework/src/Illuminate/Routing/Middleware/SubstituteBindings.php(50): Illuminate/Pipeline/Pipeline->Illuminate/Pipeline/{closure}(Object(Illuminate/Http/Request))
#7 C:/xampp/htdocs/ERP_Model_file/vendor/laravel/framework/src/Illuminate/Pipeline/Pipeline.php(219): Illuminate/Routing/Middleware/SubstituteBindings->handle(Object(Illuminate/Http/Request), Object(Closure))
#8 C:/xampp/htdocs/ERP_Model_file/vendor/laravel/framework/src/Illuminate/Auth/Middleware/Authenticate.php(63): Illuminate/Pipeline/Pipeline->Illuminate/Pipeline/{closure}(Object(Illuminate/Http/Request))
#9 C:/xampp/htdocs/ERP_Model_file/vendor/laravel/framework/src/Illuminate/Pipeline/Pipeline.php(219): Illuminate/Auth/Middleware/Authenticate->handle(Object(Illuminate/Http/Request), Object(Closure))
#10 C:/xampp/htdocs/ERP_Model_file/vendor/laravel/framework/src/Illuminate/Foundation/Http/Middleware/VerifyCsrfToken.php(87): Illuminate/Pipeline/Pipeline->Illuminate/Pipeline/{closure}(Object(Illuminate/Http/Request))
#11 C:/xampp/htdocs/ERP_Model_file/vendor/laravel/framework/src/Illuminate/Pipeline/Pipeline.php(219): Illuminate/Foundation/Http/Middleware/VerifyCsrfToken->handle(Object(Illuminate/Http/Request), Object(Closure))
#12 C:/xampp/htdocs/ERP_Model_file/vendor/laravel/framework/src/Illuminate/View/Middleware/ShareErrorsFromSession.php(48): Illuminate/Pipeline/Pipeline->Illuminate/Pipeline/{closure}(Object(Illuminate/Http/Request))
#13 C:/xampp/htdocs/ERP_Model_file/vendor/laravel/framework/src/Illuminate/Pipeline/Pipeline.php(219): Illuminate/View/Middleware/ShareErrorsFromSession->handle(Object(Illuminate/Http/Request), Object(Closure))
#14 C:/xampp/htdocs/ERP_Model_file/vendor/laravel/framework/src/Illuminate/Session/Middleware/StartSession.php(120): Illuminate/Pipeline/Pipeline->Illuminate/Pipeline/{closure}(Object(Illuminate/Http/Request))
#15 C:/xampp/htdocs/ERP_Model_file/vendor/laravel/framework/src/Illuminate/Session/Middleware/StartSession.php(63): Illuminate/Session/Middleware/StartSession->handleStatefulRequest(Object(Illuminate/Http/Request), Object(Illuminate/Session/Store), Object(Closure))
#16 C:/xampp/htdocs/ERP_Model_file/vendor/laravel/framework/src/Illuminate/Pipeline/Pipeline.php(219): Illuminate/Session/Middleware/StartSession->handle(Object(Illuminate/Http/Request), Object(Closure))
#17 C:/xampp/htdocs/ERP_Model_file/vendor/laravel/framework/src/Illuminate/Cookie/Middleware/AddQueuedCookiesToResponse.php(36): Illuminate/Pipeline/Pipeline->Illuminate/Pipeline/{closure}(Object(Illuminate/Http/Request))
#18 C:/xampp/htdocs/ERP_Model_file/vendor/laravel/framework/src/Illuminate/Pipeline/Pipeline.php(219): Illuminate/Cookie/Middleware/AddQueuedCookiesToResponse->handle(Object(Illuminate/Http/Request), Object(Closure))
#19 C:/xampp/htdocs/ERP_Model_file/vendor/laravel/framework/src/Illuminate/Cookie/Middleware/EncryptCookies.php(74): Illuminate/Pipeline/Pipeline->Illuminate/Pipeline/{closure}(Object(Illuminate/Http/Request))
#20 C:/xampp/htdocs/ERP_Model_file/vendor/laravel/framework/src/Illuminate/Pipeline/Pipeline.php(219): Illuminate/Cookie/Middleware/EncryptCookies->handle(Object(Illuminate/Http/Request), Object(Closure))
#21 C:/xampp/htdocs/ERP_Model_file/vendor/laravel/framework/src/Illuminate/Pipeline/Pipeline.php(137): Illuminate/Pipeline/Pipeline->Illuminate/Pipeline/{closure}(Object(Illuminate/Http/Request))
#22 C:/xampp/htdocs/ERP_Model_file/vendor/laravel/framework/src/Illuminate/Routing/Router.php(821): Illuminate/Pipeline/Pipeline->then(Object(Closure))
#23 C:/xampp/htdocs/ERP_Model_file/vendor/laravel/framework/src/Illuminate/Routing/Router.php(800): Illuminate/Routing/Router->runRouteWithinStack(Object(Illuminate/Routing/Route), Object(Illuminate/Http/Request))
#24 C:/xampp/htdocs/ERP_Model_file/vendor/laravel/framework/src/Illuminate/Routing/Router.php(764): Illuminate/Routing/Router->runRoute(Object(Illuminate/Http/Request), Object(Illuminate/Routing/Route))
#25 C:/xampp/htdocs/ERP_Model_file/vendor/laravel/framework/src/Illuminate/Routing/Router.php(753): Illuminate/Routing/Router->dispatchToRoute(Object(Illuminate/Http/Request))
#26 C:/xampp/htdocs/ERP_Model_file/vendor/laravel/framework/src/Illuminate/Foundation/Http/Kernel.php(200): Illuminate/Routing/Router->dispatch(Object(Illuminate/Http/Request))
#27 C:/xampp/htdocs/ERP_Model_file/vendor/laravel/framework/src/Illuminate/Pipeline/Pipeline.php(180): Illuminate/Foundation/Http/Kernel->Illuminate/Foundation/Http/{closure}(Object(Illuminate/Http/Request))
#28 C:/xampp/htdocs/ERP_Model_file/vendor/laravel/framework/src/Illuminate/Foundation/Http/Middleware/TransformsRequest.php(21): Illuminate/Pipeline/Pipeline->Illuminate/Pipeline/{closure}(Object(Illuminate/Http/Request))
#29 C:/xampp/htdocs/ERP_Model_file/vendor/laravel/framework/src/Illuminate/Foundation/Http/Middleware/ConvertEmptyStringsToNull.php(31): Illuminate/Foundation/Http/Middleware/TransformsRequest->handle(Object(Illuminate/Http/Request), Object(Closure))
#30 C:/xampp/htdocs/ERP_Model_file/vendor/laravel/framework/src/Illuminate/Pipeline/Pipeline.php(219): Illuminate/Foundation/Http/Middleware/ConvertEmptyStringsToNull->handle(Object(Illuminate/Http/Request), Object(Closure))
#31 C:/xampp/htdocs/ERP_Model_file/vendor/laravel/framework/src/Illuminate/Foundation/Http/Middleware/TransformsRequest.php(21): Illuminate/Pipeline/Pipeline->Illuminate/Pipeline/{closure}(Object(Illuminate/Http/Request))
#32 C:/xampp/htdocs/ERP_Model_file/vendor/laravel/framework/src/Illuminate/Foundation/Http/Middleware/TrimStrings.php(51): Illuminate/Foundation/Http/Middleware/TransformsRequest->handle(Object(Illuminate/Http/Request), Object(Closure))
#33 C:/xampp/htdocs/ERP_Model_file/vendor/laravel/framework/src/Illuminate/Pipeline/Pipeline.php(219): Illuminate/Foundation/Http/Middleware/TrimStrings->handle(Object(Illuminate/Http/Request), Object(Closure))
#34 C:/xampp/htdocs/ERP_Model_file/vendor/laravel/framework/src/Illuminate/Http/Middleware/ValidatePostSize.php(27): Illuminate/Pipeline/Pipeline->Illuminate/Pipeline/{closure}(Object(Illuminate/Http/Request))
#35 C:/xampp/htdocs/ERP_Model_file/vendor/laravel/framework/src/Illuminate/Pipeline/Pipeline.php(219): Illuminate/Http/Middleware/ValidatePostSize->handle(Object(Illuminate/Http/Request), Object(Closure))
#36 C:/xampp/htdocs/ERP_Model_file/vendor/laravel/framework/src/Illuminate/Foundation/Http/Middleware/PreventRequestsDuringMaintenance.php(109): Illuminate/Pipeline/Pipeline->Illuminate/Pipeline/{closure}(Object(Illuminate/Http/Request))
#37 C:/xampp/htdocs/ERP_Model_file/vendor/laravel/framework/src/Illuminate/Pipeline/Pipeline.php(219): Illuminate/Foundation/Http/Middleware/PreventRequestsDuringMaintenance->handle(Object(Illuminate/Http/Request), Object(Closure))
#38 C:/xampp/htdocs/ERP_Model_file/vendor/laravel/framework/src/Illuminate/Http/Middleware/HandleCors.php(61): Illuminate/Pipeline/Pipeline->Illuminate/Pipeline/{closure}(Object(Illuminate/Http/Request))
#39 C:/xampp/htdocs/ERP_Model_file/vendor/laravel/framework/src/Illuminate/Pipeline/Pipeline.php(219): Illuminate/Http/Middleware/HandleCors->handle(Object(Illuminate/Http/Request), Object(Closure))
#40 C:/xampp/htdocs/ERP_Model_file/vendor/laravel/framework/src/Illuminate/Http/Middleware/TrustProxies.php(58): Illuminate/Pipeline/Pipeline->Illuminate/Pipeline/{closure}(Object(Illuminate/Http/Request))
#41 C:/xampp/htdocs/ERP_Model_file/vendor/laravel/framework/src/Illuminate/Pipeline/Pipeline.php(219): Illuminate/Http/Middleware/TrustProxies->handle(Object(Illuminate/Http/Request), Object(Closure))
#42 C:/xampp/htdocs/ERP_Model_file/vendor/laravel/framework/src/Illuminate/Foundation/Http/Middleware/InvokeDeferredCallbacks.php(22): Illuminate/Pipeline/Pipeline->Illuminate/Pipeline/{closure}(Object(Illuminate/Http/Request))
#43 C:/xampp/htdocs/ERP_Model_file/vendor/laravel/framework/src/Illuminate/Pipeline/Pipeline.php(219): Illuminate/Foundation/Http/Middleware/InvokeDeferredCallbacks->handle(Object(Illuminate/Http/Request), Object(Closure))
#44 C:/xampp/htdocs/ERP_Model_file/vendor/laravel/framework/src/Illuminate/Http/Middleware/ValidatePathEncoding.php(26): Illuminate/Pipeline/Pipeline->Illuminate/Pipeline/{closure}(Object(Illuminate/Http/Request))
#45 C:/xampp/htdocs/ERP_Model_file/vendor/laravel/framework/src/Illuminate/Pipeline/Pipeline.php(219): Illuminate/Http/Middleware/ValidatePathEncoding->handle(Object(Illuminate/Http/Request), Object(Closure))
#46 C:/xampp/htdocs/ERP_Model_file/vendor/laravel/framework/src/Illuminate/Pipeline/Pipeline.php(137): Illuminate/Pipeline/Pipeline->Illuminate/Pipeline/{closure}(Object(Illuminate/Http/Request))
#47 C:/xampp/htdocs/ERP_Model_file/vendor/laravel/framework/src/Illuminate/Foundation/Http/Kernel.php(175): Illuminate/Pipeline/Pipeline->then(Object(Closure))
#48 C:/xampp/htdocs/ERP_Model_file/vendor/laravel/framework/src/Illuminate/Foundation/Http/Kernel.php(144): Illuminate/Foundation/Http/Kernel->sendRequestThroughRouter(Object(Illuminate/Http/Request))
#49 C:/xampp/htdocs/ERP_Model_file/vendor/laravel/framework/src/Illuminate/Foundation/Application.php(1220): Illuminate/Foundation/Http/Kernel->handle(Object(Illuminate/Http/Request))
#50 C:/xampp/htdocs/ERP_Model_file/public/index.php(20): Illuminate/Foundation/Application->handleRequest(Object(Illuminate/Http/Request))
#51 C:/xampp/htdocs/ERP_Model_file/vendor/laravel/framework/src/Illuminate/Foundation/resources/server.php(23): require_once('C://xampp//htdocs...')
#52 {main}
"} 
[2026-06-22 07:48:58] local.WARNING: Activity log not available: SQLSTATE[42S02]: Base table or view not found: 1146 Table 'erp_model.activity_log' doesn't exist (Connection: mysql, Host: 127.0.0.1, Port: 3306, Database: erp_model, SQL: insert into `activity_log` (`log_name`, `properties`, `causer_id`, `causer_type`, `batch_uuid`, `subject_id`, `subject_type`, `description`, `updated_at`, `created_at`) values (default, {"type":"adjustment","quantity":9,"new_balance":9}, 2, App\Models\User, ?, 3, App\Models\WarehouseStock, Manual stock adjustment, 2026-06-22 07:48:58, 2026-06-22 07:48:58))  
[2026-06-22 07:57:23] local.ERROR: Method Spatie\Activitylog\ActivityLogger::get does not exist. {"userId":2,"exception":"[object] (BadMethodCallException(code: 0): Method Spatie\\Activitylog\\ActivityLogger::get does not exist. at C:/xampp/htdocs/ERP_Model_file/vendor/laravel/framework/src/Illuminate/Macroable/Traits/Macroable.php:117)
[stacktrace]
#0 C:/xampp/htdocs/ERP_Model_file/app/Http/Controllers/Admin/PurchaseOrderController.php(102): Spatie/Activitylog/ActivityLogger->__call('get', Array)
#1 C:/xampp/htdocs/ERP_Model_file/vendor/laravel/framework/src/Illuminate/Routing/ControllerDispatcher.php(46): App/Http/Controllers/Admin/PurchaseOrderController->show(Object(App/Models/PurchaseOrder))
#2 C:/xampp/htdocs/ERP_Model_file/vendor/laravel/framework/src/Illuminate/Routing/Route.php(265): Illuminate/Routing/ControllerDispatcher->dispatch(Object(Illuminate/Routing/Route), Object(App/Http/Controllers/Admin/PurchaseOrderController), 'show')
#3 C:/xampp/htdocs/ERP_Model_file/vendor/laravel/framework/src/Illuminate/Routing/Route.php(211): Illuminate/Routing/Route->runController()
#4 C:/xampp/htdocs/ERP_Model_file/vendor/laravel/framework/src/Illuminate/Routing/Router.php(822): Illuminate/Routing/Route->run()
#5 C:/xampp/htdocs/ERP_Model_file/vendor/laravel/framework/src/Illuminate/Pipeline/Pipeline.php(180): Illuminate/Routing/Router->Illuminate/Routing/{closure}(Object(Illuminate/Http/Request))
#6 C:/xampp/htdocs/ERP_Model_file/vendor/laravel/framework/src/Illuminate/Routing/Middleware/SubstituteBindings.php(50): Illuminate/Pipeline/Pipeline->Illuminate/Pipeline/{closure}(Object(Illuminate/Http/Request))
#7 C:/xampp/htdocs/ERP_Model_file/vendor/laravel/framework/src/Illuminate/Pipeline/Pipeline.php(219): Illuminate/Routing/Middleware/SubstituteBindings->handle(Object(Illuminate/Http/Request), Object(Closure))
#8 C:/xampp/htdocs/ERP_Model_file/vendor/laravel/framework/src/Illuminate/Auth/Middleware/Authenticate.php(63): Illuminate/Pipeline/Pipeline->Illuminate/Pipeline/{closure}(Object(Illuminate/Http/Request))
#9 C:/xampp/htdocs/ERP_Model_file/vendor/laravel/framework/src/Illuminate/Pipeline/Pipeline.php(219): Illuminate/Auth/Middleware/Authenticate->handle(Object(Illuminate/Http/Request), Object(Closure))
#10 C:/xampp/htdocs/ERP_Model_file/vendor/laravel/framework/src/Illuminate/Foundation/Http/Middleware/VerifyCsrfToken.php(87): Illuminate/Pipeline/Pipeline->Illuminate/Pipeline/{closure}(Object(Illuminate/Http/Request))
#11 C:/xampp/htdocs/ERP_Model_file/vendor/laravel/framework/src/Illuminate/Pipeline/Pipeline.php(219): Illuminate/Foundation/Http/Middleware/VerifyCsrfToken->handle(Object(Illuminate/Http/Request), Object(Closure))
#12 C:/xampp/htdocs/ERP_Model_file/vendor/laravel/framework/src/Illuminate/View/Middleware/ShareErrorsFromSession.php(48): Illuminate/Pipeline/Pipeline->Illuminate/Pipeline/{closure}(Object(Illuminate/Http/Request))
#13 C:/xampp/htdocs/ERP_Model_file/vendor/laravel/framework/src/Illuminate/Pipeline/Pipeline.php(219): Illuminate/View/Middleware/ShareErrorsFromSession->handle(Object(Illuminate/Http/Request), Object(Closure))
#14 C:/xampp/htdocs/ERP_Model_file/vendor/laravel/framework/src/Illuminate/Session/Middleware/StartSession.php(120): Illuminate/Pipeline/Pipeline->Illuminate/Pipeline/{closure}(Object(Illuminate/Http/Request))
#15 C:/xampp/htdocs/ERP_Model_file/vendor/laravel/framework/src/Illuminate/Session/Middleware/StartSession.php(63): Illuminate/Session/Middleware/StartSession->handleStatefulRequest(Object(Illuminate/Http/Request), Object(Illuminate/Session/Store), Object(Closure))
#16 C:/xampp/htdocs/ERP_Model_file/vendor/laravel/framework/src/Illuminate/Pipeline/Pipeline.php(219): Illuminate/Session/Middleware/StartSession->handle(Object(Illuminate/Http/Request), Object(Closure))
#17 C:/xampp/htdocs/ERP_Model_file/vendor/laravel/framework/src/Illuminate/Cookie/Middleware/AddQueuedCookiesToResponse.php(36): Illuminate/Pipeline/Pipeline->Illuminate/Pipeline/{closure}(Object(Illuminate/Http/Request))
#18 C:/xampp/htdocs/ERP_Model_file/vendor/laravel/framework/src/Illuminate/Pipeline/Pipeline.php(219): Illuminate/Cookie/Middleware/AddQueuedCookiesToResponse->handle(Object(Illuminate/Http/Request), Object(Closure))
#19 C:/xampp/htdocs/ERP_Model_file/vendor/laravel/framework/src/Illuminate/Cookie/Middleware/EncryptCookies.php(74): Illuminate/Pipeline/Pipeline->Illuminate/Pipeline/{closure}(Object(Illuminate/Http/Request))
#20 C:/xampp/htdocs/ERP_Model_file/vendor/laravel/framework/src/Illuminate/Pipeline/Pipeline.php(219): Illuminate/Cookie/Middleware/EncryptCookies->handle(Object(Illuminate/Http/Request), Object(Closure))
#21 C:/xampp/htdocs/ERP_Model_file/vendor/laravel/framework/src/Illuminate/Pipeline/Pipeline.php(137): Illuminate/Pipeline/Pipeline->Illuminate/Pipeline/{closure}(Object(Illuminate/Http/Request))
#22 C:/xampp/htdocs/ERP_Model_file/vendor/laravel/framework/src/Illuminate/Routing/Router.php(821): Illuminate/Pipeline/Pipeline->then(Object(Closure))
#23 C:/xampp/htdocs/ERP_Model_file/vendor/laravel/framework/src/Illuminate/Routing/Router.php(800): Illuminate/Routing/Router->runRouteWithinStack(Object(Illuminate/Routing/Route), Object(Illuminate/Http/Request))
#24 C:/xampp/htdocs/ERP_Model_file/vendor/laravel/framework/src/Illuminate/Routing/Router.php(764): Illuminate/Routing/Router->runRoute(Object(Illuminate/Http/Request), Object(Illuminate/Routing/Route))
#25 C:/xampp/htdocs/ERP_Model_file/vendor/laravel/framework/src/Illuminate/Routing/Router.php(753): Illuminate/Routing/Router->dispatchToRoute(Object(Illuminate/Http/Request))
#26 C:/xampp/htdocs/ERP_Model_file/vendor/laravel/framework/src/Illuminate/Foundation/Http/Kernel.php(200): Illuminate/Routing/Router->dispatch(Object(Illuminate/Http/Request))
#27 C:/xampp/htdocs/ERP_Model_file/vendor/laravel/framework/src/Illuminate/Pipeline/Pipeline.php(180): Illuminate/Foundation/Http/Kernel->Illuminate/Foundation/Http/{closure}(Object(Illuminate/Http/Request))
#28 C:/xampp/htdocs/ERP_Model_file/vendor/laravel/framework/src/Illuminate/Foundation/Http/Middleware/TransformsRequest.php(21): Illuminate/Pipeline/Pipeline->Illuminate/Pipeline/{closure}(Object(Illuminate/Http/Request))
#29 C:/xampp/htdocs/ERP_Model_file/vendor/laravel/framework/src/Illuminate/Foundation/Http/Middleware/ConvertEmptyStringsToNull.php(31): Illuminate/Foundation/Http/Middleware/TransformsRequest->handle(Object(Illuminate/Http/Request), Object(Closure))
#30 C:/xampp/htdocs/ERP_Model_file/vendor/laravel/framework/src/Illuminate/Pipeline/Pipeline.php(219): Illuminate/Foundation/Http/Middleware/ConvertEmptyStringsToNull->handle(Object(Illuminate/Http/Request), Object(Closure))
#31 C:/xampp/htdocs/ERP_Model_file/vendor/laravel/framework/src/Illuminate/Foundation/Http/Middleware/TransformsRequest.php(21): Illuminate/Pipeline/Pipeline->Illuminate/Pipeline/{closure}(Object(Illuminate/Http/Request))
#32 C:/xampp/htdocs/ERP_Model_file/vendor/laravel/framework/src/Illuminate/Foundation/Http/Middleware/TrimStrings.php(51): Illuminate/Foundation/Http/Middleware/TransformsRequest->handle(Object(Illuminate/Http/Request), Object(Closure))
#33 C:/xampp/htdocs/ERP_Model_file/vendor/laravel/framework/src/Illuminate/Pipeline/Pipeline.php(219): Illuminate/Foundation/Http/Middleware/TrimStrings->handle(Object(Illuminate/Http/Request), Object(Closure))
#34 C:/xampp/htdocs/ERP_Model_file/vendor/laravel/framework/src/Illuminate/Http/Middleware/ValidatePostSize.php(27): Illuminate/Pipeline/Pipeline->Illuminate/Pipeline/{closure}(Object(Illuminate/Http/Request))
#35 C:/xampp/htdocs/ERP_Model_file/vendor/laravel/framework/src/Illuminate/Pipeline/Pipeline.php(219): Illuminate/Http/Middleware/ValidatePostSize->handle(Object(Illuminate/Http/Request), Object(Closure))
#36 C:/xampp/htdocs/ERP_Model_file/vendor/laravel/framework/src/Illuminate/Foundation/Http/Middleware/PreventRequestsDuringMaintenance.php(109): Illuminate/Pipeline/Pipeline->Illuminate/Pipeline/{closure}(Object(Illuminate/Http/Request))
#37 C:/xampp/htdocs/ERP_Model_file/vendor/laravel/framework/src/Illuminate/Pipeline/Pipeline.php(219): Illuminate/Foundation/Http/Middleware/PreventRequestsDuringMaintenance->handle(Object(Illuminate/Http/Request), Object(Closure))
#38 C:/xampp/htdocs/ERP_Model_file/vendor/laravel/framework/src/Illuminate/Http/Middleware/HandleCors.php(61): Illuminate/Pipeline/Pipeline->Illuminate/Pipeline/{closure}(Object(Illuminate/Http/Request))
#39 C:/xampp/htdocs/ERP_Model_file/vendor/laravel/framework/src/Illuminate/Pipeline/Pipeline.php(219): Illuminate/Http/Middleware/HandleCors->handle(Object(Illuminate/Http/Request), Object(Closure))
#40 C:/xampp/htdocs/ERP_Model_file/vendor/laravel/framework/src/Illuminate/Http/Middleware/TrustProxies.php(58): Illuminate/Pipeline/Pipeline->Illuminate/Pipeline/{closure}(Object(Illuminate/Http/Request))
#41 C:/xampp/htdocs/ERP_Model_file/vendor/laravel/framework/src/Illuminate/Pipeline/Pipeline.php(219): Illuminate/Http/Middleware/TrustProxies->handle(Object(Illuminate/Http/Request), Object(Closure))
#42 C:/xampp/htdocs/ERP_Model_file/vendor/laravel/framework/src/Illuminate/Foundation/Http/Middleware/InvokeDeferredCallbacks.php(22): Illuminate/Pipeline/Pipeline->Illuminate/Pipeline/{closure}(Object(Illuminate/Http/Request))
#43 C:/xampp/htdocs/ERP_Model_file/vendor/laravel/framework/src/Illuminate/Pipeline/Pipeline.php(219): Illuminate/Foundation/Http/Middleware/InvokeDeferredCallbacks->handle(Object(Illuminate/Http/Request), Object(Closure))
#44 C:/xampp/htdocs/ERP_Model_file/vendor/laravel/framework/src/Illuminate/Http/Middleware/ValidatePathEncoding.php(26): Illuminate/Pipeline/Pipeline->Illuminate/Pipeline/{closure}(Object(Illuminate/Http/Request))
#45 C:/xampp/htdocs/ERP_Model_file/vendor/laravel/framework/src/Illuminate/Pipeline/Pipeline.php(219): Illuminate/Http/Middleware/ValidatePathEncoding->handle(Object(Illuminate/Http/Request), Object(Closure))
#46 C:/xampp/htdocs/ERP_Model_file/vendor/laravel/framework/src/Illuminate/Pipeline/Pipeline.php(137): Illuminate/Pipeline/Pipeline->Illuminate/Pipeline/{closure}(Object(Illuminate/Http/Request))
#47 C:/xampp/htdocs/ERP_Model_file/vendor/laravel/framework/src/Illuminate/Foundation/Http/Kernel.php(175): Illuminate/Pipeline/Pipeline->then(Object(Closure))
#48 C:/xampp/htdocs/ERP_Model_file/vendor/laravel/framework/src/Illuminate/Foundation/Http/Kernel.php(144): Illuminate/Foundation/Http/Kernel->sendRequestThroughRouter(Object(Illuminate/Http/Request))
#49 C:/xampp/htdocs/ERP_Model_file/vendor/laravel/framework/src/Illuminate/Foundation/Application.php(1220): Illuminate/Foundation/Http/Kernel->handle(Object(Illuminate/Http/Request))
#50 C:/xampp/htdocs/ERP_Model_file/public/index.php(20): Illuminate/Foundation/Application->handleRequest(Object(Illuminate/Http/Request))
#51 C:/xampp/htdocs/ERP_Model_file/vendor/laravel/framework/src/Illuminate/Foundation/resources/server.php(23): require_once('C://xampp//htdocs...')
#52 {main}
"} 
[2026-06-22 08:44:53] local.ERROR: Method Spatie\Activitylog\ActivityLogger::get does not exist. {"userId":3,"exception":"[object] (BadMethodCallException(code: 0): Method Spatie\\Activitylog\\ActivityLogger::get does not exist. at C:/xampp/htdocs/ERP_Model_file/vendor/laravel/framework/src/Illuminate/Macroable/Traits/Macroable.php:117)
[stacktrace]
#0 C:/xampp/htdocs/ERP_Model_file/app/Http/Controllers/Admin/PurchaseOrderController.php(102): Spatie/Activitylog/ActivityLogger->__call('get', Array)
#1 C:/xampp/htdocs/ERP_Model_file/vendor/laravel/framework/src/Illuminate/Routing/ControllerDispatcher.php(46): App/Http/Controllers/Admin/PurchaseOrderController->show(Object(App/Models/PurchaseOrder))
#2 C:/xampp/htdocs/ERP_Model_file/vendor/laravel/framework/src/Illuminate/Routing/Route.php(265): Illuminate/Routing/ControllerDispatcher->dispatch(Object(Illuminate/Routing/Route), Object(App/Http/Controllers/Admin/PurchaseOrderController), 'show')
#3 C:/xampp/htdocs/ERP_Model_file/vendor/laravel/framework/src/Illuminate/Routing/Route.php(211): Illuminate/Routing/Route->runController()
#4 C:/xampp/htdocs/ERP_Model_file/vendor/laravel/framework/src/Illuminate/Routing/Router.php(822): Illuminate/Routing/Route->run()
#5 C:/xampp/htdocs/ERP_Model_file/vendor/laravel/framework/src/Illuminate/Pipeline/Pipeline.php(180): Illuminate/Routing/Router->Illuminate/Routing/{closure}(Object(Illuminate/Http/Request))
#6 C:/xampp/htdocs/ERP_Model_file/vendor/laravel/framework/src/Illuminate/Routing/Middleware/SubstituteBindings.php(50): Illuminate/Pipeline/Pipeline->Illuminate/Pipeline/{closure}(Object(Illuminate/Http/Request))
#7 C:/xampp/htdocs/ERP_Model_file/vendor/laravel/framework/src/Illuminate/Pipeline/Pipeline.php(219): Illuminate/Routing/Middleware/SubstituteBindings->handle(Object(Illuminate/Http/Request), Object(Closure))
#8 C:/xampp/htdocs/ERP_Model_file/vendor/laravel/framework/src/Illuminate/Auth/Middleware/Authenticate.php(63): Illuminate/Pipeline/Pipeline->Illuminate/Pipeline/{closure}(Object(Illuminate/Http/Request))
#9 C:/xampp/htdocs/ERP_Model_file/vendor/laravel/framework/src/Illuminate/Pipeline/Pipeline.php(219): Illuminate/Auth/Middleware/Authenticate->handle(Object(Illuminate/Http/Request), Object(Closure))
#10 C:/xampp/htdocs/ERP_Model_file/vendor/laravel/framework/src/Illuminate/Foundation/Http/Middleware/VerifyCsrfToken.php(87): Illuminate/Pipeline/Pipeline->Illuminate/Pipeline/{closure}(Object(Illuminate/Http/Request))
#11 C:/xampp/htdocs/ERP_Model_file/vendor/laravel/framework/src/Illuminate/Pipeline/Pipeline.php(219): Illuminate/Foundation/Http/Middleware/VerifyCsrfToken->handle(Object(Illuminate/Http/Request), Object(Closure))
#12 C:/xampp/htdocs/ERP_Model_file/vendor/laravel/framework/src/Illuminate/View/Middleware/ShareErrorsFromSession.php(48): Illuminate/Pipeline/Pipeline->Illuminate/Pipeline/{closure}(Object(Illuminate/Http/Request))
#13 C:/xampp/htdocs/ERP_Model_file/vendor/laravel/framework/src/Illuminate/Pipeline/Pipeline.php(219): Illuminate/View/Middleware/ShareErrorsFromSession->handle(Object(Illuminate/Http/Request), Object(Closure))
#14 C:/xampp/htdocs/ERP_Model_file/vendor/laravel/framework/src/Illuminate/Session/Middleware/StartSession.php(120): Illuminate/Pipeline/Pipeline->Illuminate/Pipeline/{closure}(Object(Illuminate/Http/Request))
#15 C:/xampp/htdocs/ERP_Model_file/vendor/laravel/framework/src/Illuminate/Session/Middleware/StartSession.php(63): Illuminate/Session/Middleware/StartSession->handleStatefulRequest(Object(Illuminate/Http/Request), Object(Illuminate/Session/Store), Object(Closure))
#16 C:/xampp/htdocs/ERP_Model_file/vendor/laravel/framework/src/Illuminate/Pipeline/Pipeline.php(219): Illuminate/Session/Middleware/StartSession->handle(Object(Illuminate/Http/Request), Object(Closure))
#17 C:/xampp/htdocs/ERP_Model_file/vendor/laravel/framework/src/Illuminate/Cookie/Middleware/AddQueuedCookiesToResponse.php(36): Illuminate/Pipeline/Pipeline->Illuminate/Pipeline/{closure}(Object(Illuminate/Http/Request))
#18 C:/xampp/htdocs/ERP_Model_file/vendor/laravel/framework/src/Illuminate/Pipeline/Pipeline.php(219): Illuminate/Cookie/Middleware/AddQueuedCookiesToResponse->handle(Object(Illuminate/Http/Request), Object(Closure))
#19 C:/xampp/htdocs/ERP_Model_file/vendor/laravel/framework/src/Illuminate/Cookie/Middleware/EncryptCookies.php(74): Illuminate/Pipeline/Pipeline->Illuminate/Pipeline/{closure}(Object(Illuminate/Http/Request))
#20 C:/xampp/htdocs/ERP_Model_file/vendor/laravel/framework/src/Illuminate/Pipeline/Pipeline.php(219): Illuminate/Cookie/Middleware/EncryptCookies->handle(Object(Illuminate/Http/Request), Object(Closure))
#21 C:/xampp/htdocs/ERP_Model_file/vendor/laravel/framework/src/Illuminate/Pipeline/Pipeline.php(137): Illuminate/Pipeline/Pipeline->Illuminate/Pipeline/{closure}(Object(Illuminate/Http/Request))
#22 C:/xampp/htdocs/ERP_Model_file/vendor/laravel/framework/src/Illuminate/Routing/Router.php(821): Illuminate/Pipeline/Pipeline->then(Object(Closure))
#23 C:/xampp/htdocs/ERP_Model_file/vendor/laravel/framework/src/Illuminate/Routing/Router.php(800): Illuminate/Routing/Router->runRouteWithinStack(Object(Illuminate/Routing/Route), Object(Illuminate/Http/Request))
#24 C:/xampp/htdocs/ERP_Model_file/vendor/laravel/framework/src/Illuminate/Routing/Router.php(764): Illuminate/Routing/Router->runRoute(Object(Illuminate/Http/Request), Object(Illuminate/Routing/Route))
#25 C:/xampp/htdocs/ERP_Model_file/vendor/laravel/framework/src/Illuminate/Routing/Router.php(753): Illuminate/Routing/Router->dispatchToRoute(Object(Illuminate/Http/Request))
#26 C:/xampp/htdocs/ERP_Model_file/vendor/laravel/framework/src/Illuminate/Foundation/Http/Kernel.php(200): Illuminate/Routing/Router->dispatch(Object(Illuminate/Http/Request))
#27 C:/xampp/htdocs/ERP_Model_file/vendor/laravel/framework/src/Illuminate/Pipeline/Pipeline.php(180): Illuminate/Foundation/Http/Kernel->Illuminate/Foundation/Http/{closure}(Object(Illuminate/Http/Request))
#28 C:/xampp/htdocs/ERP_Model_file/vendor/laravel/framework/src/Illuminate/Foundation/Http/Middleware/TransformsRequest.php(21): Illuminate/Pipeline/Pipeline->Illuminate/Pipeline/{closure}(Object(Illuminate/Http/Request))
#29 C:/xampp/htdocs/ERP_Model_file/vendor/laravel/framework/src/Illuminate/Foundation/Http/Middleware/ConvertEmptyStringsToNull.php(31): Illuminate/Foundation/Http/Middleware/TransformsRequest->handle(Object(Illuminate/Http/Request), Object(Closure))
#30 C:/xampp/htdocs/ERP_Model_file/vendor/laravel/framework/src/Illuminate/Pipeline/Pipeline.php(219): Illuminate/Foundation/Http/Middleware/ConvertEmptyStringsToNull->handle(Object(Illuminate/Http/Request), Object(Closure))
#31 C:/xampp/htdocs/ERP_Model_file/vendor/laravel/framework/src/Illuminate/Foundation/Http/Middleware/TransformsRequest.php(21): Illuminate/Pipeline/Pipeline->Illuminate/Pipeline/{closure}(Object(Illuminate/Http/Request))
#32 C:/xampp/htdocs/ERP_Model_file/vendor/laravel/framework/src/Illuminate/Foundation/Http/Middleware/TrimStrings.php(51): Illuminate/Foundation/Http/Middleware/TransformsRequest->handle(Object(Illuminate/Http/Request), Object(Closure))
#33 C:/xampp/htdocs/ERP_Model_file/vendor/laravel/framework/src/Illuminate/Pipeline/Pipeline.php(219): Illuminate/Foundation/Http/Middleware/TrimStrings->handle(Object(Illuminate/Http/Request), Object(Closure))
#34 C:/xampp/htdocs/ERP_Model_file/vendor/laravel/framework/src/Illuminate/Http/Middleware/ValidatePostSize.php(27): Illuminate/Pipeline/Pipeline->Illuminate/Pipeline/{closure}(Object(Illuminate/Http/Request))
#35 C:/xampp/htdocs/ERP_Model_file/vendor/laravel/framework/src/Illuminate/Pipeline/Pipeline.php(219): Illuminate/Http/Middleware/ValidatePostSize->handle(Object(Illuminate/Http/Request), Object(Closure))
#36 C:/xampp/htdocs/ERP_Model_file/vendor/laravel/framework/src/Illuminate/Foundation/Http/Middleware/PreventRequestsDuringMaintenance.php(109): Illuminate/Pipeline/Pipeline->Illuminate/Pipeline/{closure}(Object(Illuminate/Http/Request))
#37 C:/xampp/htdocs/ERP_Model_file/vendor/laravel/framework/src/Illuminate/Pipeline/Pipeline.php(219): Illuminate/Foundation/Http/Middleware/PreventRequestsDuringMaintenance->handle(Object(Illuminate/Http/Request), Object(Closure))
#38 C:/xampp/htdocs/ERP_Model_file/vendor/laravel/framework/src/Illuminate/Http/Middleware/HandleCors.php(61): Illuminate/Pipeline/Pipeline->Illuminate/Pipeline/{closure}(Object(Illuminate/Http/Request))
#39 C:/xampp/htdocs/ERP_Model_file/vendor/laravel/framework/src/Illuminate/Pipeline/Pipeline.php(219): Illuminate/Http/Middleware/HandleCors->handle(Object(Illuminate/Http/Request), Object(Closure))
#40 C:/xampp/htdocs/ERP_Model_file/vendor/laravel/framework/src/Illuminate/Http/Middleware/TrustProxies.php(58): Illuminate/Pipeline/Pipeline->Illuminate/Pipeline/{closure}(Object(Illuminate/Http/Request))
#41 C:/xampp/htdocs/ERP_Model_file/vendor/laravel/framework/src/Illuminate/Pipeline/Pipeline.php(219): Illuminate/Http/Middleware/TrustProxies->handle(Object(Illuminate/Http/Request), Object(Closure))
#42 C:/xampp/htdocs/ERP_Model_file/vendor/laravel/framework/src/Illuminate/Foundation/Http/Middleware/InvokeDeferredCallbacks.php(22): Illuminate/Pipeline/Pipeline->Illuminate/Pipeline/{closure}(Object(Illuminate/Http/Request))
#43 C:/xampp/htdocs/ERP_Model_file/vendor/laravel/framework/src/Illuminate/Pipeline/Pipeline.php(219): Illuminate/Foundation/Http/Middleware/InvokeDeferredCallbacks->handle(Object(Illuminate/Http/Request), Object(Closure))
#44 C:/xampp/htdocs/ERP_Model_file/vendor/laravel/framework/src/Illuminate/Http/Middleware/ValidatePathEncoding.php(26): Illuminate/Pipeline/Pipeline->Illuminate/Pipeline/{closure}(Object(Illuminate/Http/Request))
#45 C:/xampp/htdocs/ERP_Model_file/vendor/laravel/framework/src/Illuminate/Pipeline/Pipeline.php(219): Illuminate/Http/Middleware/ValidatePathEncoding->handle(Object(Illuminate/Http/Request), Object(Closure))
#46 C:/xampp/htdocs/ERP_Model_file/vendor/laravel/framework/src/Illuminate/Pipeline/Pipeline.php(137): Illuminate/Pipeline/Pipeline->Illuminate/Pipeline/{closure}(Object(Illuminate/Http/Request))
#47 C:/xampp/htdocs/ERP_Model_file/vendor/laravel/framework/src/Illuminate/Foundation/Http/Kernel.php(175): Illuminate/Pipeline/Pipeline->then(Object(Closure))
#48 C:/xampp/htdocs/ERP_Model_file/vendor/laravel/framework/src/Illuminate/Foundation/Http/Kernel.php(144): Illuminate/Foundation/Http/Kernel->sendRequestThroughRouter(Object(Illuminate/Http/Request))
#49 C:/xampp/htdocs/ERP_Model_file/vendor/laravel/framework/src/Illuminate/Foundation/Application.php(1220): Illuminate/Foundation/Http/Kernel->handle(Object(Illuminate/Http/Request))
#50 C:/xampp/htdocs/ERP_Model_file/public/index.php(20): Illuminate/Foundation/Application->handleRequest(Object(Illuminate/Http/Request))
#51 C:/xampp/htdocs/ERP_Model_file/vendor/laravel/framework/src/Illuminate/Foundation/resources/server.php(23): require_once('C://xampp//htdocs...')
#52 {main}
"} 
[2026-06-22 08:44:57] local.ERROR: Method Spatie\Activitylog\ActivityLogger::get does not exist. {"userId":3,"exception":"[object] (BadMethodCallException(code: 0): Method Spatie\\Activitylog\\ActivityLogger::get does not exist. at C:/xampp/htdocs/ERP_Model_file/vendor/laravel/framework/src/Illuminate/Macroable/Traits/Macroable.php:117)
[stacktrace]
#0 C:/xampp/htdocs/ERP_Model_file/app/Http/Controllers/Admin/PurchaseOrderController.php(102): Spatie/Activitylog/ActivityLogger->__call('get', Array)
#1 C:/xampp/htdocs/ERP_Model_file/vendor/laravel/framework/src/Illuminate/Routing/ControllerDispatcher.php(46): App/Http/Controllers/Admin/PurchaseOrderController->show(Object(App/Models/PurchaseOrder))
#2 C:/xampp/htdocs/ERP_Model_file/vendor/laravel/framework/src/Illuminate/Routing/Route.php(265): Illuminate/Routing/ControllerDispatcher->dispatch(Object(Illuminate/Routing/Route), Object(App/Http/Controllers/Admin/PurchaseOrderController), 'show')
#3 C:/xampp/htdocs/ERP_Model_file/vendor/laravel/framework/src/Illuminate/Routing/Route.php(211): Illuminate/Routing/Route->runController()
#4 C:/xampp/htdocs/ERP_Model_file/vendor/laravel/framework/src/Illuminate/Routing/Router.php(822): Illuminate/Routing/Route->run()
#5 C:/xampp/htdocs/ERP_Model_file/vendor/laravel/framework/src/Illuminate/Pipeline/Pipeline.php(180): Illuminate/Routing/Router->Illuminate/Routing/{closure}(Object(Illuminate/Http/Request))
#6 C:/xampp/htdocs/ERP_Model_file/vendor/laravel/framework/src/Illuminate/Routing/Middleware/SubstituteBindings.php(50): Illuminate/Pipeline/Pipeline->Illuminate/Pipeline/{closure}(Object(Illuminate/Http/Request))
#7 C:/xampp/htdocs/ERP_Model_file/vendor/laravel/framework/src/Illuminate/Pipeline/Pipeline.php(219): Illuminate/Routing/Middleware/SubstituteBindings->handle(Object(Illuminate/Http/Request), Object(Closure))
#8 C:/xampp/htdocs/ERP_Model_file/vendor/laravel/framework/src/Illuminate/Auth/Middleware/Authenticate.php(63): Illuminate/Pipeline/Pipeline->Illuminate/Pipeline/{closure}(Object(Illuminate/Http/Request))
#9 C:/xampp/htdocs/ERP_Model_file/vendor/laravel/framework/src/Illuminate/Pipeline/Pipeline.php(219): Illuminate/Auth/Middleware/Authenticate->handle(Object(Illuminate/Http/Request), Object(Closure))
#10 C:/xampp/htdocs/ERP_Model_file/vendor/laravel/framework/src/Illuminate/Foundation/Http/Middleware/VerifyCsrfToken.php(87): Illuminate/Pipeline/Pipeline->Illuminate/Pipeline/{closure}(Object(Illuminate/Http/Request))
#11 C:/xampp/htdocs/ERP_Model_file/vendor/laravel/framework/src/Illuminate/Pipeline/Pipeline.php(219): Illuminate/Foundation/Http/Middleware/VerifyCsrfToken->handle(Object(Illuminate/Http/Request), Object(Closure))
#12 C:/xampp/htdocs/ERP_Model_file/vendor/laravel/framework/src/Illuminate/View/Middleware/ShareErrorsFromSession.php(48): Illuminate/Pipeline/Pipeline->Illuminate/Pipeline/{closure}(Object(Illuminate/Http/Request))
#13 C:/xampp/htdocs/ERP_Model_file/vendor/laravel/framework/src/Illuminate/Pipeline/Pipeline.php(219): Illuminate/View/Middleware/ShareErrorsFromSession->handle(Object(Illuminate/Http/Request), Object(Closure))
#14 C:/xampp/htdocs/ERP_Model_file/vendor/laravel/framework/src/Illuminate/Session/Middleware/StartSession.php(120): Illuminate/Pipeline/Pipeline->Illuminate/Pipeline/{closure}(Object(Illuminate/Http/Request))
#15 C:/xampp/htdocs/ERP_Model_file/vendor/laravel/framework/src/Illuminate/Session/Middleware/StartSession.php(63): Illuminate/Session/Middleware/StartSession->handleStatefulRequest(Object(Illuminate/Http/Request), Object(Illuminate/Session/Store), Object(Closure))
#16 C:/xampp/htdocs/ERP_Model_file/vendor/laravel/framework/src/Illuminate/Pipeline/Pipeline.php(219): Illuminate/Session/Middleware/StartSession->handle(Object(Illuminate/Http/Request), Object(Closure))
#17 C:/xampp/htdocs/ERP_Model_file/vendor/laravel/framework/src/Illuminate/Cookie/Middleware/AddQueuedCookiesToResponse.php(36): Illuminate/Pipeline/Pipeline->Illuminate/Pipeline/{closure}(Object(Illuminate/Http/Request))
#18 C:/xampp/htdocs/ERP_Model_file/vendor/laravel/framework/src/Illuminate/Pipeline/Pipeline.php(219): Illuminate/Cookie/Middleware/AddQueuedCookiesToResponse->handle(Object(Illuminate/Http/Request), Object(Closure))
#19 C:/xampp/htdocs/ERP_Model_file/vendor/laravel/framework/src/Illuminate/Cookie/Middleware/EncryptCookies.php(74): Illuminate/Pipeline/Pipeline->Illuminate/Pipeline/{closure}(Object(Illuminate/Http/Request))
#20 C:/xampp/htdocs/ERP_Model_file/vendor/laravel/framework/src/Illuminate/Pipeline/Pipeline.php(219): Illuminate/Cookie/Middleware/EncryptCookies->handle(Object(Illuminate/Http/Request), Object(Closure))
#21 C:/xampp/htdocs/ERP_Model_file/vendor/laravel/framework/src/Illuminate/Pipeline/Pipeline.php(137): Illuminate/Pipeline/Pipeline->Illuminate/Pipeline/{closure}(Object(Illuminate/Http/Request))
#22 C:/xampp/htdocs/ERP_Model_file/vendor/laravel/framework/src/Illuminate/Routing/Router.php(821): Illuminate/Pipeline/Pipeline->then(Object(Closure))
#23 C:/xampp/htdocs/ERP_Model_file/vendor/laravel/framework/src/Illuminate/Routing/Router.php(800): Illuminate/Routing/Router->runRouteWithinStack(Object(Illuminate/Routing/Route), Object(Illuminate/Http/Request))
#24 C:/xampp/htdocs/ERP_Model_file/vendor/laravel/framework/src/Illuminate/Routing/Router.php(764): Illuminate/Routing/Router->runRoute(Object(Illuminate/Http/Request), Object(Illuminate/Routing/Route))
#25 C:/xampp/htdocs/ERP_Model_file/vendor/laravel/framework/src/Illuminate/Routing/Router.php(753): Illuminate/Routing/Router->dispatchToRoute(Object(Illuminate/Http/Request))
#26 C:/xampp/htdocs/ERP_Model_file/vendor/laravel/framework/src/Illuminate/Foundation/Http/Kernel.php(200): Illuminate/Routing/Router->dispatch(Object(Illuminate/Http/Request))
#27 C:/xampp/htdocs/ERP_Model_file/vendor/laravel/framework/src/Illuminate/Pipeline/Pipeline.php(180): Illuminate/Foundation/Http/Kernel->Illuminate/Foundation/Http/{closure}(Object(Illuminate/Http/Request))
#28 C:/xampp/htdocs/ERP_Model_file/vendor/laravel/framework/src/Illuminate/Foundation/Http/Middleware/TransformsRequest.php(21): Illuminate/Pipeline/Pipeline->Illuminate/Pipeline/{closure}(Object(Illuminate/Http/Request))
#29 C:/xampp/htdocs/ERP_Model_file/vendor/laravel/framework/src/Illuminate/Foundation/Http/Middleware/ConvertEmptyStringsToNull.php(31): Illuminate/Foundation/Http/Middleware/TransformsRequest->handle(Object(Illuminate/Http/Request), Object(Closure))
#30 C:/xampp/htdocs/ERP_Model_file/vendor/laravel/framework/src/Illuminate/Pipeline/Pipeline.php(219): Illuminate/Foundation/Http/Middleware/ConvertEmptyStringsToNull->handle(Object(Illuminate/Http/Request), Object(Closure))
#31 C:/xampp/htdocs/ERP_Model_file/vendor/laravel/framework/src/Illuminate/Foundation/Http/Middleware/TransformsRequest.php(21): Illuminate/Pipeline/Pipeline->Illuminate/Pipeline/{closure}(Object(Illuminate/Http/Request))
#32 C:/xampp/htdocs/ERP_Model_file/vendor/laravel/framework/src/Illuminate/Foundation/Http/Middleware/TrimStrings.php(51): Illuminate/Foundation/Http/Middleware/TransformsRequest->handle(Object(Illuminate/Http/Request), Object(Closure))
#33 C:/xampp/htdocs/ERP_Model_file/vendor/laravel/framework/src/Illuminate/Pipeline/Pipeline.php(219): Illuminate/Foundation/Http/Middleware/TrimStrings->handle(Object(Illuminate/Http/Request), Object(Closure))
#34 C:/xampp/htdocs/ERP_Model_file/vendor/laravel/framework/src/Illuminate/Http/Middleware/ValidatePostSize.php(27): Illuminate/Pipeline/Pipeline->Illuminate/Pipeline/{closure}(Object(Illuminate/Http/Request))
#35 C:/xampp/htdocs/ERP_Model_file/vendor/laravel/framework/src/Illuminate/Pipeline/Pipeline.php(219): Illuminate/Http/Middleware/ValidatePostSize->handle(Object(Illuminate/Http/Request), Object(Closure))
#36 C:/xampp/htdocs/ERP_Model_file/vendor/laravel/framework/src/Illuminate/Foundation/Http/Middleware/PreventRequestsDuringMaintenance.php(109): Illuminate/Pipeline/Pipeline->Illuminate/Pipeline/{closure}(Object(Illuminate/Http/Request))
#37 C:/xampp/htdocs/ERP_Model_file/vendor/laravel/framework/src/Illuminate/Pipeline/Pipeline.php(219): Illuminate/Foundation/Http/Middleware/PreventRequestsDuringMaintenance->handle(Object(Illuminate/Http/Request), Object(Closure))
#38 C:/xampp/htdocs/ERP_Model_file/vendor/laravel/framework/src/Illuminate/Http/Middleware/HandleCors.php(61): Illuminate/Pipeline/Pipeline->Illuminate/Pipeline/{closure}(Object(Illuminate/Http/Request))
#39 C:/xampp/htdocs/ERP_Model_file/vendor/laravel/framework/src/Illuminate/Pipeline/Pipeline.php(219): Illuminate/Http/Middleware/HandleCors->handle(Object(Illuminate/Http/Request), Object(Closure))
#40 C:/xampp/htdocs/ERP_Model_file/vendor/laravel/framework/src/Illuminate/Http/Middleware/TrustProxies.php(58): Illuminate/Pipeline/Pipeline->Illuminate/Pipeline/{closure}(Object(Illuminate/Http/Request))
#41 C:/xampp/htdocs/ERP_Model_file/vendor/laravel/framework/src/Illuminate/Pipeline/Pipeline.php(219): Illuminate/Http/Middleware/TrustProxies->handle(Object(Illuminate/Http/Request), Object(Closure))
#42 C:/xampp/htdocs/ERP_Model_file/vendor/laravel/framework/src/Illuminate/Foundation/Http/Middleware/InvokeDeferredCallbacks.php(22): Illuminate/Pipeline/Pipeline->Illuminate/Pipeline/{closure}(Object(Illuminate/Http/Request))
#43 C:/xampp/htdocs/ERP_Model_file/vendor/laravel/framework/src/Illuminate/Pipeline/Pipeline.php(219): Illuminate/Foundation/Http/Middleware/InvokeDeferredCallbacks->handle(Object(Illuminate/Http/Request), Object(Closure))
#44 C:/xampp/htdocs/ERP_Model_file/vendor/laravel/framework/src/Illuminate/Http/Middleware/ValidatePathEncoding.php(26): Illuminate/Pipeline/Pipeline->Illuminate/Pipeline/{closure}(Object(Illuminate/Http/Request))
#45 C:/xampp/htdocs/ERP_Model_file/vendor/laravel/framework/src/Illuminate/Pipeline/Pipeline.php(219): Illuminate/Http/Middleware/ValidatePathEncoding->handle(Object(Illuminate/Http/Request), Object(Closure))
#46 C:/xampp/htdocs/ERP_Model_file/vendor/laravel/framework/src/Illuminate/Pipeline/Pipeline.php(137): Illuminate/Pipeline/Pipeline->Illuminate/Pipeline/{closure}(Object(Illuminate/Http/Request))
#47 C:/xampp/htdocs/ERP_Model_file/vendor/laravel/framework/src/Illuminate/Foundation/Http/Kernel.php(175): Illuminate/Pipeline/Pipeline->then(Object(Closure))
#48 C:/xampp/htdocs/ERP_Model_file/vendor/laravel/framework/src/Illuminate/Foundation/Http/Kernel.php(144): Illuminate/Foundation/Http/Kernel->sendRequestThroughRouter(Object(Illuminate/Http/Request))
#49 C:/xampp/htdocs/ERP_Model_file/vendor/laravel/framework/src/Illuminate/Foundation/Application.php(1220): Illuminate/Foundation/Http/Kernel->handle(Object(Illuminate/Http/Request))
#50 C:/xampp/htdocs/ERP_Model_file/public/index.php(20): Illuminate/Foundation/Application->handleRequest(Object(Illuminate/Http/Request))
#51 C:/xampp/htdocs/ERP_Model_file/vendor/laravel/framework/src/Illuminate/Foundation/resources/server.php(23): require_once('C://xampp//htdocs...')
#52 {main}
"} 
